transaction_id,amount,previous_average,amount_ratio,is_new_device,is_unusual_location,is_unusual_time,is_rooted_emulator,velocity_1h,transaction_type,is_fraud
TXN_004599,10808.5,5098.35,2.12,0,0,0,0,1,UPI_P2M,0
TXN_003317,5506.4,4235.69,1.3,0,0,0,0,1,UPI_P2P,0
TXN_001846,8499.09,6537.76,1.3,0,0,0,0,1,UPI_P2M,0
TXN_005888,99091.52,13481.84,7.35,0,1,1,0,8,CRYPTO_ONRAMP,1
TXN_005414,1011.21,490.88,2.06,0,1,0,0,1,UPI_P2P,0
TXN_003006,11281.8,6098.27,1.85,0,0,0,0,1,UPI_P2M,0
TXN_004151,4608.58,5833.64,0.79,1,0,0,0,1,UPI_P2M,0
TXN_004086,11512.43,6325.51,1.82,0,0,1,0,1,UPI_P2M,0
TXN_004781,2930.2,6659.54,0.44,0,0,0,0,1,UPI_P2P,0
TXN_005887,8561.96,1321.29,6.48,1,1,0,1,4,IMPS_WIRE,1
TXN_000135,1684.93,1959.22,0.86,0,0,0,0,1,UPI_P2P,0
TXN_002547,3478.1,6688.65,0.52,0,0,0,0,1,IMPS_WIRE,0
TXN_000473,386.95,1209.21,0.32,0,0,0,0,1,IMPS_WIRE,0
TXN_000735,13534.4,7561.12,1.79,0,0,0,0,1,UPI_P2M,0
TXN_001661,1368.47,3182.5,0.43,0,1,0,0,1,UPI_P2M,0
TXN_000798,6874.06,4910.04,1.4,0,0,0,0,1,UPI_P2M,0
TXN_005677,15126.53,1460.09,10.36,0,1,1,1,4,UPI_P2P,1
TXN_000199,8110.97,7241.94,1.12,0,0,0,0,1,BILL_PAY,0
TXN_005659,29023.01,3264.68,8.89,1,1,1,0,6,IMPS_WIRE,1
TXN_004762,16108.62,10195.33,1.58,0,0,0,0,3,UPI_P2M,0
TXN_001706,1239.58,2253.79,0.55,0,0,0,0,1,UPI_P2M,0
TXN_005742,29881.67,2946.91,10.14,1,0,0,1,6,IMPS_WIRE,1
TXN_004379,1211.67,1317.03,0.92,0,0,0,0,2,UPI_P2P,0
TXN_004344,811.93,1727.52,0.47,0,0,0,0,1,UPI_P2M,0
TXN_002994,6889.83,3328.42,2.07,0,0,0,0,1,UPI_P2M,0
TXN_004051,13797.68,6329.21,2.18,0,0,0,0,2,UPI_P2M,0
TXN_002956,4583.54,2225.02,2.06,0,0,0,0,1,UPI_P2P,0
TXN_005976,86456.39,15549.71,5.56,0,1,1,0,6,UPI_P2P,1
TXN_002541,336.24,672.47,0.5,0,0,0,0,2,UPI_P2M,0
TXN_000051,772.77,511.77,1.51,0,0,0,0,1,IMPS_WIRE,0
TXN_003479,4966.65,3123.68,1.59,0,0,0,0,1,UPI_P2M,0
TXN_005333,1966.49,3511.59,0.56,0,0,0,0,1,UPI_P2M,0
TXN_003404,5669.54,5107.69,1.11,0,0,0,0,1,UPI_P2M,0
TXN_002564,2438.54,3166.94,0.77,0,0,0,0,1,UPI_P2M,0
TXN_001135,1712.89,1348.73,1.27,0,0,0,0,2,UPI_P2M,0
TXN_003311,878.04,820.6,1.07,0,0,0,0,1,UPI_P2M,0
TXN_004816,1624.71,1002.91,1.62,0,0,0,0,2,UPI_P2P,0
TXN_002181,891.79,615.03,1.45,0,1,0,0,1,UPI_P2M,0
TXN_005256,1161.09,853.74,1.36,0,0,0,0,2,UPI_P2M,0
TXN_003946,1223.28,970.86,1.26,0,1,0,0,1,UPI_P2M,0
TXN_004450,1407.03,673.22,2.09,0,0,0,0,1,UPI_P2M,0
TXN_001845,217.46,639.6,0.34,0,0,1,0,1,UPI_P2M,0
TXN_001566,11389.28,6123.27,1.86,1,0,0,0,1,UPI_P2M,0
TXN_001097,5831.8,4288.09,1.36,0,0,0,0,2,UPI_P2M,0
TXN_002323,7991.21,4673.22,1.71,0,0,0,0,4,UPI_P2P,0
TXN_001561,1159.13,1505.36,0.77,0,0,0,0,1,UPI_P2M,0
TXN_005917,67404.99,4930.87,13.67,1,1,1,0,4,CRYPTO_ONRAMP,1
TXN_002672,448.47,735.19,0.61,0,0,0,0,1,UPI_P2M,0
TXN_001510,1159.58,647.81,1.79,0,0,0,0,2,UPI_P2P,0
TXN_001486,1266.39,2076.05,0.61,0,0,0,0,1,IMPS_WIRE,0
TXN_004918,278.14,842.86,0.33,0,0,1,0,1,UPI_P2P,0
TXN_004287,1282.48,1583.31,0.81,0,0,0,0,2,UPI_P2M,0
TXN_000186,254.69,771.79,0.33,0,0,0,0,2,UPI_P2M,0
TXN_001195,7534.3,4679.69,1.61,0,0,0,0,2,UPI_P2M,0
TXN_000821,5923.29,3117.52,1.9,0,1,0,0,4,UPI_P2P,0
TXN_003584,8511.87,7275.1,1.17,0,0,0,0,1,UPI_P2M,0
TXN_002101,4716.11,7038.97,0.67,0,0,0,0,1,UPI_P2M,0
TXN_005992,14728.01,2778.87,5.3,1,1,0,0,4,IMPS_WIRE,1
TXN_001880,4450.26,2367.16,1.88,0,0,0,0,3,UPI_P2M,0
TXN_005089,6031.53,5433.81,1.11,0,0,0,0,1,UPI_P2P,0
TXN_000451,425.49,1215.68,0.35,0,0,0,0,1,UPI_P2M,0
TXN_002962,1640.76,1072.39,1.53,0,0,1,0,1,UPI_P2P,0
TXN_004468,5609.8,3690.66,1.52,0,0,0,0,1,UPI_P2M,0
TXN_001533,3288.16,4059.46,0.81,0,0,0,0,1,UPI_P2P,0
TXN_003555,8572.34,7864.53,1.09,1,0,0,0,3,UPI_P2M,0
TXN_004637,4298.46,4214.18,1.02,0,0,0,0,2,UPI_P2M,0
TXN_002165,1323.19,715.24,1.85,0,0,0,0,2,UPI_P2P,0
TXN_003222,1760.78,4891.05,0.36,0,0,1,0,1,UPI_P2M,0
TXN_000286,5236.36,2925.34,1.79,0,0,0,0,1,UPI_P2M,0
TXN_000561,17142.0,8085.85,2.12,0,0,0,0,1,UPI_P2P,0
TXN_001980,215.27,581.82,0.37,0,0,0,0,1,BILL_PAY,0
TXN_003909,2974.55,1423.23,2.09,0,0,0,0,1,UPI_P2M,0
TXN_004414,3791.94,4077.35,0.93,0,0,0,0,1,UPI_P2M,0
TXN_002118,426.65,474.05,0.9,0,0,0,0,1,UPI_P2M,0
TXN_002588,4562.04,2465.97,1.85,0,0,0,0,1,BILL_PAY,0
TXN_000478,2368.1,2299.13,1.03,0,0,0,0,1,UPI_P2M,0
TXN_001593,3871.11,2932.66,1.32,0,0,0,0,1,BILL_PAY,0
TXN_000520,572.9,636.56,0.9,0,0,0,0,2,UPI_P2P,0
TXN_003213,1442.93,2404.89,0.6,1,0,0,0,1,BILL_PAY,0
TXN_000533,3935.06,2314.74,1.7,0,0,0,0,2,UPI_P2P,0
TXN_000801,1042.5,1145.6,0.91,0,0,0,0,1,UPI_P2P,0
TXN_001715,10499.51,7394.02,1.42,0,0,0,0,1,IMPS_WIRE,0
TXN_003292,2350.08,5108.88,0.46,0,0,0,0,1,UPI_P2M,0
TXN_001043,3884.99,3107.99,1.25,0,0,0,0,2,UPI_P2M,0
TXN_001360,2370.48,6972.0,0.34,0,0,0,0,1,UPI_P2M,0
TXN_002126,865.6,2060.95,0.42,0,0,0,0,2,IMPS_WIRE,0
TXN_004895,965.93,2840.97,0.34,0,0,0,0,1,UPI_P2M,0
TXN_005316,5531.05,3234.53,1.71,0,0,0,0,1,UPI_P2M,0
TXN_004616,1410.62,2661.54,0.53,0,0,0,0,1,UPI_P2M,0
TXN_005967,4362.72,741.96,5.88,1,1,1,0,4,UPI_P2P,1
TXN_001847,4218.44,5624.59,0.75,0,0,0,0,1,UPI_P2P,0
TXN_004763,792.84,671.9,1.18,0,0,0,0,3,UPI_P2M,0
TXN_005398,1013.09,1066.41,0.95,0,0,0,0,1,UPI_P2M,0
TXN_001417,715.25,841.47,0.85,0,0,0,0,2,UPI_P2P,0
TXN_001131,8068.91,5603.41,1.44,1,0,0,0,1,UPI_P2P,0
TXN_003937,20412.31,10257.44,1.99,0,0,0,0,4,UPI_P2M,0
TXN_004978,994.72,1036.17,0.96,0,0,0,0,1,UPI_P2P,0
TXN_000461,9224.72,7499.77,1.23,0,0,0,0,2,UPI_P2P,0
TXN_002867,5455.65,4133.07,1.32,0,0,0,0,1,UPI_P2M,0
TXN_001622,5062.08,3124.74,1.62,0,0,0,0,2,UPI_P2M,0
TXN_005449,454.12,639.61,0.71,0,0,0,0,1,UPI_P2P,0
TXN_004685,8238.85,5884.89,1.4,0,0,0,0,1,UPI_P2M,0
TXN_001362,6675.36,5705.44,1.17,0,0,1,0,1,UPI_P2M,0
TXN_005563,775.11,464.14,1.67,0,0,0,0,2,UPI_P2M,0
TXN_000684,9751.27,4803.58,2.03,0,0,0,0,4,UPI_P2M,0
TXN_000625,13637.69,9277.34,1.47,0,0,0,0,1,UPI_P2M,0
TXN_000075,485.53,584.98,0.83,0,0,0,0,1,UPI_P2M,0
TXN_002995,7881.94,4237.6,1.86,0,0,0,0,2,UPI_P2P,0
TXN_001318,7488.15,4769.52,1.57,0,0,0,0,1,UPI_P2M,0
TXN_003859,2632.71,1284.25,2.05,0,0,0,0,3,UPI_P2M,0
TXN_005000,1543.02,2173.27,0.71,0,0,0,0,2,UPI_P2P,0
TXN_003969,4081.94,2894.99,1.41,0,0,0,0,1,UPI_P2M,0
TXN_005631,1319.17,1516.29,0.87,0,0,0,0,1,UPI_P2M,0
TXN_002381,5909.02,2710.56,2.18,0,0,0,0,3,UPI_P2M,0
TXN_002561,3583.86,1739.74,2.06,0,0,0,0,1,UPI_P2P,0
TXN_004624,3191.39,2751.2,1.16,0,0,0,0,1,UPI_P2M,0
TXN_003623,612.99,1571.77,0.39,0,0,0,0,1,UPI_P2M,0
TXN_005337,768.74,1201.16,0.64,0,0,0,0,3,UPI_P2M,0
TXN_003905,489.42,1439.48,0.34,0,0,0,0,2,BILL_PAY,0
TXN_001321,819.32,1638.64,0.5,0,0,0,0,1,BILL_PAY,0
TXN_001413,3358.58,1758.42,1.91,0,0,0,0,3,UPI_P2P,0
TXN_002754,2598.11,2855.07,0.91,0,0,1,0,1,UPI_P2M,0
TXN_003871,2220.42,3640.03,0.61,0,0,0,0,1,UPI_P2P,0
TXN_002212,6050.39,3601.42,1.68,0,0,0,0,1,UPI_P2M,0
TXN_004711,12644.15,9435.93,1.34,0,0,1,0,1,UPI_P2M,0
TXN_005508,15815.44,7677.4,2.06,1,0,0,0,1,UPI_P2M,0
TXN_003858,1398.82,662.95,2.11,0,0,0,0,1,UPI_P2M,0
TXN_004446,2845.08,1513.34,1.88,0,0,0,0,3,UPI_P2M,0
TXN_000828,1499.74,721.03,2.08,0,0,0,0,3,UPI_P2M,0
TXN_005105,751.58,501.05,1.5,1,0,0,0,1,UPI_P2M,0
TXN_002178,4533.19,3126.34,1.45,0,0,0,0,2,UPI_P2M,0
TXN_004915,8675.47,5561.2,1.56,0,0,0,0,2,UPI_P2P,0
TXN_004810,3223.7,4884.39,0.66,0,0,0,0,2,IMPS_WIRE,0
TXN_005915,4815.39,1040.04,4.63,1,1,1,1,12,IMPS_WIRE,1
TXN_003676,683.29,1798.13,0.38,0,0,0,0,1,UPI_P2P,0
TXN_001823,3187.95,5403.31,0.59,0,0,0,0,1,UPI_P2M,0
TXN_001376,3348.86,2119.53,1.58,0,0,0,0,3,UPI_P2M,0
TXN_005227,13545.49,6705.69,2.02,0,0,0,0,1,UPI_P2P,0
TXN_002589,3669.49,7977.16,0.46,0,0,0,0,2,UPI_P2P,0
TXN_001799,1773.89,1313.99,1.35,0,0,0,0,1,UPI_P2P,0
TXN_002604,6853.88,6065.38,1.13,0,0,0,0,1,UPI_P2M,0
TXN_003878,2397.46,1393.87,1.72,0,0,0,0,2,UPI_P2P,0
TXN_000019,819.04,1671.51,0.49,0,0,0,0,1,UPI_P2M,0
TXN_000421,695.96,446.13,1.56,0,0,1,0,1,UPI_P2P,0
TXN_003260,8536.73,14227.89,0.6,0,0,0,0,1,UPI_P2M,0
TXN_000031,1740.42,2122.46,0.82,0,0,0,0,1,UPI_P2M,0
TXN_001352,286.95,869.56,0.33,0,0,0,0,1,UPI_P2P,0
TXN_004428,1458.61,2701.13,0.54,0,0,0,0,1,UPI_P2M,0
TXN_000569,8764.57,7068.2,1.24,0,0,0,0,1,UPI_P2M,0
TXN_003997,1368.7,1520.78,0.9,0,1,0,0,2,UPI_P2P,0
TXN_001813,1124.27,1405.34,0.8,0,0,0,0,1,UPI_P2P,0
TXN_004427,809.81,502.99,1.61,0,0,0,0,1,BILL_PAY,0
TXN_003278,8925.86,5409.61,1.65,0,0,0,0,1,UPI_P2M,0
TXN_003962,489.59,1087.97,0.45,0,0,0,0,1,UPI_P2M,0
TXN_000835,1541.03,832.99,1.85,0,0,0,0,1,UPI_P2P,0
TXN_001756,786.62,1829.36,0.43,0,1,0,0,3,UPI_P2M,0
TXN_003549,2553.02,6718.48,0.38,0,0,1,0,1,UPI_P2P,0
TXN_000334,846.72,1388.07,0.61,0,0,0,0,1,UPI_P2P,0
TXN_005868,26334.65,2289.97,11.5,1,1,0,1,6,IMPS_WIRE,1
TXN_003276,2351.9,1823.18,1.29,0,0,0,0,3,UPI_P2P,0
TXN_001349,3881.5,4361.24,0.89,0,0,0,0,1,UPI_P2P,0
TXN_003724,2569.88,3253.01,0.79,0,0,1,0,1,UPI_P2M,0
TXN_001199,345.53,987.23,0.35,0,0,0,0,1,UPI_P2M,0
TXN_001831,3619.6,2895.68,1.25,0,0,0,0,3,UPI_P2P,0
TXN_003868,1081.15,720.77,1.5,0,0,0,0,2,UPI_P2M,0
TXN_002283,2652.58,1319.69,2.01,0,0,0,0,1,UPI_P2P,0
TXN_004052,828.15,2123.45,0.39,0,0,1,0,1,UPI_P2M,0
TXN_002222,1368.01,1290.58,1.06,0,0,0,0,3,UPI_P2P,0
TXN_004394,4726.71,2796.87,1.69,1,0,0,0,1,UPI_P2M,0
TXN_002606,7723.25,10726.73,0.72,0,0,1,0,1,UPI_P2P,0
TXN_004495,9035.22,6362.83,1.42,0,0,0,0,3,UPI_P2M,0
TXN_001743,4952.0,3462.94,1.43,0,0,0,0,1,UPI_P2M,0
TXN_005948,12562.66,1732.78,7.25,1,0,1,1,6,CRYPTO_ONRAMP,1
TXN_003790,14917.74,9096.18,1.64,1,0,0,0,2,UPI_P2P,0
TXN_001993,13144.07,6349.79,2.07,1,0,0,0,1,UPI_P2M,0
TXN_005936,112121.13,13508.57,8.3,1,1,1,1,6,CRYPTO_ONRAMP,1
TXN_003510,3340.93,1942.4,1.72,1,1,0,0,2,UPI_P2M,0
TXN_003399,10510.89,11809.99,0.89,0,0,0,0,1,BILL_PAY,0
TXN_002810,2143.48,3199.22,0.67,0,0,0,0,1,UPI_P2M,0
TXN_000727,10365.76,7511.42,1.38,0,0,0,0,1,UPI_P2M,0
TXN_005224,3425.75,2154.56,1.59,0,0,0,0,1,UPI_P2M,0
TXN_004567,2409.62,2974.84,0.81,1,0,0,0,1,BILL_PAY,0
TXN_003319,12365.4,8708.03,1.42,0,0,0,0,1,IMPS_WIRE,0
TXN_001733,1790.6,1091.83,1.64,0,0,1,0,1,UPI_P2P,0
TXN_003914,9864.68,10494.34,0.94,0,0,0,0,3,UPI_P2P,0
TXN_005330,3380.87,2467.79,1.37,0,0,0,0,1,UPI_P2M,0
TXN_004050,3432.07,2434.09,1.41,0,0,0,0,3,UPI_P2M,0
TXN_004466,1570.55,2151.44,0.73,0,0,0,0,2,UPI_P2M,0
TXN_002896,2306.32,1478.41,1.56,0,0,0,0,1,UPI_P2P,0
TXN_001152,2507.61,2915.83,0.86,0,0,0,0,2,UPI_P2P,0
TXN_003921,3807.87,3340.24,1.14,0,1,0,0,1,UPI_P2M,0
TXN_000429,636.38,530.32,1.2,0,0,0,0,1,UPI_P2P,0
TXN_001214,1764.03,832.09,2.12,0,1,0,0,2,UPI_P2M,0
TXN_003416,4599.18,9785.5,0.47,0,0,0,0,3,UPI_P2M,0
TXN_003722,1383.67,904.36,1.53,0,0,0,0,1,UPI_P2M,0
TXN_004907,2519.68,1415.55,1.78,0,0,0,0,1,UPI_P2P,0
TXN_002613,896.99,2187.79,0.41,0,0,0,0,1,UPI_P2P,0
TXN_001855,3317.75,1557.63,2.13,0,0,0,0,2,UPI_P2M,0
TXN_003621,12909.19,6390.69,2.02,0,0,0,0,1,UPI_P2M,0
TXN_005219,1980.89,1584.71,1.25,0,0,0,0,1,BILL_PAY,0
TXN_000619,8870.5,7392.08,1.2,0,0,0,0,1,UPI_P2M,0
TXN_003348,5623.15,3288.39,1.71,0,0,0,0,1,UPI_P2M,0
TXN_002647,183.79,540.55,0.34,0,0,0,0,1,BILL_PAY,0
TXN_004479,7725.72,4023.81,1.92,0,0,0,0,1,UPI_P2P,0
TXN_002741,5368.69,6242.66,0.86,0,0,0,0,1,UPI_P2P,0
TXN_003537,1678.99,3815.89,0.44,0,0,0,0,1,UPI_P2M,0
TXN_004194,12448.69,13385.69,0.93,0,0,0,0,1,UPI_P2P,0
TXN_005169,1533.79,1407.15,1.09,0,0,0,0,2,BILL_PAY,0
TXN_005787,5528.17,773.17,7.15,1,1,1,0,4,UPI_P2P,1
TXN_003976,4577.95,10899.88,0.42,0,0,0,0,1,UPI_P2M,0
TXN_005012,2816.27,8800.85,0.32,0,0,0,0,1,UPI_P2P,0
TXN_005549,8632.09,4616.09,1.87,0,0,0,0,2,UPI_P2P,0
TXN_001258,7926.47,3847.8,2.06,0,0,0,0,1,UPI_P2P,0
TXN_005941,16226.88,2523.62,6.43,1,0,1,0,6,IMPS_WIRE,1
TXN_003252,848.52,2651.61,0.32,0,0,0,0,2,UPI_P2M,0
TXN_001565,20772.99,10991.0,1.89,0,0,0,0,2,UPI_P2P,0
TXN_005521,5492.01,3390.13,1.62,0,0,0,0,1,UPI_P2M,0
TXN_001651,5231.47,2388.8,2.19,0,0,0,0,1,UPI_P2M,0
TXN_001907,1909.53,1299.0,1.47,0,0,0,0,2,UPI_P2M,0
TXN_003158,3183.12,1537.74,2.07,0,0,1,0,1,UPI_P2M,0
TXN_005811,20410.02,2907.41,7.02,1,1,1,0,6,CRYPTO_ONRAMP,1
TXN_001684,1436.23,1773.12,0.81,0,0,0,0,2,UPI_P2P,0
TXN_002494,7140.0,4958.33,1.44,0,0,0,0,1,UPI_P2P,0
TXN_005673,25949.84,1853.56,14.0,1,1,1,1,4,IMPS_WIRE,1
TXN_000109,3057.68,1777.72,1.72,0,0,0,0,1,UPI_P2M,0
TXN_003356,564.71,763.12,0.74,0,0,0,0,2,UPI_P2M,0
TXN_004433,720.79,444.93,1.62,0,0,0,0,2,UPI_P2P,0
TXN_003106,1484.91,2801.71,0.53,1,1,0,0,1,UPI_P2M,0
TXN_001590,10063.04,6289.4,1.6,0,0,0,0,1,BILL_PAY,0
TXN_005757,51132.33,6289.34,8.13,1,1,1,0,4,UPI_P2P,1
TXN_001607,1768.05,1091.39,1.62,0,0,0,0,2,BILL_PAY,0
TXN_001338,6912.46,8132.31,0.85,0,0,0,0,1,UPI_P2P,0
TXN_002038,6138.0,4415.83,1.39,0,0,0,0,1,UPI_P2P,0
TXN_003523,10137.65,9842.38,1.03,0,1,0,0,1,UPI_P2M,0
TXN_002104,4632.3,3482.93,1.33,0,0,0,0,3,UPI_P2P,0
TXN_003315,5282.41,3240.74,1.63,1,0,0,0,1,UPI_P2P,0
TXN_000690,2799.67,1957.81,1.43,0,0,0,0,2,UPI_P2M,0
TXN_004385,1351.29,2179.5,0.62,1,0,0,0,4,UPI_P2P,0
TXN_004077,1632.33,781.02,2.09,0,0,0,0,1,UPI_P2P,0
TXN_001112,574.04,755.31,0.76,0,0,0,0,3,UPI_P2M,0
TXN_003062,910.23,413.74,2.2,0,0,1,0,1,UPI_P2M,0
TXN_005827,4383.12,730.52,6.0,1,1,0,1,4,CRYPTO_ONRAMP,1
TXN_004613,17386.32,8439.96,2.06,0,0,0,0,1,BILL_PAY,0
TXN_004004,4222.38,5344.79,0.79,0,0,1,0,1,BILL_PAY,0
TXN_000485,3989.7,3324.75,1.2,0,0,0,0,1,UPI_P2M,0
TXN_002538,16604.9,12972.58,1.28,0,0,0,0,1,UPI_P2M,0
TXN_003218,7693.08,5615.39,1.37,0,0,0,0,3,BILL_PAY,0
TXN_002696,1277.38,925.64,1.38,0,0,0,0,1,UPI_P2P,0
TXN_002939,11714.13,7461.23,1.57,0,0,0,0,2,UPI_P2M,0
TXN_003268,526.06,674.43,0.78,0,0,1,0,2,UPI_P2M,0
TXN_000571,6234.26,6494.02,0.96,1,0,0,0,1,UPI_P2M,0
TXN_001323,561.39,572.85,0.98,0,0,0,0,1,UPI_P2P,0
TXN_004244,941.82,735.8,1.28,0,0,0,0,1,UPI_P2P,0
TXN_001104,2991.4,1549.95,1.93,0,0,0,0,1,UPI_P2M,0
TXN_000195,9626.99,5260.65,1.83,0,0,0,0,3,UPI_P2M,0
TXN_001365,1697.11,1391.07,1.22,0,0,0,0,1,UPI_P2P,0
TXN_002732,581.96,646.62,0.9,0,0,0,0,2,UPI_P2M,0
TXN_001434,5124.13,2944.9,1.74,0,0,0,0,4,UPI_P2P,0
TXN_000851,13682.61,12216.62,1.12,1,0,0,0,1,UPI_P2M,0
TXN_002682,5097.78,3146.78,1.62,0,0,0,0,1,UPI_P2P,0
TXN_005271,1148.32,786.52,1.46,0,1,0,0,1,UPI_P2M,0
TXN_004669,8396.4,3905.3,2.15,1,0,0,0,1,UPI_P2P,0
TXN_001006,218.26,519.67,0.42,0,0,1,0,1,UPI_P2M,0
TXN_000356,7719.47,5398.23,1.43,0,0,0,0,1,UPI_P2M,0
TXN_001621,2532.07,2281.14,1.11,0,0,0,0,3,UPI_P2P,0
TXN_004167,6817.74,6087.27,1.12,0,0,0,0,1,BILL_PAY,0
TXN_002624,11629.95,5994.82,1.94,0,0,0,0,1,BILL_PAY,0
TXN_001696,3548.53,1765.44,2.01,0,0,0,0,1,UPI_P2M,0
TXN_001851,5896.98,3708.79,1.59,0,0,0,0,2,UPI_P2P,0
TXN_002136,8570.93,4062.05,2.11,1,0,0,0,1,UPI_P2P,0
TXN_002980,10193.2,5539.78,1.84,0,0,0,0,1,UPI_P2P,0
TXN_000733,10313.95,26446.03,0.39,0,0,0,0,1,UPI_P2P,0
TXN_004981,4835.92,3504.29,1.38,0,0,0,0,2,UPI_P2P,0
TXN_000866,2502.86,1679.77,1.49,0,0,0,0,1,IMPS_WIRE,0
TXN_005580,6642.27,4203.97,1.58,0,0,0,0,1,UPI_P2M,0
TXN_005324,15608.58,8172.03,1.91,0,0,0,0,1,UPI_P2M,0
TXN_002663,837.02,597.87,1.4,0,0,1,0,1,UPI_P2M,0
TXN_001431,6262.1,7454.88,0.84,0,0,0,0,1,BILL_PAY,0
TXN_002419,2243.51,2058.27,1.09,0,0,1,0,1,UPI_P2P,0
TXN_001488,734.23,2097.8,0.35,0,0,0,0,1,UPI_P2M,0
TXN_001334,1407.67,914.07,1.54,0,0,0,0,1,UPI_P2P,0
TXN_000680,2194.16,1534.38,1.43,0,0,0,0,1,UPI_P2P,0
TXN_005062,13605.06,8146.74,1.67,0,0,0,0,1,BILL_PAY,0
TXN_004172,1301.53,1093.72,1.19,0,0,0,0,3,UPI_P2P,0
TXN_003603,6443.24,9912.68,0.65,0,0,0,0,1,UPI_P2M,0
TXN_001532,5326.03,3598.67,1.48,1,0,0,0,1,UPI_P2P,0
TXN_004145,852.18,671.01,1.27,0,0,0,0,1,UPI_P2M,0
TXN_001211,343.52,1010.34,0.34,0,0,1,0,2,UPI_P2M,0
TXN_004899,14536.82,9501.19,1.53,0,0,0,0,1,BILL_PAY,0
TXN_002403,8546.83,6426.19,1.33,0,0,0,0,1,UPI_P2M,0
TXN_001291,1709.51,859.05,1.99,0,0,0,0,1,UPI_P2M,0
TXN_002357,2487.83,1438.05,1.73,0,0,0,0,1,BILL_PAY,0
TXN_002525,2354.2,1824.96,1.29,0,0,0,0,4,UPI_P2P,0
TXN_003331,3844.68,3372.53,1.14,0,0,0,0,2,BILL_PAY,0
TXN_001424,4540.89,5821.66,0.78,1,0,0,0,2,UPI_P2M,0
TXN_002528,3729.27,2405.98,1.55,0,0,0,0,1,UPI_P2M,0
TXN_002025,4796.28,7053.35,0.68,1,0,0,0,3,BILL_PAY,0
TXN_002748,2465.88,2651.48,0.93,0,0,0,0,1,BILL_PAY,0
TXN_004078,3806.62,5947.85,0.64,0,0,0,0,1,UPI_P2M,0
TXN_005860,10181.64,1374.04,7.41,1,1,1,0,4,UPI_P2P,1
TXN_001692,403.5,510.76,0.79,0,0,0,0,1,BILL_PAY,0
TXN_003423,5900.18,8806.24,0.67,1,0,0,0,1,UPI_P2M,0
TXN_000410,561.28,597.11,0.94,0,0,0,0,1,BILL_PAY,0
TXN_005417,1564.68,1980.61,0.79,0,0,0,0,1,UPI_P2M,0
TXN_005017,15516.54,7758.27,2.0,0,0,0,0,1,UPI_P2M,0
TXN_000765,8034.03,6086.39,1.32,0,0,0,0,1,UPI_P2M,0
TXN_002540,3037.85,2712.37,1.12,0,0,0,0,1,UPI_P2P,0
TXN_003179,3652.81,3122.06,1.17,0,0,0,0,1,UPI_P2M,0
TXN_005791,5736.83,846.14,6.78,1,1,1,0,8,IMPS_WIRE,1
TXN_001176,8033.58,3938.03,2.04,0,0,0,0,1,UPI_P2M,0
TXN_002397,537.15,617.41,0.87,0,0,0,0,2,UPI_P2P,0
TXN_004075,1368.62,1754.64,0.78,0,0,0,0,1,UPI_P2P,0
TXN_004853,1188.71,1886.84,0.63,0,0,0,0,1,UPI_P2M,0
TXN_000881,4788.76,2520.4,1.9,0,0,0,0,1,UPI_P2P,0
TXN_001426,3147.4,4141.32,0.76,0,0,0,0,1,UPI_P2M,0
TXN_001652,2972.02,3265.96,0.91,0,0,0,0,1,UPI_P2M,0
TXN_004405,288.71,544.73,0.53,0,0,0,0,1,UPI_P2M,0
TXN_005900,7663.81,926.7,8.27,1,1,1,0,4,CRYPTO_ONRAMP,1
TXN_001363,1915.12,2176.27,0.88,0,0,0,0,3,UPI_P2M,0
TXN_003068,227.2,463.68,0.49,0,0,0,0,2,UPI_P2P,0
TXN_002086,2357.36,1081.36,2.18,0,0,0,0,2,UPI_P2M,0
TXN_004017,707.15,1386.56,0.51,0,0,0,0,2,UPI_P2M,0
TXN_001704,15911.1,7232.32,2.2,0,0,0,0,1,UPI_P2M,0
TXN_001583,740.89,602.35,1.23,0,0,0,0,3,BILL_PAY,0
TXN_005318,4206.29,1984.1,2.12,0,0,1,0,1,UPI_P2M,0
TXN_002671,13072.86,6225.17,2.1,0,0,0,0,1,UPI_P2M,0
TXN_002459,1808.3,1790.4,1.01,0,0,0,0,1,UPI_P2P,0
TXN_000796,9868.32,4526.75,2.18,0,0,0,0,2,UPI_P2M,0
TXN_001802,927.23,1117.15,0.83,0,0,0,0,2,UPI_P2P,0
TXN_004941,3183.81,2323.95,1.37,0,0,0,0,1,UPI_P2M,0
TXN_003202,2344.94,1196.4,1.96,0,0,0,0,2,UPI_P2P,0
TXN_005982,10027.51,1612.14,6.22,0,1,1,0,6,CRYPTO_ONRAMP,1
TXN_002476,863.66,2159.15,0.4,0,0,0,0,2,UPI_P2M,0
TXN_002262,11649.47,8146.48,1.43,0,0,0,0,2,UPI_P2M,0
TXN_002216,5844.12,4361.28,1.34,0,0,1,0,1,UPI_P2P,0
TXN_004829,7067.25,10548.13,0.67,0,0,0,0,1,UPI_P2M,0
TXN_000754,4503.37,3437.69,1.31,0,1,0,0,1,UPI_P2P,0
TXN_001864,299.18,623.3,0.48,0,0,0,0,1,UPI_P2M,0
TXN_002460,5068.8,5392.34,0.94,0,0,0,0,1,UPI_P2M,0
TXN_002499,777.36,844.96,0.92,0,0,0,0,2,UPI_P2M,0
TXN_005421,8578.94,7149.12,1.2,0,1,0,0,1,UPI_P2M,0
TXN_000783,7162.83,6453.0,1.11,0,0,1,0,4,UPI_P2M,0
TXN_000592,8082.87,3904.77,2.07,0,0,0,0,1,UPI_P2P,0
TXN_000131,8155.07,3740.86,2.18,0,0,0,0,1,UPI_P2P,0
TXN_004905,20222.88,15437.31,1.31,0,0,1,0,1,UPI_P2M,0
TXN_000699,1827.11,2372.87,0.77,0,0,0,0,1,UPI_P2P,0
TXN_005782,57222.6,6615.33,8.65,1,1,1,1,8,IMPS_WIRE,1
TXN_001950,5928.21,3120.11,1.9,0,0,0,0,1,UPI_P2M,0
TXN_001059,3574.14,2431.39,1.47,0,0,0,0,1,UPI_P2P,0
TXN_004443,10015.07,6220.54,1.61,0,0,0,0,1,UPI_P2M,0
TXN_001047,1544.8,1197.52,1.29,0,0,0,0,1,UPI_P2M,0
TXN_001947,4839.72,4360.11,1.11,0,0,0,0,1,UPI_P2M,0
TXN_004736,4169.0,2589.44,1.61,0,0,0,0,1,UPI_P2M,0
TXN_000157,1043.42,489.87,2.13,0,0,0,0,1,UPI_P2M,0
TXN_002426,14748.96,14319.38,1.03,0,0,0,0,1,BILL_PAY,0
TXN_004472,15260.0,7371.98,2.07,0,0,1,0,4,UPI_P2M,0
TXN_005180,1155.29,770.19,1.5,0,0,0,0,3,UPI_P2P,0
TXN_004544,4713.77,2182.3,2.16,0,0,0,0,1,UPI_P2P,0
TXN_003867,741.08,402.76,1.84,0,0,0,0,3,UPI_P2P,0
TXN_000475,11011.82,7647.1,1.44,0,0,0,0,1,UPI_P2M,0
TXN_004042,620.96,1241.91,0.5,0,0,0,0,2,UPI_P2M,0
TXN_004109,2966.42,3296.02,0.9,0,0,0,0,1,UPI_P2M,0
TXN_004409,3418.39,3488.15,0.98,0,0,1,0,1,BILL_PAY,0
TXN_005402,1341.7,641.96,2.09,0,0,1,0,3,UPI_P2P,0
TXN_003189,9597.63,5132.42,1.87,0,0,0,0,1,UPI_P2P,0
TXN_003290,2787.41,2019.86,1.38,0,0,0,0,2,UPI_P2M,0
TXN_001555,5168.43,3515.94,1.47,0,0,0,0,1,BILL_PAY,0
TXN_003116,6951.35,3424.31,2.03,0,0,0,0,1,UPI_P2P,0
TXN_002652,10845.16,5422.58,2.0,0,0,0,0,1,IMPS_WIRE,0
TXN_005530,1725.9,1039.7,1.66,0,1,0,0,1,IMPS_WIRE,0
TXN_005343,2110.55,2425.92,0.87,0,0,0,0,1,BILL_PAY,0
TXN_004856,2179.11,1129.07,1.93,0,0,0,0,1,UPI_P2M,0
TXN_003324,16820.56,8410.28,2.0,0,0,0,0,1,UPI_P2M,0
TXN_005979,54772.14,3903.93,14.03,1,1,1,1,6,CRYPTO_ONRAMP,1
TXN_004153,369.97,544.08,0.68,0,0,0,0,1,UPI_P2M,0
TXN_002337,2510.82,4923.18,0.51,0,0,0,0,3,UPI_P2P,0
TXN_003880,5483.19,8183.86,0.67,0,0,0,0,2,UPI_P2P,0
TXN_002938,1801.41,2280.26,0.79,0,0,0,0,3,UPI_P2M,0
TXN_005069,1291.86,844.35,1.53,0,0,0,0,1,UPI_P2M,0
TXN_000591,11341.26,11938.17,0.95,0,0,0,0,3,UPI_P2P,0
TXN_002097,4775.48,2825.73,1.69,0,0,0,0,2,UPI_P2M,0
TXN_004661,2422.59,1223.53,1.98,0,0,0,0,2,BILL_PAY,0
TXN_000043,1567.41,1703.71,0.92,0,0,0,0,1,BILL_PAY,0
TXN_004925,4447.75,3529.96,1.26,1,0,0,0,1,UPI_P2P,0
TXN_002695,6525.52,3363.67,1.94,0,0,0,0,1,UPI_P2M,0
TXN_003956,8467.15,7839.95,1.08,0,0,1,0,1,UPI_P2P,0
TXN_003425,1583.28,3598.37,0.44,0,0,0,0,1,UPI_P2M,0
TXN_002341,1158.21,1504.17,0.77,0,0,0,0,1,BILL_PAY,0
TXN_003967,3363.75,3578.46,0.94,0,0,0,0,1,UPI_P2M,0
TXN_000543,12536.02,10534.47,1.19,0,0,0,0,1,BILL_PAY,0
TXN_005455,5077.69,6861.74,0.74,0,0,0,0,1,UPI_P2P,0
TXN_004473,3231.4,1665.67,1.94,0,0,0,0,1,UPI_P2M,0
TXN_004296,2233.2,6978.74,0.32,0,1,0,0,1,UPI_P2M,0
TXN_000404,20461.71,9932.87,2.06,0,0,0,0,1,UPI_P2P,0
TXN_001695,846.48,539.16,1.57,0,0,0,0,1,UPI_P2M,0
TXN_004782,5904.25,4507.06,1.31,0,1,0,0,3,UPI_P2P,0
TXN_005457,2371.66,1191.79,1.99,0,0,1,0,2,UPI_P2P,0
TXN_003841,13240.01,10106.88,1.31,0,0,1,0,1,UPI_P2P,0
TXN_005512,10624.08,8708.26,1.22,1,0,0,0,1,UPI_P2M,0
TXN_001938,604.86,549.87,1.1,0,0,0,0,1,BILL_PAY,0
TXN_000536,1206.16,1629.95,0.74,0,0,0,0,1,UPI_P2P,0
TXN_002258,3422.83,3198.91,1.07,0,0,0,0,1,UPI_P2P,0
TXN_005850,38216.7,7449.65,5.13,1,1,1,1,4,UPI_P2P,1
TXN_001341,2816.02,1489.96,1.89,0,1,0,0,1,UPI_P2M,0
TXN_000056,974.47,1597.49,0.61,0,0,0,0,1,UPI_P2P,0
TXN_005079,969.96,1310.76,0.74,0,0,0,0,2,UPI_P2P,0
TXN_005753,36686.11,2852.73,12.86,1,0,1,1,6,CRYPTO_ONRAMP,1
TXN_004737,5478.26,7939.51,0.69,1,0,0,0,1,UPI_P2M,0
TXN_004769,6938.84,3920.25,1.77,0,0,0,0,3,UPI_P2P,0
TXN_000908,1498.24,700.11,2.14,0,0,0,0,2,UPI_P2M,0
TXN_000486,8764.77,4213.83,2.08,0,1,0,0,2,BILL_PAY,0
TXN_005774,36708.75,2635.23,13.93,1,1,1,0,4,IMPS_WIRE,1
TXN_001559,1682.21,5097.61,0.33,0,0,0,0,1,IMPS_WIRE,0
TXN_003585,1113.64,1465.31,0.76,1,0,0,0,1,UPI_P2M,0
TXN_000423,1050.01,963.31,1.09,0,0,1,0,1,UPI_P2M,0
TXN_003451,893.17,1313.49,0.68,0,0,0,0,1,UPI_P2M,0
TXN_002044,1292.44,891.34,1.45,0,0,0,0,1,UPI_P2M,0
TXN_005559,12505.18,9619.37,1.3,0,0,0,0,1,UPI_P2P,0
TXN_005060,1291.13,746.32,1.73,1,0,0,0,2,UPI_P2P,0
TXN_005612,11151.31,5466.33,2.04,0,0,0,0,2,BILL_PAY,0
TXN_000706,615.39,1206.65,0.51,0,0,1,0,1,UPI_P2M,0
TXN_000827,1439.25,1468.62,0.98,0,0,0,0,1,BILL_PAY,0
TXN_004451,4039.54,1989.92,2.03,0,0,0,0,3,UPI_P2P,0
TXN_003711,1874.96,1164.57,1.61,0,0,0,0,1,UPI_P2P,0
TXN_003589,30209.36,17164.41,1.76,0,0,0,0,2,UPI_P2M,0
TXN_001653,1232.01,1270.11,0.97,1,0,0,0,1,UPI_P2P,0
TXN_001172,671.74,692.52,0.97,0,0,0,0,1,UPI_P2M,0
TXN_005436,944.8,638.38,1.48,0,0,0,0,1,UPI_P2M,0
TXN_001347,513.19,434.91,1.18,0,0,0,0,1,UPI_P2M,0
TXN_002368,1256.48,2370.71,0.53,0,0,0,0,1,UPI_P2M,0
TXN_005122,2392.88,2658.76,0.9,0,0,0,0,1,BILL_PAY,0
TXN_000695,14676.48,12652.14,1.16,0,0,0,0,1,UPI_P2P,0
TXN_001633,2540.67,5908.54,0.43,0,0,0,0,2,UPI_P2P,0
TXN_001589,8354.69,4219.54,1.98,0,0,0,0,1,UPI_P2M,0
TXN_005571,11492.28,5498.7,2.09,0,0,0,0,1,UPI_P2P,0
TXN_000772,2632.35,3332.09,0.79,0,0,0,0,1,UPI_P2P,0
TXN_000235,2738.73,1285.79,2.13,0,0,0,0,1,UPI_P2M,0
TXN_000256,4061.79,3726.41,1.09,0,0,0,0,2,UPI_P2P,0
TXN_002892,1786.29,3572.57,0.5,0,0,0,0,1,UPI_P2M,0
TXN_001598,2433.88,1931.65,1.26,0,0,0,0,1,UPI_P2M,0
TXN_003935,624.07,1950.22,0.32,0,0,0,0,1,UPI_P2P,0
TXN_005857,33718.55,4009.34,8.41,1,1,0,1,4,CRYPTO_ONRAMP,1
TXN_004846,13969.12,12362.05,1.13,0,0,0,0,1,UPI_P2M,0
TXN_003043,1610.54,1376.53,1.17,0,0,0,0,1,UPI_P2M,0
TXN_001592,1307.26,1697.74,0.77,0,0,0,0,1,UPI_P2M,0
TXN_000691,1065.95,1024.95,1.04,0,0,0,0,1,UPI_P2M,0
TXN_003011,4405.25,2294.4,1.92,0,0,0,0,1,UPI_P2P,0
TXN_003896,2294.27,3186.48,0.72,0,0,0,0,1,UPI_P2M,0
TXN_000941,8793.7,4486.58,1.96,0,0,0,0,3,BILL_PAY,0
TXN_003810,14484.62,12818.25,1.13,0,0,0,0,1,UPI_P2P,0
TXN_002386,454.24,424.52,1.07,0,0,0,0,1,UPI_P2M,0
TXN_004280,10425.1,5574.92,1.87,0,0,0,0,1,UPI_P2M,0
TXN_001165,1576.39,3940.97,0.4,0,0,0,0,1,UPI_P2P,0
TXN_002576,1154.07,1697.16,0.68,0,0,0,0,1,UPI_P2M,0
TXN_005702,58848.03,6890.87,8.54,1,1,1,0,4,CRYPTO_ONRAMP,1
TXN_001819,3523.57,9272.56,0.38,0,0,0,0,3,UPI_P2P,0
TXN_003337,583.75,1389.89,0.42,0,0,0,0,1,UPI_P2M,0
TXN_005429,2641.66,4717.25,0.56,0,0,0,0,1,UPI_P2P,0
TXN_002825,5374.56,3838.97,1.4,0,0,0,0,1,UPI_P2M,0
TXN_003177,736.75,533.88,1.38,0,0,0,0,1,UPI_P2M,0
TXN_004025,4225.8,7546.07,0.56,0,0,0,0,1,BILL_PAY,0
TXN_001712,2008.6,5428.65,0.37,0,0,0,0,2,UPI_P2M,0
TXN_001173,16248.06,10349.08,1.57,1,0,0,0,1,UPI_P2M,0
TXN_003134,7031.55,14350.11,0.49,0,0,0,0,1,UPI_P2M,0
TXN_003670,5393.26,4116.99,1.31,0,0,0,0,2,BILL_PAY,0
TXN_003713,2616.65,2616.65,1.0,0,0,0,0,2,UPI_P2M,0
TXN_001089,2350.3,1546.25,1.52,0,0,0,0,2,UPI_P2P,0
TXN_004376,2474.32,3693.01,0.67,0,0,0,0,1,UPI_P2M,0
TXN_002917,7085.06,6325.95,1.12,0,0,0,0,1,UPI_P2P,0
TXN_003931,407.48,599.23,0.68,0,0,0,0,2,UPI_P2M,0
TXN_003383,11938.04,5909.92,2.02,0,0,0,0,4,BILL_PAY,0
TXN_000674,1885.92,1885.92,1.0,1,0,0,0,1,UPI_P2M,0
TXN_002158,8182.02,12784.4,0.64,0,0,0,0,4,UPI_P2P,0
TXN_005698,35133.84,5151.59,6.82,1,1,1,0,4,IMPS_WIRE,1
TXN_002636,632.01,1149.11,0.55,0,0,0,0,2,BILL_PAY,0
TXN_003731,2685.08,2685.08,1.0,0,0,0,0,1,BILL_PAY,0
TXN_005437,2888.42,3480.03,0.83,0,0,0,0,3,UPI_P2P,0
TXN_000521,5605.16,3113.98,1.8,0,0,0,0,1,UPI_P2M,0
TXN_000600,2885.94,5247.16,0.55,0,0,0,0,1,UPI_P2M,0
TXN_000032,6444.43,6575.95,0.98,0,0,0,0,1,UPI_P2M,0
TXN_000119,543.73,1553.52,0.35,0,0,0,0,2,UPI_P2M,0
TXN_002383,6801.4,3105.66,2.19,0,0,0,0,1,UPI_P2M,0
TXN_004906,1533.59,820.1,1.87,0,0,0,0,1,UPI_P2M,0
TXN_001597,10200.85,11087.88,0.92,0,0,1,0,1,UPI_P2P,0
TXN_003254,11355.37,5566.36,2.04,0,0,0,0,1,BILL_PAY,0
TXN_001634,3630.9,2650.29,1.37,0,0,0,0,1,IMPS_WIRE,0
TXN_004930,1069.39,1812.52,0.59,0,0,0,0,1,UPI_P2P,0
TXN_002429,1981.14,952.47,2.08,0,0,0,0,1,UPI_P2P,0
TXN_003987,2054.48,1017.07,2.02,0,0,0,0,1,UPI_P2P,0
TXN_002971,1690.06,2253.41,0.75,0,0,0,0,1,UPI_P2M,0
TXN_003071,2572.23,2598.21,0.99,0,0,0,0,1,UPI_P2M,0
TXN_003767,1612.8,1290.24,1.25,0,0,0,0,3,UPI_P2P,0
TXN_000044,7516.13,4977.57,1.51,0,0,0,0,1,UPI_P2M,0
TXN_002141,1736.28,1021.34,1.7,1,0,0,0,1,UPI_P2M,0
TXN_003527,11835.15,9700.94,1.22,0,0,0,0,1,UPI_P2M,0
TXN_002253,2351.82,2799.79,0.84,0,0,0,0,1,UPI_P2M,0
TXN_001389,339.84,557.12,0.61,0,0,0,0,1,UPI_P2M,0
TXN_000666,5405.36,3236.74,1.67,0,1,0,0,1,UPI_P2M,0
TXN_001067,4252.94,3271.49,1.3,0,0,0,0,2,UPI_P2M,0
TXN_002817,741.06,1122.82,0.66,0,0,0,0,1,IMPS_WIRE,0
TXN_000022,1060.63,522.48,2.03,0,0,0,0,1,BILL_PAY,0
TXN_000936,4514.88,6358.99,0.71,0,0,0,0,2,UPI_P2M,0
TXN_004760,3190.3,3038.38,1.05,0,0,0,0,1,UPI_P2M,0
TXN_003744,4924.47,2311.96,2.13,0,0,0,0,1,UPI_P2M,0
TXN_003808,1592.67,1384.93,1.15,0,1,0,0,1,UPI_P2M,0
TXN_003560,6294.35,4528.31,1.39,0,1,0,0,1,UPI_P2P,0
TXN_000781,1444.66,1926.21,0.75,0,0,0,0,1,UPI_P2M,0
TXN_000607,1855.92,1025.37,1.81,0,0,0,0,1,UPI_P2P,0
TXN_002151,1450.84,694.18,2.09,0,0,0,0,1,UPI_P2M,0
TXN_001542,1693.41,1192.54,1.42,1,0,0,0,1,UPI_P2P,0
TXN_000462,15057.57,8273.39,1.82,1,0,0,0,1,UPI_P2M,0
TXN_005003,5172.21,2666.09,1.94,0,0,0,0,1,UPI_P2M,0
TXN_001686,1807.32,1263.86,1.43,0,0,0,0,3,UPI_P2M,0
TXN_005476,1873.69,1058.58,1.77,0,0,0,0,1,UPI_P2M,0
TXN_004693,6065.73,3079.05,1.97,0,0,0,0,1,UPI_P2P,0
TXN_003037,1235.87,1047.35,1.18,0,0,0,0,1,UPI_P2M,0
TXN_000913,5258.26,4013.94,1.31,0,0,0,0,1,UPI_P2M,0
TXN_002146,1403.99,3119.97,0.45,0,0,1,0,1,UPI_P2M,0
TXN_004060,1387.77,1059.37,1.31,0,0,0,0,1,UPI_P2P,0
TXN_003498,13487.01,9633.58,1.4,0,1,0,0,1,UPI_P2M,0
TXN_002464,1890.3,2589.45,0.73,0,1,0,0,1,UPI_P2P,0
TXN_002501,2581.15,2150.96,1.2,0,0,0,0,2,UPI_P2M,0
TXN_002582,2120.25,1781.72,1.19,0,0,0,0,2,UPI_P2P,0
TXN_002109,685.8,548.64,1.25,0,0,0,0,1,UPI_P2P,0
TXN_003787,1652.92,961.0,1.72,1,0,0,0,1,UPI_P2P,0
TXN_001095,9104.91,5836.48,1.56,0,0,0,0,2,UPI_P2M,0
TXN_003746,845.61,805.34,1.05,0,0,0,0,1,UPI_P2P,0
TXN_005132,8925.51,4270.58,2.09,0,0,0,0,1,BILL_PAY,0
TXN_000789,735.27,483.73,1.52,0,0,0,0,2,UPI_P2M,0
TXN_004048,6180.76,3059.78,2.02,0,0,0,0,1,UPI_P2M,0
TXN_003048,2056.87,1202.85,1.71,0,0,0,0,1,UPI_P2P,0
TXN_002284,1033.85,1435.9,0.72,1,0,0,0,1,UPI_P2M,0
TXN_003837,10276.05,7904.65,1.3,0,0,0,0,1,UPI_P2M,0
TXN_003445,1227.25,966.34,1.27,0,0,1,0,1,UPI_P2P,0
TXN_004792,520.47,946.3,0.55,0,0,0,0,3,UPI_P2M,0
TXN_003654,5797.71,6664.04,0.87,0,0,0,0,1,UPI_P2P,0
TXN_005717,109109.6,12150.29,8.98,1,1,1,1,4,IMPS_WIRE,1
TXN_000606,2719.1,2344.05,1.16,0,0,0,0,2,UPI_P2P,0
TXN_004627,1232.05,1400.06,0.88,0,0,0,0,1,UPI_P2M,0
TXN_005843,83933.28,9346.69,8.98,1,1,1,1,8,IMPS_WIRE,1
TXN_004723,1011.29,2661.3,0.38,0,0,0,0,2,UPI_P2M,0
TXN_000254,16487.13,8864.05,1.86,0,0,0,0,1,UPI_P2M,0
TXN_005460,3024.7,3688.66,0.82,0,0,0,0,1,UPI_P2M,0
TXN_004274,6147.61,6086.74,1.01,0,0,0,0,1,UPI_P2M,0
TXN_000207,15189.67,10927.82,1.39,0,0,0,0,1,UPI_P2M,0
TXN_000071,9271.88,11887.03,0.78,0,0,0,0,1,IMPS_WIRE,0
TXN_005341,5615.62,2661.43,2.11,0,1,0,0,1,UPI_P2P,0
TXN_003812,1607.97,998.74,1.61,0,0,0,0,2,UPI_P2P,0
TXN_002299,3837.4,5185.67,0.74,0,0,0,0,1,UPI_P2P,0
TXN_002402,5811.76,8805.69,0.66,0,0,0,0,1,BILL_PAY,0
TXN_003723,3056.62,1852.5,1.65,0,0,0,0,1,UPI_P2M,0
TXN_000425,4063.22,2841.41,1.43,1,0,1,0,1,UPI_P2M,0
TXN_004018,2908.69,5936.11,0.49,0,0,0,0,3,UPI_P2M,0
TXN_005294,1345.9,672.95,2.0,0,0,0,0,2,UPI_P2P,0
TXN_001177,7288.85,3718.8,1.96,0,0,0,0,2,UPI_P2M,0
TXN_005470,167.11,491.51,0.34,0,0,0,0,1,UPI_P2P,0
TXN_003433,2692.98,3060.2,0.88,1,0,0,0,1,UPI_P2M,0
TXN_003215,2120.47,1493.29,1.42,0,0,0,0,2,UPI_P2P,0
TXN_005781,14325.92,2103.66,6.81,1,1,1,1,12,UPI_P2P,1
TXN_001183,1296.94,3413.0,0.38,0,0,0,0,1,UPI_P2M,0
TXN_000001,4309.55,2042.44,2.11,0,1,0,0,1,UPI_P2P,0
TXN_003877,976.96,880.14,1.11,0,0,0,0,2,UPI_P2M,0
TXN_002710,2514.98,2763.71,0.91,0,0,0,0,1,BILL_PAY,0
TXN_000848,861.48,2003.45,0.43,0,0,0,0,1,UPI_P2M,0
TXN_005610,2694.79,2363.85,1.14,0,0,0,0,1,UPI_P2M,0
TXN_005956,86754.23,8333.74,10.41,0,1,1,0,8,IMPS_WIRE,1
TXN_005327,9538.88,6912.23,1.38,0,0,0,0,1,BILL_PAY,0
TXN_004621,2958.93,1826.5,1.62,0,0,0,0,1,BILL_PAY,0
TXN_003648,2188.53,1013.21,2.16,0,0,0,0,2,UPI_P2M,0
TXN_002186,1226.78,1191.05,1.03,0,0,0,0,1,UPI_P2P,0
TXN_003817,3859.69,1778.66,2.17,0,1,0,0,2,BILL_PAY,0
TXN_002602,6644.8,4002.89,1.66,0,1,0,0,1,UPI_P2M,0
TXN_005939,46175.97,5375.55,8.59,1,1,1,0,4,IMPS_WIRE,1
TXN_002550,880.42,2316.9,0.38,0,0,0,0,2,UPI_P2P,0
TXN_004028,6420.55,6057.12,1.06,0,0,1,0,2,IMPS_WIRE,0
TXN_004143,6688.48,3501.82,1.91,0,0,0,0,2,UPI_P2M,0
TXN_001986,17485.56,13147.04,1.33,0,0,0,0,1,UPI_P2M,0
TXN_002195,289.19,761.02,0.38,0,0,0,0,1,UPI_P2M,0
TXN_000281,3263.28,4661.83,0.7,0,1,0,0,2,UPI_P2M,0
TXN_004456,8922.23,5012.49,1.78,0,0,0,0,1,UPI_P2M,0
TXN_002890,4845.52,6460.69,0.75,0,0,0,0,2,BILL_PAY,0
TXN_004888,6993.61,5926.79,1.18,1,0,0,0,1,UPI_P2P,0
TXN_004795,3488.65,1938.14,1.8,0,0,0,0,2,UPI_P2M,0
TXN_003463,1423.41,3745.82,0.38,0,0,0,0,1,UPI_P2P,0
TXN_004771,1078.5,1123.44,0.96,1,0,0,0,1,UPI_P2P,0
TXN_002302,8798.87,8798.87,1.0,0,0,0,0,1,UPI_P2P,0
TXN_004169,12570.55,10303.73,1.22,0,0,1,0,3,UPI_P2M,0
TXN_004293,3069.87,2579.72,1.19,0,0,0,0,4,UPI_P2M,0
TXN_005344,1113.32,2530.28,0.44,0,0,0,0,2,UPI_P2M,0
TXN_004595,20666.13,11170.88,1.85,0,0,0,0,1,UPI_P2M,0
TXN_003558,5984.32,2947.94,2.03,0,0,0,0,1,UPI_P2M,0
TXN_001626,1591.87,3061.28,0.52,0,0,0,0,1,UPI_P2M,0
TXN_000594,1924.4,4475.35,0.43,0,0,1,0,1,BILL_PAY,0
TXN_002024,2470.33,1803.16,1.37,0,0,0,0,1,UPI_P2M,0
TXN_004500,1655.42,799.72,2.07,0,0,0,0,1,UPI_P2P,0
TXN_000609,1114.45,700.91,1.59,0,0,0,0,1,UPI_P2M,0
TXN_005961,37475.07,5695.3,6.58,1,0,1,0,8,CRYPTO_ONRAMP,1
TXN_000362,1095.84,640.84,1.71,0,0,1,0,1,BILL_PAY,0
TXN_003729,3932.9,3675.61,1.07,0,0,0,0,1,UPI_P2M,0
TXN_004732,6219.61,5056.59,1.23,0,0,0,0,2,BILL_PAY,0
TXN_000649,520.77,1041.55,0.5,0,0,0,0,2,BILL_PAY,0
TXN_005209,2110.62,4588.3,0.46,0,0,0,0,1,UPI_P2M,0
TXN_000470,1173.87,838.48,1.4,0,0,0,0,1,UPI_P2M,0
TXN_000920,7017.4,9612.88,0.73,0,0,0,0,1,UPI_P2M,0
TXN_005299,4638.77,3177.24,1.46,0,0,0,0,1,UPI_P2M,0
TXN_005191,9633.87,5838.71,1.65,0,0,0,0,2,UPI_P2M,0
TXN_005173,9764.84,8641.45,1.13,0,0,0,0,3,UPI_P2M,0
TXN_005901,8624.88,1084.89,7.95,1,1,0,1,6,IMPS_WIRE,1
TXN_001911,1893.03,1912.15,0.99,0,0,0,0,2,UPI_P2M,0
TXN_004852,8738.27,4801.25,1.82,0,0,0,0,1,UPI_P2M,0
TXN_003457,840.26,1183.47,0.71,0,0,0,0,1,UPI_P2M,0
TXN_005594,1150.23,732.63,1.57,0,0,0,0,1,UPI_P2P,0
TXN_003374,1926.75,4378.97,0.44,0,0,0,0,1,UPI_P2M,0
TXN_004338,567.49,616.84,0.92,0,0,0,0,2,UPI_P2M,0
TXN_002609,4203.3,2458.07,1.71,0,0,0,0,2,UPI_P2M,0
TXN_003495,359.75,999.3,0.36,0,0,0,0,3,UPI_P2P,0
TXN_005496,6146.54,4181.32,1.47,0,0,0,0,2,UPI_P2M,0
TXN_003030,13095.52,6965.7,1.88,0,0,0,0,1,UPI_P2M,0
TXN_005661,33231.02,3270.77,10.16,1,0,1,0,4,UPI_P2P,1
TXN_004019,2895.59,1508.12,1.92,0,0,0,0,2,UPI_P2M,0
TXN_005682,38239.74,4762.11,8.03,1,1,1,0,4,IMPS_WIRE,1
TXN_001639,8402.82,6887.56,1.22,0,0,0,0,1,UPI_P2P,0
TXN_004720,669.26,403.17,1.66,0,0,0,0,2,BILL_PAY,0
TXN_001369,22632.29,17016.76,1.33,1,1,0,0,1,UPI_P2M,0
TXN_001102,882.34,2321.96,0.38,0,0,0,0,1,UPI_P2P,0
TXN_003313,4013.14,6370.06,0.63,1,0,0,0,1,UPI_P2M,0
TXN_001624,3052.94,2826.8,1.08,0,0,0,0,1,UPI_P2P,0
TXN_005957,16148.1,1181.28,13.67,1,1,0,0,6,CRYPTO_ONRAMP,1
TXN_005686,57584.24,8607.51,6.69,1,1,1,0,6,CRYPTO_ONRAMP,1
TXN_001798,4213.82,2754.13,1.53,0,0,0,0,2,UPI_P2P,0
TXN_005614,9707.4,4644.69,2.09,0,0,1,0,1,IMPS_WIRE,0
TXN_005482,2643.34,2725.09,0.97,0,0,0,0,1,UPI_P2M,0
TXN_003786,2661.92,2001.44,1.33,0,0,0,0,1,UPI_P2P,0
TXN_001203,6317.17,4356.67,1.45,0,0,0,0,2,UPI_P2P,0
TXN_001050,6296.56,5996.72,1.05,1,0,0,0,1,UPI_P2M,0
TXN_001098,933.52,811.76,1.15,0,0,0,0,1,UPI_P2P,0
TXN_000141,7638.09,8125.63,0.94,0,0,0,0,1,UPI_P2M,0
TXN_004411,1547.45,706.6,2.19,0,0,0,0,1,UPI_P2M,0
TXN_004107,620.0,455.88,1.36,0,0,0,0,1,UPI_P2M,0
TXN_000133,13244.17,7745.13,1.71,0,0,0,0,1,UPI_P2P,0
TXN_003671,11015.54,10490.99,1.05,0,0,0,0,2,UPI_P2M,0
TXN_003524,1692.0,4976.47,0.34,0,0,0,0,1,UPI_P2M,0
TXN_002968,3593.85,2126.54,1.69,0,0,0,0,1,UPI_P2P,0
TXN_002366,365.01,848.86,0.43,0,0,0,0,1,UPI_P2P,0
TXN_002988,3364.46,1594.53,2.11,0,0,0,0,1,UPI_P2M,0
TXN_004396,3409.34,8315.46,0.41,0,0,0,0,2,UPI_P2P,0
TXN_003835,7188.57,7566.92,0.95,0,0,0,0,1,UPI_P2M,0
TXN_002247,6032.22,3332.72,1.81,0,0,0,0,1,UPI_P2P,0
TXN_001091,1172.51,1675.02,0.7,0,0,0,0,1,UPI_P2M,0
TXN_005422,6378.43,7504.03,0.85,0,0,0,0,1,UPI_P2M,0
TXN_000403,3963.65,2331.56,1.7,0,0,0,0,1,UPI_P2P,0
TXN_000480,1762.08,1036.52,1.7,0,0,0,0,2,UPI_P2P,0
TXN_001749,14567.12,7357.13,1.98,0,0,0,0,1,UPI_P2M,0
TXN_000366,1901.91,1028.06,1.85,0,0,0,0,3,IMPS_WIRE,0
TXN_001436,17342.26,8258.22,2.1,0,0,0,0,3,UPI_P2M,0
TXN_002347,2420.13,1876.07,1.29,0,0,0,0,3,BILL_PAY,0
TXN_003961,6687.14,4052.81,1.65,0,0,0,0,2,BILL_PAY,0
TXN_002920,5467.34,3644.89,1.5,1,0,1,0,1,UPI_P2P,0
TXN_005591,9904.54,4903.24,2.02,0,0,0,0,1,UPI_P2P,0
TXN_000393,2235.84,1101.4,2.03,0,1,1,0,1,UPI_P2P,0
TXN_001508,3532.58,3798.47,0.93,0,0,0,0,1,UPI_P2P,0
TXN_004874,5195.04,5903.45,0.88,0,0,0,0,1,UPI_P2M,0
TXN_004091,250.07,423.84,0.59,0,0,0,0,3,UPI_P2M,0
TXN_005678,29617.47,5317.32,5.57,1,1,1,0,8,IMPS_WIRE,1
TXN_000565,1605.35,2032.09,0.79,0,0,0,0,2,UPI_P2M,0
TXN_001336,4224.23,4023.08,1.05,0,0,0,0,2,UPI_P2P,0
TXN_001335,4586.34,5095.93,0.9,0,0,0,0,2,UPI_P2M,0
TXN_005950,21970.04,4031.2,5.45,0,1,0,1,4,CRYPTO_ONRAMP,1
TXN_002470,9985.24,5426.76,1.84,0,1,0,0,1,UPI_P2P,0
TXN_000692,9957.99,12605.05,0.79,0,0,0,0,1,UPI_P2M,0
TXN_005474,1261.91,609.62,2.07,0,0,0,0,1,UPI_P2P,0
TXN_003208,1306.83,1177.32,1.11,0,0,0,0,1,UPI_P2P,0
TXN_000058,7667.97,3912.23,1.96,0,0,0,0,1,UPI_P2M,0
TXN_005348,14539.37,7901.83,1.84,0,0,0,0,1,BILL_PAY,0
TXN_004883,5649.38,7956.88,0.71,0,0,0,0,1,UPI_P2M,0
TXN_003472,1681.82,4312.37,0.39,0,0,0,0,1,UPI_P2P,0
TXN_001572,4585.05,3473.52,1.32,0,0,1,0,2,UPI_P2M,0
TXN_002416,10151.19,5971.29,1.7,0,0,0,0,1,UPI_P2P,0
TXN_000106,5127.75,3184.94,1.61,0,0,0,0,1,UPI_P2M,0
TXN_001852,3318.11,1737.23,1.91,0,0,0,0,1,IMPS_WIRE,0
TXN_002433,2593.52,1717.56,1.51,0,0,0,0,1,BILL_PAY,0
TXN_000756,10404.88,6268.0,1.66,0,0,0,0,1,UPI_P2M,0
TXN_002569,1635.86,3635.25,0.45,0,0,0,0,1,UPI_P2P,0
TXN_002904,4030.84,1866.13,2.16,0,0,0,0,2,UPI_P2P,0
TXN_000726,4125.25,2806.29,1.47,0,0,0,0,2,UPI_P2M,0
TXN_004084,940.62,587.89,1.6,0,0,0,0,2,UPI_P2P,0
TXN_000103,1172.39,3663.73,0.32,0,0,0,0,1,UPI_P2P,0
TXN_001316,6405.23,3905.63,1.64,0,0,0,0,2,UPI_P2M,0
TXN_001631,1511.92,1199.94,1.26,0,0,0,0,1,UPI_P2M,0
TXN_004219,847.63,2493.04,0.34,0,0,0,0,1,UPI_P2M,0
TXN_003434,1373.67,2146.36,0.64,0,0,0,0,1,BILL_PAY,0
TXN_002978,829.75,560.64,1.48,0,0,0,0,2,UPI_P2M,0
TXN_004285,2034.21,2480.75,0.82,0,1,0,0,1,UPI_P2M,0
TXN_004774,342.31,950.86,0.36,0,0,0,0,1,BILL_PAY,0
TXN_003361,2454.56,5578.54,0.44,0,0,0,0,2,UPI_P2P,0
TXN_004083,2031.85,2052.37,0.99,0,0,0,0,1,UPI_P2M,0
TXN_000971,574.5,611.17,0.94,0,0,0,0,1,UPI_P2P,0
TXN_000616,6111.2,8258.38,0.74,0,0,0,0,1,UPI_P2M,0
TXN_005675,14209.59,1085.53,13.09,1,0,0,0,12,IMPS_WIRE,1
TXN_002316,754.03,847.23,0.89,0,0,0,0,1,UPI_P2M,0
TXN_002295,7264.45,4298.49,1.69,0,0,0,0,1,UPI_P2P,0
TXN_004933,1405.18,4532.85,0.31,0,0,0,0,3,UPI_P2M,0
TXN_003448,5537.3,2768.65,2.0,0,0,0,0,1,UPI_P2M,0
TXN_003930,611.8,913.14,0.67,0,0,0,0,2,UPI_P2P,0
TXN_005613,2494.27,2267.52,1.1,0,0,0,0,1,UPI_P2P,0
TXN_002354,3873.24,5780.95,0.67,0,0,0,0,1,UPI_P2P,0
TXN_000236,947.59,442.8,2.14,0,0,0,0,2,UPI_P2M,0
TXN_001921,1099.55,3054.31,0.36,0,0,0,0,1,UPI_P2P,0
TXN_005877,28915.42,4503.96,6.42,1,1,0,0,4,CRYPTO_ONRAMP,1
TXN_002098,2456.3,3778.93,0.65,0,0,0,0,1,BILL_PAY,0
TXN_002925,2204.87,1749.9,1.26,0,0,0,0,1,UPI_P2M,0
TXN_002280,21452.21,9795.53,2.19,0,0,0,0,3,UPI_P2M,0
TXN_000219,1235.8,664.41,1.86,0,0,0,0,1,UPI_P2M,0
TXN_001909,3641.28,1957.68,1.86,0,0,0,0,1,UPI_P2P,0
TXN_001495,9382.05,4836.11,1.94,0,0,0,0,3,UPI_P2M,0
TXN_000676,10446.45,7461.75,1.4,0,0,0,0,1,UPI_P2M,0
TXN_003890,10708.16,8365.75,1.28,1,0,0,0,1,UPI_P2M,0
TXN_000468,868.58,1059.24,0.82,0,0,0,0,2,UPI_P2P,0
TXN_005611,675.83,637.58,1.06,0,0,1,0,1,UPI_P2P,0
TXN_005921,5537.5,537.1,10.31,1,1,0,0,4,CRYPTO_ONRAMP,1
TXN_005576,699.25,478.94,1.46,0,1,0,0,1,UPI_P2P,0
TXN_000330,5566.63,4033.79,1.38,0,0,0,0,1,UPI_P2M,0
TXN_000722,4911.15,4308.03,1.14,0,0,0,0,3,UPI_P2M,0
TXN_003115,5938.73,5710.32,1.04,1,0,0,0,1,UPI_P2M,0
TXN_003649,1235.02,1004.08,1.23,0,0,0,0,1,UPI_P2M,0
TXN_004010,5065.84,2532.92,2.0,0,0,1,0,1,UPI_P2M,0
TXN_002365,3190.36,5145.75,0.62,0,0,0,0,1,UPI_P2M,0
TXN_003865,13162.17,9896.37,1.33,0,0,0,0,1,UPI_P2M,0
TXN_000747,573.05,1302.39,0.44,0,1,0,0,1,UPI_P2M,0
TXN_001850,7897.16,9871.45,0.8,0,0,0,0,1,UPI_P2M,0
TXN_005995,69349.08,4971.26,13.95,1,0,1,1,4,IMPS_WIRE,1
TXN_000723,4794.31,7491.11,0.64,0,0,0,0,1,UPI_P2M,0
TXN_002273,4029.08,2189.72,1.84,0,0,0,0,1,BILL_PAY,0
TXN_005623,1991.83,1125.33,1.77,0,0,0,0,3,UPI_P2M,0
TXN_005146,925.73,2986.24,0.31,1,0,0,0,2,UPI_P2P,0
TXN_004183,5158.93,2947.96,1.75,0,0,0,0,1,BILL_PAY,0
TXN_004751,5005.9,2944.65,1.7,0,0,0,0,2,UPI_P2M,0
TXN_005440,1593.2,769.66,2.07,0,0,0,0,4,UPI_P2M,0
TXN_004787,248.87,622.17,0.4,0,0,0,0,1,UPI_P2M,0
TXN_002199,734.16,1631.47,0.45,0,0,0,0,1,UPI_P2M,0
TXN_003608,1399.19,958.35,1.46,0,0,0,0,1,UPI_P2M,0
TXN_002392,2752.48,3238.21,0.85,0,0,0,0,1,UPI_P2M,0
TXN_002766,1737.67,3159.4,0.55,0,0,0,0,1,BILL_PAY,0
TXN_003750,1943.16,1237.68,1.57,0,0,0,0,1,UPI_P2M,0
TXN_000984,1102.6,1113.74,0.99,0,0,0,0,1,UPI_P2P,0
TXN_004056,2484.55,2823.35,0.88,0,0,0,0,2,UPI_P2M,0
TXN_000070,4261.11,1981.91,2.15,0,0,0,0,1,UPI_P2M,0
TXN_000663,12628.3,13434.36,0.94,0,0,0,0,1,UPI_P2M,0
TXN_005865,4783.32,907.65,5.27,1,1,0,0,6,CRYPTO_ONRAMP,1
TXN_004825,2393.04,3519.18,0.68,0,0,0,0,1,BILL_PAY,0
TXN_000168,214.64,564.83,0.38,0,0,0,0,1,BILL_PAY,0
TXN_005166,6660.57,4757.55,1.4,0,0,0,0,1,UPI_P2M,0
TXN_004447,17577.57,14175.46,1.24,0,0,0,0,1,UPI_P2M,0
TXN_000464,1988.55,1495.15,1.33,0,0,0,0,1,UPI_P2P,0
TXN_002510,6313.8,3271.4,1.93,0,0,0,0,1,UPI_P2M,0
TXN_002565,3593.7,1871.72,1.92,0,0,0,0,1,BILL_PAY,0
TXN_001440,2294.67,3530.26,0.65,0,0,0,0,1,UPI_P2P,0
TXN_001082,3649.04,1920.55,1.9,0,0,0,0,1,UPI_P2M,0
TXN_002608,3141.41,2151.65,1.46,0,0,0,0,1,UPI_P2P,0
TXN_000916,20285.12,14086.89,1.44,0,0,0,0,1,UPI_P2M,0
TXN_005481,2224.55,1724.46,1.29,0,0,0,0,1,UPI_P2M,0
TXN_001072,4261.94,4735.49,0.9,1,0,0,0,1,UPI_P2M,0
TXN_000381,868.39,975.72,0.89,0,0,0,0,1,UPI_P2M,0
TXN_000145,2246.03,1581.71,1.42,0,0,0,0,1,BILL_PAY,0
TXN_003220,1142.2,871.91,1.31,0,0,0,0,3,UPI_P2P,0
TXN_003286,1019.98,3290.26,0.31,0,0,0,0,1,UPI_P2P,0
TXN_004152,3348.81,4716.63,0.71,0,0,0,0,1,UPI_P2M,0
TXN_000719,2768.71,1688.24,1.64,0,0,0,0,2,UPI_P2P,0
TXN_005125,5069.18,14909.36,0.34,0,0,0,0,1,UPI_P2M,0
TXN_004633,2428.09,6225.86,0.39,0,0,0,0,1,UPI_P2M,0
TXN_005031,534.71,1445.17,0.37,0,0,0,0,1,UPI_P2M,0
TXN_003221,508.65,1496.03,0.34,0,0,0,0,1,UPI_P2M,0
TXN_003901,283.52,534.94,0.53,0,0,0,0,1,UPI_P2P,0
TXN_001075,5209.32,2785.73,1.87,0,0,0,0,4,UPI_P2P,0
TXN_005127,582.79,544.66,1.07,0,0,0,0,1,UPI_P2M,0
TXN_004975,3313.98,2907.0,1.14,1,0,0,0,1,BILL_PAY,0
TXN_002546,212.0,530.0,0.4,0,0,0,0,1,UPI_P2M,0
TXN_004090,261.15,544.06,0.48,0,0,0,0,1,UPI_P2M,0
TXN_002632,1302.04,3255.09,0.4,0,0,0,0,1,BILL_PAY,0
TXN_002705,2281.43,1754.95,1.3,0,0,0,0,1,UPI_P2P,0
TXN_003733,2097.4,2036.31,1.03,0,0,1,0,1,UPI_P2M,0
TXN_003344,1970.96,2031.92,0.97,0,1,0,0,1,BILL_PAY,0
TXN_004284,18488.44,9198.23,2.01,0,0,0,0,2,UPI_P2M,0
TXN_000879,14303.94,11629.22,1.23,0,1,1,0,1,UPI_P2M,0
TXN_005607,1591.25,4187.49,0.38,0,0,0,0,1,BILL_PAY,0
TXN_002070,5750.45,4228.27,1.36,0,0,0,0,3,UPI_P2M,0
TXN_002321,9433.56,10599.51,0.89,0,0,0,0,2,UPI_P2P,0
TXN_005845,18540.23,1696.27,10.93,1,1,0,0,12,IMPS_WIRE,1
TXN_003805,1284.87,1835.53,0.7,0,0,0,0,1,UPI_P2M,0
TXN_002390,1010.77,1365.9,0.74,0,0,0,0,1,UPI_P2P,0
TXN_002715,7307.44,4402.07,1.66,0,0,0,0,2,UPI_P2M,0
TXN_005726,11400.34,1074.49,10.61,1,1,0,0,6,CRYPTO_ONRAMP,1
TXN_000858,1335.31,609.73,2.19,0,0,0,0,1,UPI_P2M,0
TXN_002060,1562.49,941.26,1.66,0,0,0,0,2,BILL_PAY,0
TXN_000196,18035.48,16699.52,1.08,0,0,0,0,1,UPI_P2M,0
TXN_000745,2440.04,2121.77,1.15,0,0,0,0,1,UPI_P2M,0
TXN_004371,3961.6,3601.45,1.1,0,0,0,0,1,UPI_P2P,0
TXN_005268,3973.38,3579.62,1.11,0,0,0,0,2,UPI_P2M,0
TXN_002792,10641.15,6528.31,1.63,0,0,0,0,1,UPI_P2M,0
TXN_002789,8845.46,4076.25,2.17,0,0,0,0,1,UPI_P2M,0
TXN_002495,8798.1,4998.92,1.76,1,0,0,0,3,UPI_P2P,0
TXN_003408,1468.27,2669.59,0.55,1,0,0,0,3,BILL_PAY,0
TXN_002960,2222.34,1576.13,1.41,0,0,0,0,2,UPI_P2M,0
TXN_000596,908.1,644.04,1.41,0,0,0,0,1,BILL_PAY,0
TXN_004775,5536.05,2623.72,2.11,0,0,0,0,1,UPI_P2M,0
TXN_004355,1078.34,645.71,1.67,0,0,0,0,1,UPI_P2M,0
TXN_002531,20200.31,9853.81,2.05,0,0,0,0,1,UPI_P2P,0
TXN_004388,5794.12,10729.85,0.54,0,0,0,0,1,UPI_P2P,0
TXN_004522,10636.77,13464.26,0.79,0,0,0,0,2,UPI_P2M,0
TXN_001726,3986.15,2522.88,1.58,0,0,0,0,1,UPI_P2P,0
TXN_003738,2700.35,2177.7,1.24,1,0,0,0,1,BILL_PAY,0
TXN_005392,14940.91,9110.31,1.64,0,0,0,0,3,UPI_P2M,0
TXN_001372,662.81,1162.82,0.57,0,1,0,0,1,UPI_P2M,0
TXN_004999,17583.15,8372.93,2.1,0,0,0,0,1,UPI_P2M,0
TXN_001415,849.41,2359.46,0.36,0,0,0,0,2,UPI_P2M,0
TXN_002964,8925.8,5649.24,1.58,0,0,0,0,1,UPI_P2M,0
TXN_004161,1443.7,891.17,1.62,0,0,0,0,4,UPI_P2M,0
TXN_004136,952.4,1867.45,0.51,0,0,0,0,2,UPI_P2M,0
TXN_005149,7499.98,7653.04,0.98,0,0,0,0,1,UPI_P2M,0
TXN_004766,1418.53,685.28,2.07,0,0,0,0,1,UPI_P2M,0
TXN_002836,5930.29,7059.87,0.84,0,0,0,0,2,UPI_P2M,0
TXN_001552,10090.45,9009.33,1.12,0,0,0,0,1,UPI_P2M,0
TXN_004200,15350.84,7240.96,2.12,0,0,0,0,3,UPI_P2P,0
TXN_004593,7746.23,4638.46,1.67,0,0,0,0,1,UPI_P2M,0
TXN_004352,1323.88,1765.18,0.75,0,0,0,0,1,UPI_P2M,0
TXN_005909,19633.43,3029.85,6.48,1,0,1,0,4,IMPS_WIRE,1
TXN_000317,3810.44,2908.73,1.31,0,0,1,0,1,UPI_P2M,0
TXN_005722,11053.8,1260.41,8.77,1,1,1,1,6,IMPS_WIRE,1
TXN_001936,1404.22,2160.34,0.65,0,0,0,0,2,UPI_P2M,0
TXN_005216,450.87,980.16,0.46,0,0,0,0,1,UPI_P2P,0
TXN_003948,5273.36,2760.92,1.91,0,0,0,0,1,UPI_P2M,0
TXN_005207,1145.97,1348.2,0.85,0,0,0,0,2,BILL_PAY,0
TXN_001730,7008.39,4580.65,1.53,0,0,0,0,3,IMPS_WIRE,0
TXN_000899,2116.28,4809.72,0.44,0,0,0,0,1,UPI_P2M,0
TXN_002369,2797.31,2913.86,0.96,0,0,0,0,1,BILL_PAY,0
TXN_002373,530.88,1327.2,0.4,0,0,0,0,1,UPI_P2M,0
TXN_001961,11304.96,10665.06,1.06,0,0,0,0,1,IMPS_WIRE,0
TXN_003910,11969.47,8673.53,1.38,0,0,0,0,2,UPI_P2M,0
TXN_001301,1550.28,3875.7,0.4,0,0,0,0,3,UPI_P2M,0
TXN_000605,3326.43,1518.92,2.19,0,0,0,0,1,UPI_P2M,0
TXN_005908,12604.74,1325.42,9.51,1,0,1,0,6,CRYPTO_ONRAMP,1
TXN_005151,16509.62,8876.14,1.86,0,0,0,0,2,IMPS_WIRE,0
TXN_002996,594.24,446.8,1.33,0,0,0,0,2,UPI_P2M,0
TXN_005349,15042.45,12431.78,1.21,0,0,0,0,1,UPI_P2M,0
TXN_004471,2674.87,2571.99,1.04,1,0,1,0,1,UPI_P2M,0
TXN_005371,1838.4,1032.81,1.78,0,0,0,0,1,UPI_P2M,0
TXN_004085,1611.87,2405.78,0.67,1,0,0,0,1,UPI_P2M,0
TXN_004515,23000.24,20720.94,1.11,0,0,0,0,1,BILL_PAY,0
TXN_000073,582.15,1573.37,0.37,0,0,0,0,1,UPI_P2M,0
TXN_002277,1949.17,984.43,1.98,0,0,0,0,2,UPI_P2P,0
TXN_000838,5159.24,5862.77,0.88,0,0,0,0,2,BILL_PAY,0
TXN_001229,3657.55,2454.73,1.49,0,0,0,0,1,UPI_P2M,0
TXN_002157,1694.89,864.74,1.96,1,0,0,0,1,IMPS_WIRE,0
TXN_005885,2351.71,530.86,4.43,0,0,1,0,4,UPI_P2P,1
TXN_004909,4179.77,3572.45,1.17,0,0,0,0,3,UPI_P2P,0
TXN_001217,12644.57,14875.96,0.85,0,0,0,0,2,BILL_PAY,0
TXN_000394,3672.51,3464.63,1.06,0,0,0,0,1,UPI_P2M,0
TXN_004474,11848.18,5723.76,2.07,0,1,0,0,1,IMPS_WIRE,0
TXN_000697,1355.96,1051.13,1.29,0,0,0,0,1,UPI_P2M,0
TXN_003634,1178.29,1143.97,1.03,0,0,0,0,2,BILL_PAY,0
TXN_003791,4514.2,4299.24,1.05,0,0,1,0,1,BILL_PAY,0
TXN_001093,8540.79,4106.15,2.08,0,0,0,0,1,BILL_PAY,0
TXN_005095,590.53,1054.52,0.56,0,0,0,0,1,UPI_P2P,0
TXN_005202,673.66,1005.46,0.67,0,0,0,0,1,UPI_P2M,0
TXN_001115,1422.08,1634.58,0.87,0,0,0,0,1,UPI_P2P,0
TXN_005861,11631.06,887.19,13.11,1,1,1,0,6,CRYPTO_ONRAMP,1
TXN_005412,6061.9,11225.74,0.54,0,0,0,0,1,UPI_P2P,0
TXN_005954,45981.85,5041.87,9.12,1,1,1,0,8,CRYPTO_ONRAMP,1
TXN_002208,2769.22,2251.4,1.23,0,0,0,0,2,UPI_P2M,0
TXN_002219,3414.26,1907.41,1.79,0,0,0,0,1,UPI_P2P,0
TXN_000742,977.17,3152.17,0.31,0,0,0,0,1,IMPS_WIRE,0
TXN_002834,8792.94,4652.35,1.89,0,0,0,0,1,UPI_P2M,0
TXN_000079,7530.32,4303.04,1.75,0,0,0,0,1,UPI_P2M,0
TXN_002881,11286.29,5426.1,2.08,0,0,0,0,1,UPI_P2M,0
TXN_002091,3481.85,2203.7,1.58,0,0,0,0,1,UPI_P2P,0
TXN_001820,1108.09,1605.93,0.69,0,0,0,0,4,UPI_P2M,0
TXN_005370,864.96,1290.99,0.67,0,0,0,0,2,UPI_P2M,0
TXN_002088,16730.68,7639.58,2.19,0,0,0,0,2,UPI_P2P,0
TXN_004286,2234.21,2148.28,1.04,0,0,0,0,1,UPI_P2P,0
TXN_002016,3477.99,4293.82,0.81,0,0,0,0,1,UPI_P2M,0
TXN_005638,802.92,922.9,0.87,0,0,0,0,1,UPI_P2P,0
TXN_003618,2215.97,1846.64,1.2,1,0,0,0,1,UPI_P2P,0
TXN_005061,363.85,472.53,0.77,0,0,0,0,2,UPI_P2P,0
TXN_002713,3442.52,2458.94,1.4,0,0,0,0,1,UPI_P2M,0
TXN_001137,4220.72,2740.73,1.54,0,0,0,0,1,UPI_P2P,0
TXN_001023,12165.77,7284.89,1.67,0,0,0,0,1,BILL_PAY,0
TXN_000583,1874.79,1013.4,1.85,0,0,0,0,1,UPI_P2M,0
TXN_004845,3951.39,2090.68,1.89,0,0,0,0,2,UPI_P2M,0
TXN_001331,5195.24,2637.18,1.97,0,0,0,0,3,BILL_PAY,0
TXN_000878,24452.77,13435.59,1.82,0,0,0,0,1,UPI_P2P,0
TXN_003380,21581.7,25390.23,0.85,0,0,0,0,1,UPI_P2M,0
TXN_005524,560.21,543.89,1.03,0,0,0,0,1,UPI_P2M,0
TXN_005996,4741.79,817.55,5.8,1,1,0,1,4,UPI_P2P,1
TXN_000078,11593.14,15254.13,0.76,0,0,0,0,3,UPI_P2P,0
TXN_001933,767.93,791.68,0.97,0,0,0,0,3,UPI_P2M,0
TXN_003769,5670.92,5846.31,0.97,0,0,0,0,2,UPI_P2P,0
TXN_001201,817.3,1857.51,0.44,0,0,0,0,1,UPI_P2M,0
TXN_001853,21169.76,10691.8,1.98,0,0,0,0,2,UPI_P2P,0
TXN_003652,3033.0,1524.12,1.99,0,0,0,0,1,UPI_P2M,0
TXN_001041,208.49,496.4,0.42,0,0,0,0,1,UPI_P2M,0
TXN_001221,4287.6,3223.76,1.33,0,0,0,0,1,UPI_P2P,0
TXN_000063,1448.99,1305.4,1.11,0,0,0,0,1,UPI_P2P,0
TXN_000003,596.21,993.69,0.6,0,0,1,0,1,UPI_P2P,0
TXN_005872,22975.26,1602.18,14.34,1,1,1,0,6,IMPS_WIRE,1
TXN_003074,3582.88,2912.91,1.23,0,0,0,0,2,UPI_P2M,0
TXN_000369,3966.57,2144.09,1.85,0,0,0,0,1,BILL_PAY,0
TXN_001416,4203.79,2694.74,1.56,0,0,0,0,1,UPI_P2M,0
TXN_000832,11424.8,9213.55,1.24,0,0,0,0,1,BILL_PAY,0
TXN_005938,79490.14,5739.36,13.85,1,1,1,0,4,CRYPTO_ONRAMP,1
TXN_004514,1720.06,3307.81,0.52,0,0,0,0,1,UPI_P2M,0
TXN_001079,898.47,935.91,0.96,0,0,0,0,1,BILL_PAY,0
TXN_001207,954.3,2726.57,0.35,0,0,0,0,2,UPI_P2M,0
TXN_004563,4573.13,2147.01,2.13,0,0,0,0,2,UPI_P2M,0
TXN_005037,3461.22,3933.2,0.88,0,0,0,0,2,UPI_P2P,0
TXN_005741,26884.55,3274.61,8.21,1,1,1,0,8,IMPS_WIRE,1
TXN_003520,4836.51,3100.33,1.56,0,0,1,0,1,UPI_P2M,0
TXN_002066,1072.72,1510.87,0.71,1,0,0,0,1,UPI_P2M,0
TXN_003622,1108.86,846.46,1.31,0,0,0,0,1,BILL_PAY,0
TXN_002117,3967.57,1954.47,2.03,0,0,0,0,1,UPI_P2M,0
TXN_004597,18226.8,9905.87,1.84,0,0,0,0,1,UPI_P2M,0
TXN_000210,7451.33,4307.13,1.73,0,0,0,0,3,UPI_P2M,0
TXN_001184,1168.76,859.38,1.36,0,0,0,0,3,BILL_PAY,0
TXN_001320,17831.5,10939.57,1.63,1,0,0,0,1,UPI_P2M,0
TXN_004415,1710.71,2138.39,0.8,0,0,0,0,2,UPI_P2M,0
TXN_004208,351.62,901.59,0.39,0,0,1,0,1,UPI_P2M,0
TXN_001976,914.72,483.98,1.89,0,0,0,0,1,BILL_PAY,0
TXN_002353,2505.11,2277.37,1.1,0,0,0,0,1,IMPS_WIRE,0
TXN_005946,18454.08,3868.78,4.77,1,1,1,0,12,UPI_P2P,1
TXN_004649,14010.69,7698.18,1.82,0,0,0,0,1,UPI_P2M,0
TXN_005985,16646.39,1394.17,11.94,1,1,1,0,6,IMPS_WIRE,1
TXN_003639,794.71,1655.65,0.48,0,0,1,0,1,UPI_P2M,0
TXN_005383,8927.26,5951.51,1.5,0,0,0,0,1,UPI_P2M,0
TXN_003193,3805.7,2554.16,1.49,0,0,0,0,1,UPI_P2M,0
TXN_005430,9118.02,6288.29,1.45,0,0,0,0,1,UPI_P2M,0
TXN_000258,196.69,561.96,0.35,0,0,0,0,1,UPI_P2P,0
TXN_001328,6002.68,5507.05,1.09,0,0,0,0,1,UPI_P2P,0
TXN_001506,2708.02,3185.91,0.85,0,0,0,0,2,UPI_P2M,0
TXN_004894,508.93,727.04,0.7,0,0,0,0,3,UPI_P2P,0
TXN_004441,3966.28,3479.19,1.14,0,0,0,0,1,UPI_P2P,0
TXN_002191,274.63,624.17,0.44,0,0,0,0,1,UPI_P2M,0
TXN_002641,19417.95,15916.35,1.22,0,0,0,0,2,UPI_P2M,0
TXN_004976,4604.29,2914.11,1.58,0,0,0,0,1,UPI_P2P,0
TXN_001786,2268.34,1718.44,1.32,0,0,1,0,2,UPI_P2M,0
TXN_003661,1818.63,1388.27,1.31,0,0,0,0,1,UPI_P2M,0
TXN_004248,2418.25,1119.56,2.16,0,0,0,0,4,UPI_P2M,0
TXN_002449,832.72,957.15,0.87,0,0,0,0,2,BILL_PAY,0
TXN_000640,1172.56,938.05,1.25,0,0,0,0,3,BILL_PAY,0
TXN_002851,1573.86,1622.54,0.97,0,0,0,0,1,UPI_P2M,0
TXN_003650,2996.76,1984.61,1.51,1,0,0,0,2,UPI_P2M,0
TXN_001429,471.17,1273.44,0.37,0,0,0,0,1,UPI_P2M,0
TXN_002441,1426.73,1198.93,1.19,0,0,0,0,1,BILL_PAY,0
TXN_001567,13094.69,9845.63,1.33,1,0,0,0,3,UPI_P2P,0
TXN_004576,3898.99,3144.35,1.24,1,0,0,0,1,UPI_P2P,0
TXN_000244,467.12,562.79,0.83,0,0,0,0,1,UPI_P2M,0
TXN_000388,3471.89,5986.02,0.58,0,0,0,0,3,UPI_P2M,0
TXN_001892,819.13,438.04,1.87,0,0,0,0,2,UPI_P2M,0
TXN_003308,1303.6,775.95,1.68,0,0,0,0,1,UPI_P2M,0
TXN_001381,296.9,957.73,0.31,0,0,0,0,1,UPI_P2M,0
TXN_000877,336.44,442.68,0.76,0,0,0,0,2,UPI_P2M,0
TXN_005311,1656.76,1949.13,0.85,0,0,0,0,2,UPI_P2M,0
TXN_002227,12180.55,6656.04,1.83,0,0,0,0,1,UPI_P2P,0
TXN_002334,1492.78,789.83,1.89,0,0,0,0,2,UPI_P2M,0
TXN_000545,12545.26,16953.06,0.74,0,0,0,0,1,BILL_PAY,0
TXN_003941,695.53,594.47,1.17,0,0,0,0,1,UPI_P2M,0
TXN_004364,1569.23,2210.19,0.71,0,0,0,0,1,UPI_P2M,0
TXN_004530,863.67,1270.11,0.68,0,0,1,0,1,UPI_P2M,0
TXN_002830,17751.46,11913.73,1.49,0,0,0,0,1,UPI_P2P,0
TXN_003080,1723.43,911.87,1.89,0,0,0,0,2,UPI_P2M,0
TXN_003761,2537.26,2013.7,1.26,1,0,0,0,1,UPI_P2P,0
TXN_004442,474.76,521.71,0.91,0,0,0,0,1,UPI_P2M,0
TXN_000657,5875.78,3176.1,1.85,0,0,0,0,2,UPI_P2M,0
TXN_001890,8332.25,4145.4,2.01,0,0,0,0,1,BILL_PAY,0
TXN_005453,3979.26,3684.5,1.08,0,0,0,0,1,UPI_P2M,0
TXN_005272,8953.67,5087.31,1.76,0,0,0,0,1,UPI_P2P,0
TXN_000301,869.57,1047.67,0.83,0,0,0,0,1,UPI_P2P,0
TXN_000979,4400.89,4000.81,1.1,0,0,0,0,1,UPI_P2M,0
TXN_002827,1170.63,1206.83,0.97,0,0,0,0,2,BILL_PAY,0
TXN_000911,639.16,1205.97,0.53,0,0,0,0,2,UPI_P2M,0
TXN_003578,2795.88,1503.16,1.86,0,0,0,0,1,UPI_P2M,0
TXN_000348,1207.33,826.94,1.46,1,0,0,0,1,UPI_P2M,0
TXN_003885,1303.0,780.24,1.67,0,0,0,0,3,UPI_P2M,0
TXN_005393,2247.53,4885.93,0.46,1,0,0,0,1,UPI_P2M,0
TXN_003025,13101.52,6298.81,2.08,0,0,0,0,2,UPI_P2M,0
TXN_000087,2125.55,2911.71,0.73,0,0,0,0,3,UPI_P2M,0
TXN_000151,767.31,585.73,1.31,0,0,0,0,1,IMPS_WIRE,0
TXN_000957,20030.61,20030.61,1.0,0,0,0,0,1,UPI_P2M,0
TXN_000298,10018.09,8348.41,1.2,0,0,0,0,1,UPI_P2M,0
TXN_003872,4402.82,5060.71,0.87,1,0,0,0,2,UPI_P2M,0
TXN_001064,2433.1,3924.35,0.62,0,0,0,0,2,BILL_PAY,0
TXN_002434,1125.18,1939.97,0.58,0,0,0,0,2,BILL_PAY,0
TXN_005487,2184.09,1391.14,1.57,0,0,0,0,1,UPI_P2M,0
TXN_002079,5990.65,3120.13,1.92,0,1,0,0,3,UPI_P2P,0
TXN_000669,1874.61,1179.0,1.59,0,0,0,0,1,UPI_P2M,0
TXN_002654,2775.24,2668.5,1.04,0,0,0,0,2,UPI_P2P,0
TXN_003303,1556.33,2992.94,0.52,0,1,0,0,2,UPI_P2P,0
TXN_004620,4507.44,2799.65,1.61,0,0,0,0,1,UPI_P2M,0
TXN_002023,2501.7,2253.78,1.11,0,0,1,0,1,UPI_P2M,0
TXN_005882,20274.73,2999.22,6.76,1,1,1,1,4,IMPS_WIRE,1
TXN_005309,18936.6,9661.53,1.96,1,0,0,0,1,UPI_P2P,0
TXN_005520,16684.73,9426.4,1.77,0,0,0,0,1,UPI_P2P,0
TXN_000373,2662.95,1324.85,2.01,0,0,0,0,1,UPI_P2M,0
TXN_005575,14096.7,7342.03,1.92,0,0,0,0,1,UPI_P2P,0
TXN_004672,12057.2,6889.83,1.75,0,0,0,0,1,UPI_P2P,0
TXN_000291,5510.27,2551.05,2.16,1,0,1,0,3,UPI_P2M,0
TXN_005332,8984.55,7881.18,1.14,1,0,0,0,1,UPI_P2M,0
TXN_004868,7539.99,5199.99,1.45,0,0,0,0,1,UPI_P2M,0
TXN_002891,4384.07,4097.26,1.07,0,0,0,0,1,UPI_P2M,0
TXN_002300,1797.46,2219.09,0.81,0,0,0,0,1,BILL_PAY,0
TXN_000223,13155.47,6264.51,2.1,0,0,0,0,1,UPI_P2M,0
TXN_000909,2861.16,1625.66,1.76,0,0,0,0,1,UPI_P2P,0
TXN_003494,2813.2,2364.03,1.19,0,0,0,0,3,UPI_P2P,0
TXN_004955,376.52,1045.9,0.36,0,0,0,0,1,UPI_P2M,0
TXN_003913,4830.56,2502.88,1.93,0,0,0,0,1,UPI_P2M,0
TXN_000541,2726.88,5801.87,0.47,0,0,0,0,1,UPI_P2M,0
TXN_005352,2244.37,1034.27,2.17,0,0,0,0,2,UPI_P2M,0
TXN_002214,646.27,1346.39,0.48,0,0,0,0,2,UPI_P2P,0
TXN_004570,3965.08,2697.33,1.47,0,0,0,0,4,UPI_P2P,0
TXN_003749,1274.3,663.7,1.92,0,0,0,0,1,UPI_P2M,0
TXN_004231,23844.15,11862.76,2.01,0,0,0,0,1,UPI_P2M,0
TXN_002019,24698.84,13645.77,1.81,0,0,0,0,1,UPI_P2P,0
TXN_001317,257.49,415.3,0.62,0,0,0,0,2,UPI_P2P,0
TXN_001410,423.14,431.78,0.98,0,0,0,0,2,UPI_P2M,0
TXN_001171,2265.48,5268.56,0.43,0,0,0,0,1,IMPS_WIRE,0
TXN_004203,1764.75,2521.07,0.7,0,0,0,0,1,UPI_P2M,0
TXN_004748,4773.34,4045.2,1.18,0,0,0,0,1,UPI_P2P,0
TXN_004532,5899.93,5618.98,1.05,0,0,0,0,1,UPI_P2M,0
TXN_001887,3169.34,1875.35,1.69,0,0,0,0,1,IMPS_WIRE,0
TXN_003895,681.0,486.43,1.4,0,0,0,0,1,UPI_P2M,0
TXN_003675,9806.84,4692.27,2.09,1,1,0,0,2,UPI_P2M,0
TXN_001663,9914.23,5730.77,1.73,0,0,0,0,1,UPI_P2M,0
TXN_000537,181.67,550.52,0.33,0,0,0,0,2,UPI_P2M,0
TXN_005761,17404.81,3973.7,4.38,0,0,0,0,6,IMPS_WIRE,1
TXN_003528,1462.69,2759.79,0.53,0,0,0,0,1,UPI_P2P,0
TXN_001564,1939.91,4310.91,0.45,0,0,0,0,1,UPI_P2P,0
TXN_003818,1615.89,4252.34,0.38,0,0,0,0,2,UPI_P2P,0
TXN_003636,3734.93,1753.49,2.13,0,0,0,0,1,UPI_P2M,0
TXN_001854,4234.84,5102.22,0.83,0,0,0,0,1,BILL_PAY,0
TXN_005200,3498.78,2844.54,1.23,1,0,0,0,1,UPI_P2P,0
TXN_004979,8942.14,5139.16,1.74,1,0,0,0,1,UPI_P2M,0
TXN_004316,3114.26,4325.36,0.72,1,0,0,0,1,UPI_P2P,0
TXN_005506,4607.25,2915.98,1.58,0,0,0,0,2,IMPS_WIRE,0
TXN_000800,1426.86,713.43,2.0,0,0,1,0,2,UPI_P2M,0
TXN_000007,4656.75,6652.5,0.7,0,0,0,0,3,UPI_P2M,0
TXN_000639,2972.81,1369.96,2.17,0,0,0,0,1,UPI_P2M,0
TXN_000481,1018.62,702.5,1.45,0,0,0,0,1,UPI_P2M,0
TXN_000463,794.97,2338.15,0.34,0,0,0,0,2,UPI_P2M,0
TXN_001288,1971.09,1296.77,1.52,1,0,0,0,3,UPI_P2M,0
TXN_002933,5507.69,4831.31,1.14,0,0,0,0,1,BILL_PAY,0
TXN_003228,5742.01,8700.02,0.66,1,0,0,0,1,UPI_P2P,0
TXN_000319,2327.21,3062.12,0.76,0,0,0,0,1,UPI_P2P,0
TXN_005206,10605.36,5924.78,1.79,0,0,0,0,1,UPI_P2P,0
TXN_005018,4001.35,4168.07,0.96,0,0,0,0,2,UPI_P2M,0
TXN_000930,11521.49,6858.03,1.68,0,1,0,0,1,UPI_P2M,0
TXN_004991,2796.8,1928.83,1.45,0,0,0,0,1,UPI_P2M,0
TXN_001263,5072.59,6111.56,0.83,0,0,0,0,1,UPI_P2P,0
TXN_003108,10224.85,5587.35,1.83,0,0,0,0,1,IMPS_WIRE,0
TXN_002456,10737.97,7954.05,1.35,0,0,0,0,1,UPI_P2P,0
TXN_000711,2179.91,1730.09,1.26,0,0,0,0,1,UPI_P2M,0
TXN_001168,850.33,825.56,1.03,0,0,0,0,1,UPI_P2M,0
TXN_004708,1121.26,2607.59,0.43,0,0,0,0,1,UPI_P2M,0
TXN_001240,1568.62,866.64,1.81,0,0,0,0,3,UPI_P2M,0
TXN_002720,964.97,507.88,1.9,0,0,0,0,1,UPI_P2M,0
TXN_005688,70594.21,7985.77,8.84,1,1,1,0,4,IMPS_WIRE,1
TXN_001473,2636.41,5380.43,0.49,0,0,0,0,1,UPI_P2M,0
TXN_002506,1694.5,1033.23,1.64,0,0,0,0,1,UPI_P2M,0
TXN_000586,8118.04,3758.35,2.16,0,0,0,0,2,BILL_PAY,0
TXN_000587,3078.69,3897.08,0.79,0,0,1,0,1,BILL_PAY,0
TXN_000787,9841.46,5072.92,1.94,0,0,0,0,1,UPI_P2P,0
TXN_003082,1416.14,1402.12,1.01,0,1,0,0,1,UPI_P2P,0
TXN_002401,370.98,862.75,0.43,0,0,0,0,2,UPI_P2M,0
TXN_005008,940.02,2848.55,0.33,0,0,0,0,1,UPI_P2P,0
TXN_002069,4519.84,4966.86,0.91,0,0,0,0,1,UPI_P2M,0
TXN_002243,2095.61,1225.5,1.71,0,0,0,0,2,UPI_P2M,0
TXN_000498,924.65,1967.33,0.47,0,0,0,0,1,UPI_P2M,0
TXN_000062,887.18,1739.56,0.51,0,0,0,0,2,BILL_PAY,0
TXN_000523,11759.66,7999.77,1.47,0,0,0,0,1,UPI_P2M,0
TXN_002021,6321.76,7437.36,0.85,0,0,1,0,1,UPI_P2M,0
TXN_001279,2599.33,2987.73,0.87,0,0,0,0,3,UPI_P2M,0
TXN_002413,1891.61,3152.68,0.6,0,0,0,0,1,UPI_P2M,0
TXN_005388,385.18,1242.5,0.31,0,0,0,0,1,UPI_P2M,0
TXN_005724,61754.01,7290.91,8.47,1,1,0,0,8,IMPS_WIRE,1
TXN_005315,1582.91,1217.62,1.3,0,0,0,0,1,UPI_P2P,0
TXN_004144,804.32,2437.34,0.33,0,0,0,0,2,UPI_P2P,0
TXN_005510,4590.39,2175.54,2.11,0,0,0,0,1,UPI_P2M,0
TXN_003628,2366.86,1753.23,1.35,0,0,0,0,1,UPI_P2M,0
TXN_004440,1446.26,2036.99,0.71,0,0,0,0,1,UPI_P2P,0
TXN_002637,2915.07,1637.68,1.78,0,0,0,0,2,UPI_P2M,0
TXN_000739,10802.93,6173.1,1.75,0,0,0,0,2,UPI_P2M,0
TXN_002505,1234.63,1102.35,1.12,0,0,0,0,1,UPI_P2P,0
TXN_003754,2094.37,2276.49,0.92,0,0,0,0,2,UPI_P2M,0
TXN_001074,2500.85,2551.89,0.98,0,0,0,0,1,UPI_P2M,0
TXN_001575,6750.03,5818.99,1.16,0,0,0,0,1,UPI_P2M,0
TXN_003552,17025.11,11581.71,1.47,0,0,0,0,1,UPI_P2M,0
TXN_004041,979.24,1717.96,0.57,0,0,0,0,1,UPI_P2P,0
TXN_004936,2021.57,1579.35,1.28,0,0,0,0,2,IMPS_WIRE,0
TXN_005387,1625.33,2390.19,0.68,0,0,0,0,3,UPI_P2M,0
TXN_001681,4893.65,5967.87,0.82,0,0,0,0,2,UPI_P2M,0
TXN_003804,1681.44,1128.48,1.49,0,0,1,0,1,IMPS_WIRE,0
TXN_003005,3003.04,3850.05,0.78,0,0,0,0,1,UPI_P2P,0
TXN_004638,4557.83,4848.76,0.94,0,0,0,0,2,BILL_PAY,0
TXN_004335,2607.8,1417.28,1.84,0,0,1,0,2,UPI_P2M,0
TXN_000902,1655.75,1925.29,0.86,0,0,0,0,1,UPI_P2M,0
TXN_003407,805.76,445.17,1.81,0,0,0,0,1,UPI_P2P,0
TXN_005245,3510.27,3857.44,0.91,0,0,0,0,1,UPI_P2P,0
TXN_003300,13075.35,9273.3,1.41,0,0,1,0,1,UPI_P2P,0
TXN_001666,6482.46,3790.91,1.71,0,0,0,0,3,UPI_P2P,0
TXN_002487,4929.69,3005.91,1.64,0,0,0,0,1,UPI_P2M,0
TXN_000717,4315.62,2748.8,1.57,0,0,0,0,1,IMPS_WIRE,0
TXN_002989,335.83,579.01,0.58,0,0,0,0,1,UPI_P2M,0
TXN_000009,2170.53,1669.64,1.3,0,1,0,0,1,UPI_P2M,0
TXN_005360,333.84,439.26,0.76,0,0,0,0,1,UPI_P2M,0
TXN_005354,5077.5,3846.59,1.32,0,0,0,0,1,UPI_P2M,0
TXN_004605,8310.81,5894.19,1.41,0,0,0,0,1,UPI_P2M,0
TXN_004494,4286.28,2050.85,2.09,0,0,0,0,1,UPI_P2M,0
TXN_000956,3302.7,1676.5,1.97,0,0,0,0,1,UPI_P2M,0
TXN_005492,7627.48,7783.14,0.98,0,0,0,0,3,UPI_P2M,0
TXN_002265,2157.58,3371.22,0.64,0,0,0,0,1,UPI_P2M,0
TXN_004876,940.94,1881.88,0.5,0,0,0,0,1,IMPS_WIRE,0
TXN_000628,4983.36,4449.43,1.12,0,0,0,0,2,BILL_PAY,0
TXN_002218,551.38,664.31,0.83,0,0,0,0,1,UPI_P2M,0
TXN_001975,756.9,1022.84,0.74,0,0,0,0,2,UPI_P2P,0
TXN_003553,628.57,1461.78,0.43,0,0,0,0,1,UPI_P2M,0
TXN_004445,834.79,1703.66,0.49,0,0,0,0,1,UPI_P2M,0
TXN_000080,2267.45,1349.67,1.68,0,0,0,0,1,UPI_P2M,0
TXN_003860,5082.77,2342.29,2.17,0,0,0,0,1,UPI_P2M,0
TXN_004525,14221.98,11110.92,1.28,0,1,0,0,2,UPI_P2M,0
TXN_002099,412.52,491.09,0.84,0,0,0,0,1,UPI_P2M,0
TXN_002207,6513.09,4284.93,1.52,1,0,0,0,1,UPI_P2M,0
TXN_005855,19818.83,1911.17,10.37,1,1,0,1,12,CRYPTO_ONRAMP,1
TXN_000265,1169.99,603.09,1.94,0,0,1,0,1,UPI_P2P,0
TXN_005529,7491.31,3601.59,2.08,0,0,0,0,1,UPI_P2P,0
TXN_000146,188.11,508.41,0.37,0,0,0,0,1,UPI_P2P,0
TXN_005471,5940.37,3807.93,1.56,0,0,0,0,1,UPI_P2M,0
TXN_003951,2456.29,3411.51,0.72,0,0,0,0,2,UPI_P2P,0
TXN_003915,1573.9,3278.96,0.48,0,0,0,0,3,UPI_P2M,0
TXN_004510,835.09,538.77,1.55,0,0,0,0,1,UPI_P2M,0
TXN_001775,2274.86,1660.48,1.37,0,0,0,0,1,UPI_P2P,0
TXN_004124,1778.29,1252.32,1.42,0,0,1,0,1,UPI_P2M,0
TXN_004270,5175.41,2627.11,1.97,0,0,0,0,1,UPI_P2M,0
TXN_001821,2744.56,1352.0,2.03,0,0,0,0,1,UPI_P2M,0
TXN_000205,4066.76,8652.68,0.47,0,0,0,0,1,UPI_P2M,0
TXN_002305,11582.89,11355.77,1.02,0,0,0,0,2,UPI_P2M,0
TXN_004545,1892.32,1296.11,1.46,0,0,0,0,1,UPI_P2M,0
TXN_002520,10151.78,4952.09,2.05,0,0,0,0,1,UPI_P2M,0
TXN_005428,2111.58,1552.63,1.36,0,0,0,0,1,BILL_PAY,0
TXN_003266,6494.11,3230.9,2.01,0,0,0,0,1,UPI_P2M,0
TXN_005303,1524.81,2209.87,0.69,0,0,0,0,3,UPI_P2P,0
TXN_003444,1186.98,1211.2,0.98,0,0,0,0,1,UPI_P2M,0
TXN_004402,5873.01,2694.04,2.18,0,0,0,0,3,UPI_P2M,0
TXN_000610,3378.22,4119.78,0.82,0,0,0,0,1,UPI_P2M,0
TXN_004230,10600.04,11397.89,0.93,0,0,0,0,1,UPI_P2M,0
TXN_004698,659.85,2062.03,0.32,0,0,0,0,1,UPI_P2P,0
TXN_002597,11329.75,5473.31,2.07,0,0,0,0,1,UPI_P2M,0
TXN_005587,16954.26,10465.59,1.62,0,0,0,0,2,UPI_P2P,0
TXN_001361,15052.16,8409.03,1.79,0,0,0,0,1,BILL_PAY,0
TXN_001215,3420.61,1718.9,1.99,1,0,0,0,1,UPI_P2P,0
TXN_001948,9353.96,5002.12,1.87,0,0,0,0,1,UPI_P2P,0
TXN_002798,2374.42,1962.33,1.21,0,0,0,0,1,UPI_P2M,0
TXN_000831,4623.64,3612.22,1.28,0,0,1,0,2,UPI_P2M,0
TXN_002439,5856.79,3615.3,1.62,0,0,0,0,1,UPI_P2P,0
TXN_001222,10194.77,5422.75,1.88,0,0,0,0,3,UPI_P2M,0
TXN_000893,8338.38,4169.19,2.0,0,0,0,0,1,UPI_P2M,0
TXN_001161,14501.96,8736.12,1.66,0,0,0,0,3,UPI_P2M,0
TXN_000901,19333.4,11372.59,1.7,0,1,0,0,2,UPI_P2M,0
TXN_005194,1911.89,889.25,2.15,0,0,0,0,1,UPI_P2P,0
TXN_002532,2615.25,2842.66,0.92,0,0,0,0,2,UPI_P2M,0
TXN_002005,1797.73,4384.71,0.41,0,1,1,0,2,UPI_P2P,0
TXN_001227,3125.04,3255.25,0.96,0,0,0,0,1,UPI_P2M,0
TXN_004110,2744.54,1623.99,1.69,0,0,0,0,1,BILL_PAY,0
TXN_001659,841.87,2715.7,0.31,0,0,0,0,1,UPI_P2P,0
TXN_001931,9197.53,6299.68,1.46,0,0,0,0,1,UPI_P2P,0
TXN_003480,9846.81,4644.72,2.12,0,0,0,0,1,UPI_P2M,0
TXN_003760,2383.01,5812.22,0.41,0,0,0,0,2,UPI_P2P,0
TXN_002846,796.73,1327.89,0.6,0,0,0,0,1,UPI_P2P,0
TXN_001484,6774.27,4944.72,1.37,0,1,0,0,1,UPI_P2M,0
TXN_003132,2141.72,996.15,2.15,0,0,0,0,1,UPI_P2M,0
TXN_000132,1188.12,928.22,1.28,0,0,0,0,1,UPI_P2M,0
TXN_004850,5625.65,3057.42,1.84,0,0,0,0,1,UPI_P2M,0
TXN_005432,1008.73,800.58,1.26,0,0,0,0,2,UPI_P2M,0
TXN_002973,11585.2,12194.95,0.95,0,0,0,0,1,UPI_P2M,0
TXN_000621,13356.94,7503.9,1.78,0,0,0,0,1,UPI_P2M,0
TXN_004215,930.48,1691.79,0.55,0,0,0,0,1,IMPS_WIRE,0
TXN_000061,12331.44,6165.72,2.0,0,0,0,0,1,UPI_P2M,0
TXN_003267,3047.06,9522.06,0.32,0,0,0,0,2,UPI_P2P,0
TXN_001859,834.37,1854.15,0.45,1,0,0,0,1,UPI_P2M,0
TXN_005989,31123.77,2280.13,13.65,1,1,0,0,8,IMPS_WIRE,1
TXN_002232,11322.57,20218.88,0.56,0,0,0,0,1,UPI_P2M,0
TXN_002452,757.12,860.36,0.88,0,0,0,0,2,UPI_P2M,0
TXN_003936,2446.83,6796.75,0.36,0,1,0,0,1,UPI_P2M,0
TXN_000401,2772.64,4699.39,0.59,0,0,0,0,1,UPI_P2M,0
TXN_003075,8050.9,3833.76,2.1,0,0,0,0,1,UPI_P2M,0
TXN_002001,6167.43,3370.18,1.83,0,0,0,0,2,UPI_P2M,0
TXN_005493,1169.93,1647.79,0.71,1,0,0,0,1,UPI_P2M,0
TXN_000396,1385.52,982.64,1.41,0,0,0,0,1,UPI_P2M,0
TXN_000130,1610.11,3354.39,0.48,0,0,0,0,1,UPI_P2M,0
TXN_002008,3152.45,3990.44,0.79,0,0,0,0,4,UPI_P2M,0
TXN_003576,2771.73,5543.46,0.5,0,0,0,0,2,UPI_P2P,0
TXN_002170,1484.84,2091.32,0.71,0,0,0,0,1,UPI_P2P,0
TXN_003782,1371.42,821.21,1.67,0,0,0,0,2,UPI_P2M,0
TXN_001654,873.43,2031.23,0.43,0,0,0,0,1,UPI_P2M,0
TXN_001717,6096.2,5347.54,1.14,0,0,0,0,1,UPI_P2M,0
TXN_000484,4165.38,4843.47,0.86,0,0,0,0,4,UPI_P2P,0
TXN_005029,4384.89,2477.34,1.77,1,0,0,0,1,BILL_PAY,0
TXN_000242,3756.96,2521.45,1.49,0,0,0,0,1,UPI_P2M,0
TXN_004573,5436.57,5033.86,1.08,0,0,0,0,2,UPI_P2M,0
TXN_003003,2127.04,998.61,2.13,0,0,1,0,2,UPI_P2M,0
TXN_001422,19352.65,9171.87,2.11,0,0,0,0,2,UPI_P2M,0
TXN_004420,3606.99,9248.68,0.39,0,0,0,0,2,UPI_P2P,0
TXN_000282,301.34,913.14,0.33,0,0,0,0,1,UPI_P2M,0
TXN_003051,3208.72,1921.39,1.67,0,0,0,0,1,BILL_PAY,0
TXN_003691,1495.28,2373.46,0.63,0,0,0,0,1,UPI_P2M,0
TXN_004294,13367.17,7638.38,1.75,0,0,0,0,1,UPI_P2M,0
TXN_002493,1887.95,3199.92,0.59,0,0,0,0,1,UPI_P2P,0
TXN_004951,486.66,481.84,1.01,0,1,0,0,1,UPI_P2P,0
TXN_004458,861.73,706.34,1.22,1,0,0,0,1,UPI_P2M,0
TXN_003891,909.94,2527.62,0.36,0,0,0,0,1,UPI_P2M,0
TXN_005687,45913.15,5301.75,8.66,1,1,1,1,6,IMPS_WIRE,1
TXN_005605,502.57,487.93,1.03,0,0,0,0,1,UPI_P2M,0
TXN_003124,1890.31,1038.63,1.82,0,0,0,0,3,UPI_P2P,0
TXN_002377,5511.9,4340.08,1.27,0,0,0,0,1,BILL_PAY,0
TXN_003846,1305.87,662.88,1.97,0,0,0,0,1,UPI_P2P,0
TXN_005041,4769.86,3507.25,1.36,0,0,0,0,2,UPI_P2P,0
TXN_002399,1840.37,1028.14,1.79,0,0,0,0,2,BILL_PAY,0
TXN_000083,1381.97,731.2,1.89,0,0,0,0,1,UPI_P2M,0
TXN_001392,25896.12,14307.25,1.81,0,0,0,0,1,IMPS_WIRE,0
TXN_002952,893.78,884.93,1.01,0,0,0,0,1,UPI_P2M,0
TXN_000805,1771.15,1331.69,1.33,0,0,0,0,1,BILL_PAY,0
TXN_003481,3235.72,3052.57,1.06,0,0,0,0,1,UPI_P2M,0
TXN_003375,18921.36,17683.51,1.07,0,0,0,0,1,UPI_P2P,0
TXN_003843,1309.76,744.18,1.76,0,1,0,0,1,UPI_P2M,0
TXN_004354,6513.82,5169.7,1.26,0,0,1,0,1,UPI_P2M,0
TXN_003162,3098.63,3161.87,0.98,0,0,1,0,1,IMPS_WIRE,0
TXN_004630,3090.22,5618.59,0.55,1,1,0,0,1,UPI_P2M,0
TXN_005960,17283.29,1341.87,12.88,1,1,0,0,6,IMPS_WIRE,1
TXN_002823,2931.66,3575.19,0.82,0,0,1,0,1,UPI_P2P,0
TXN_000894,5797.02,3943.55,1.47,0,0,0,0,1,UPI_P2M,0
TXN_001544,737.8,2235.77,0.33,0,0,0,0,1,UPI_P2M,0
TXN_005313,18283.73,11872.55,1.54,0,0,0,0,1,UPI_P2M,0
TXN_002626,4509.94,2107.45,2.14,0,0,0,0,3,UPI_P2M,0
TXN_000477,2192.76,1074.88,2.04,0,0,0,0,2,UPI_P2M,0
TXN_002946,6823.22,4839.16,1.41,0,0,1,0,1,UPI_P2M,0
TXN_003016,3739.26,3815.57,0.98,0,0,0,0,1,BILL_PAY,0
TXN_001003,2628.88,1510.85,1.74,1,0,0,0,2,UPI_P2P,0
TXN_001574,13030.75,8299.84,1.57,0,0,0,0,1,UPI_P2M,0
TXN_003802,6945.08,3438.16,2.02,0,0,0,0,1,BILL_PAY,0
TXN_001122,7576.79,3459.72,2.19,0,0,0,0,2,UPI_P2P,0
TXN_001479,9640.79,4969.48,1.94,0,1,0,0,1,UPI_P2M,0
TXN_001290,2983.61,1950.07,1.53,0,0,0,0,1,UPI_P2P,0
TXN_004098,1854.64,2060.71,0.9,0,0,0,0,1,UPI_P2M,0
TXN_003583,1898.45,4746.13,0.4,0,0,0,0,1,BILL_PAY,0
TXN_002453,5804.6,9515.73,0.61,0,0,0,0,1,BILL_PAY,0
TXN_002785,14481.75,6735.7,2.15,0,0,0,0,4,UPI_P2M,0
TXN_003911,1970.27,1931.64,1.02,0,1,0,0,1,UPI_P2M,0
TXN_003698,647.27,1541.11,0.42,0,0,0,0,2,UPI_P2P,0
TXN_003302,3651.09,1995.13,1.83,0,0,0,0,1,UPI_P2P,0
TXN_003992,3225.54,4479.92,0.72,0,0,0,0,1,UPI_P2M,0
TXN_002481,2181.41,3161.46,0.69,0,0,0,0,2,BILL_PAY,0
TXN_003970,2350.07,1958.39,1.2,1,0,0,0,2,UPI_P2P,0
TXN_000153,10604.57,4932.36,2.15,0,0,0,0,1,UPI_P2M,0
TXN_000576,8907.31,4712.86,1.89,0,0,0,0,1,UPI_P2M,0
TXN_004331,2581.59,2390.36,1.08,0,0,0,0,2,UPI_P2M,0
TXN_001246,1088.81,1577.99,0.69,0,0,0,0,3,UPI_P2M,0
TXN_003819,2640.42,1784.07,1.48,0,0,1,0,1,UPI_P2M,0
TXN_002338,4422.45,2233.56,1.98,0,0,0,0,1,UPI_P2P,0
TXN_004079,4899.59,4756.88,1.03,1,0,0,0,1,UPI_P2M,0
TXN_000025,2060.03,3169.28,0.65,0,0,0,0,1,UPI_P2M,0
TXN_004765,33904.9,16145.19,2.1,0,0,0,0,1,BILL_PAY,0
TXN_003666,2421.78,1248.34,1.94,0,0,0,0,1,UPI_P2M,0
TXN_002256,1284.96,1070.8,1.2,0,0,0,0,1,UPI_P2M,0
TXN_000693,3811.01,4142.4,0.92,0,1,0,0,2,IMPS_WIRE,0
TXN_004333,4389.21,3227.36,1.36,0,0,0,0,1,UPI_P2M,0
TXN_004817,1234.12,791.1,1.56,0,0,0,0,1,UPI_P2P,0
TXN_000613,3480.4,2304.9,1.51,0,0,0,0,2,UPI_P2P,0
TXN_001175,1136.63,3551.98,0.32,0,0,0,0,3,UPI_P2M,0
TXN_002398,1491.23,1638.71,0.91,0,0,0,0,1,BILL_PAY,0
TXN_004013,1407.22,1315.16,1.07,0,0,0,0,2,UPI_P2P,0
TXN_002731,4586.93,6035.44,0.76,0,0,0,0,3,BILL_PAY,0
TXN_002704,14021.46,12299.53,1.14,0,0,0,0,2,UPI_P2M,0
TXN_004249,25130.27,18478.14,1.36,0,0,0,0,1,BILL_PAY,0
TXN_001517,2579.95,5265.21,0.49,0,0,0,0,1,UPI_P2M,0
TXN_004554,1742.66,947.1,1.84,0,0,0,0,1,BILL_PAY,0
TXN_005600,5733.75,2743.42,2.09,0,0,0,0,1,UPI_P2M,0
TXN_005016,908.67,418.74,2.17,0,0,1,0,1,UPI_P2M,0
TXN_005376,3401.19,2345.65,1.45,0,0,0,0,1,UPI_P2M,0
TXN_003739,1360.96,4253.01,0.32,0,0,0,0,1,BILL_PAY,0
TXN_002492,7957.05,4210.08,1.89,0,0,0,0,1,UPI_P2M,0
TXN_001990,645.62,581.64,1.11,0,0,0,0,1,UPI_P2P,0
TXN_002289,1575.54,2250.77,0.7,0,0,0,0,1,UPI_P2M,0
TXN_003127,607.51,1840.95,0.33,0,0,0,0,1,UPI_P2P,0
TXN_004696,23811.66,10823.48,2.2,0,0,0,0,1,BILL_PAY,0
TXN_002032,4269.73,5474.01,0.78,0,0,0,0,1,UPI_P2M,0
TXN_000015,1381.1,3541.27,0.39,0,0,0,0,1,UPI_P2P,0
TXN_004103,3290.06,4218.03,0.78,0,0,0,0,1,IMPS_WIRE,0
TXN_002781,4090.7,1859.41,2.2,0,0,0,0,1,UPI_P2M,0
TXN_000843,1741.32,897.59,1.94,0,0,0,0,1,UPI_P2M,0
TXN_001100,3232.18,3168.8,1.02,0,0,0,0,2,UPI_P2M,0
TXN_000960,2309.9,2138.8,1.08,0,0,0,0,3,UPI_P2M,0
TXN_005863,25525.62,3027.95,8.43,1,1,1,0,6,CRYPTO_ONRAMP,1
TXN_003875,2592.08,1661.59,1.56,0,0,0,0,1,UPI_P2M,0
TXN_000227,4710.88,2332.12,2.02,0,0,0,0,1,BILL_PAY,0
TXN_002488,1629.6,1417.04,1.15,0,0,0,0,1,UPI_P2M,0
TXN_002586,3205.7,2339.93,1.37,0,0,0,0,1,UPI_P2P,0
TXN_000822,4404.3,2975.88,1.48,0,0,0,0,1,UPI_P2P,0
TXN_005326,18810.11,10058.88,1.87,0,0,0,0,1,UPI_P2M,0
TXN_002454,8430.19,12217.66,0.69,0,0,0,0,3,BILL_PAY,0
TXN_004566,2376.78,1381.85,1.72,0,0,0,0,3,UPI_P2M,0
TXN_005203,7692.88,13038.78,0.59,0,0,0,0,1,UPI_P2P,0
TXN_004690,6712.08,7715.03,0.87,0,0,0,0,1,UPI_P2M,0
TXN_005427,6952.07,3840.92,1.81,0,0,0,0,1,UPI_P2M,0
TXN_001462,4120.82,6339.73,0.65,0,1,0,0,3,UPI_P2M,0
TXN_002899,1966.92,910.61,2.16,0,0,0,0,1,UPI_P2M,0
TXN_001569,8761.39,5153.76,1.7,0,0,0,0,1,UPI_P2P,0
TXN_005264,1486.77,3457.6,0.43,0,0,0,0,3,BILL_PAY,0
TXN_001967,2744.64,3812.0,0.72,0,0,0,0,1,UPI_P2P,0
TXN_001156,5641.45,2878.29,1.96,0,0,0,0,1,UPI_P2M,0
TXN_005848,10770.36,1407.89,7.65,1,1,0,1,8,IMPS_WIRE,1
TXN_003379,9377.07,6746.09,1.39,0,0,0,0,1,UPI_P2M,0
TXN_000203,3500.14,1750.07,2.0,0,0,0,0,1,UPI_P2P,0
TXN_004584,4493.97,7133.29,0.63,0,0,0,0,1,UPI_P2M,0
TXN_002282,3047.35,7813.71,0.39,0,0,0,0,1,UPI_P2M,0
TXN_003928,3075.29,2795.72,1.1,0,0,0,0,1,UPI_P2M,0
TXN_004105,1005.32,1675.54,0.6,0,0,0,0,1,UPI_P2M,0
TXN_002246,2364.18,1459.37,1.62,0,0,0,0,1,BILL_PAY,0
TXN_004493,712.95,440.09,1.62,0,0,0,0,2,BILL_PAY,0
TXN_002298,3598.39,2351.89,1.53,0,0,0,0,2,UPI_P2P,0
TXN_004668,1476.99,2109.98,0.7,1,0,0,0,1,UPI_P2P,0
TXN_000788,602.41,1255.02,0.48,0,0,0,0,1,UPI_P2P,0
TXN_004730,3997.97,4208.39,0.95,1,0,0,0,2,UPI_P2M,0
TXN_005744,14678.96,1762.18,8.33,1,1,1,1,8,IMPS_WIRE,1
TXN_004858,3366.94,2693.55,1.25,0,0,0,0,1,UPI_P2M,0
TXN_004591,2528.69,2363.26,1.07,0,0,0,0,1,BILL_PAY,0
TXN_002174,8139.47,6029.24,1.35,0,0,0,0,1,UPI_P2M,0
TXN_005363,4768.92,4541.83,1.05,1,0,0,0,1,BILL_PAY,0
TXN_002828,479.49,871.8,0.55,0,0,0,0,4,UPI_P2M,0
TXN_001729,4553.93,2828.53,1.61,0,0,1,0,1,UPI_P2P,0
TXN_002475,11695.67,6123.39,1.91,0,0,0,0,1,UPI_P2M,0
TXN_003780,5578.97,3032.05,1.84,0,0,0,0,3,UPI_P2P,0
TXN_001971,10764.58,5355.51,2.01,1,0,0,0,2,UPI_P2P,0
TXN_000768,1201.95,2267.83,0.53,0,0,0,0,1,UPI_P2P,0
TXN_004800,1451.48,1369.32,1.06,0,0,0,0,1,UPI_P2M,0
TXN_004908,18503.11,11421.67,1.62,0,0,0,0,1,UPI_P2M,0
TXN_004114,1058.14,1959.51,0.54,0,0,1,0,1,UPI_P2M,0
TXN_000232,7327.9,5197.09,1.41,0,0,0,0,2,UPI_P2M,0
TXN_002645,1262.4,755.93,1.67,0,0,0,0,2,UPI_P2M,0
TXN_004303,2702.47,2502.29,1.08,0,1,0,0,3,UPI_P2P,0
TXN_003540,5520.49,3247.35,1.7,0,0,1,0,1,UPI_P2M,0
TXN_003235,17450.58,9915.1,1.76,1,0,0,0,1,UPI_P2M,0
TXN_005959,97244.35,6715.77,14.48,1,1,0,0,12,CRYPTO_ONRAMP,1
TXN_002241,1219.58,1016.32,1.2,0,0,0,0,1,UPI_P2M,0
TXN_003387,2402.25,3938.12,0.61,0,0,1,0,1,UPI_P2P,0
TXN_000580,2732.67,7590.76,0.36,0,0,0,0,1,UPI_P2P,0
TXN_004001,7822.56,4858.73,1.61,0,0,0,0,1,UPI_P2M,0
TXN_005601,1353.91,1301.84,1.04,0,0,0,0,1,UPI_P2M,0
TXN_004671,5749.62,4323.02,1.33,0,1,0,0,1,UPI_P2M,0
TXN_001530,1424.4,675.07,2.11,0,0,0,0,1,UPI_P2P,0
TXN_004399,1153.61,915.56,1.26,0,0,0,0,1,UPI_P2M,0
TXN_000487,3561.48,5016.17,0.71,0,0,0,0,1,UPI_P2P,0
TXN_003447,9998.91,9707.68,1.03,0,0,0,0,1,UPI_P2M,0
TXN_005851,8597.39,924.45,9.3,1,1,1,1,4,CRYPTO_ONRAMP,1
TXN_005547,504.92,542.92,0.93,0,0,0,0,1,BILL_PAY,0
TXN_004855,2593.16,1920.86,1.35,0,0,0,0,1,UPI_P2M,0
TXN_001671,11336.95,8097.82,1.4,0,0,0,0,1,UPI_P2M,0
TXN_003207,7556.57,7196.73,1.05,0,0,0,0,1,UPI_P2M,0
TXN_001092,455.95,518.13,0.88,0,0,0,0,1,UPI_P2M,0
TXN_005058,470.26,746.45,0.63,0,0,0,0,1,UPI_P2M,0
TXN_004512,2395.81,2722.51,0.88,0,0,0,0,1,UPI_P2M,0
TXN_005102,1524.82,1675.63,0.91,0,0,0,0,1,UPI_P2M,0
TXN_005972,17249.1,1321.77,13.05,1,1,1,1,6,IMPS_WIRE,1
TXN_005239,648.68,1621.71,0.4,0,0,0,0,1,UPI_P2M,0
TXN_005335,2287.23,4667.82,0.49,0,0,1,0,1,UPI_P2M,0
TXN_003944,1286.5,1225.24,1.05,0,0,1,0,1,UPI_P2M,0
TXN_004081,6436.06,11918.63,0.54,0,0,0,0,1,UPI_P2M,0
TXN_000953,3531.11,5192.81,0.68,0,0,0,0,1,BILL_PAY,0
TXN_001384,2310.44,3040.05,0.76,0,0,0,0,1,IMPS_WIRE,0
TXN_000237,1103.3,554.42,1.99,0,0,0,0,2,UPI_P2M,0
TXN_001702,22282.52,24220.13,0.92,0,0,0,0,1,UPI_P2M,0
TXN_004227,5191.56,4554.0,1.14,0,0,0,0,2,UPI_P2M,0
TXN_000624,321.27,892.43,0.36,0,0,0,0,3,BILL_PAY,0
TXN_004727,629.58,953.91,0.66,0,0,0,0,2,BILL_PAY,0
TXN_005368,1389.54,1985.06,0.7,0,0,0,0,1,BILL_PAY,0
TXN_001788,8191.3,8110.2,1.01,0,0,0,0,2,UPI_P2M,0
TXN_000149,3936.08,5543.77,0.71,0,0,0,0,1,UPI_P2M,0
TXN_003224,15295.54,12537.33,1.22,0,0,0,0,1,UPI_P2M,0
TXN_005681,42224.55,4898.44,8.62,1,1,1,1,4,IMPS_WIRE,1
TXN_003044,3717.66,5387.92,0.69,0,0,1,0,2,UPI_P2P,0
TXN_001046,11992.58,5630.32,2.13,0,0,0,0,1,UPI_P2M,0
TXN_003742,3008.26,2426.02,1.24,0,0,0,0,1,UPI_P2M,0
TXN_004368,4570.8,2106.36,2.17,0,0,0,0,1,UPI_P2P,0
TXN_000489,1425.68,3564.21,0.4,0,0,0,0,1,UPI_P2P,0
TXN_005829,137717.16,9504.29,14.49,1,1,1,1,6,IMPS_WIRE,1
TXN_001623,2922.59,4639.03,0.63,0,0,0,0,1,UPI_P2P,0
TXN_002325,4726.68,7623.68,0.62,0,0,0,0,1,UPI_P2M,0
TXN_000357,2843.1,2632.5,1.08,0,0,0,0,2,UPI_P2M,0
TXN_003081,860.06,988.58,0.87,1,0,0,0,3,BILL_PAY,0
TXN_003821,2318.1,2492.58,0.93,0,0,0,0,1,UPI_P2M,0
TXN_000771,2360.53,4721.07,0.5,0,0,0,0,1,UPI_P2M,0
TXN_000949,2474.84,3749.76,0.66,0,0,0,0,1,BILL_PAY,0
TXN_001433,3371.58,2408.27,1.4,0,0,0,0,1,UPI_P2P,0
TXN_001309,1590.26,1963.28,0.81,0,0,0,0,4,BILL_PAY,0
TXN_001192,10187.35,9095.85,1.12,0,0,0,0,1,UPI_P2P,0
TXN_002985,18790.02,10048.14,1.87,0,0,0,0,2,UPI_P2M,0
TXN_003401,308.95,605.78,0.51,0,1,0,0,3,UPI_P2M,0
TXN_002530,3128.55,3258.91,0.96,0,0,0,0,1,UPI_P2M,0
TXN_004602,4357.02,3600.84,1.21,0,0,0,0,1,UPI_P2M,0
TXN_002345,6773.34,3150.39,2.15,0,0,0,0,1,UPI_P2P,0
TXN_001179,3674.77,8545.98,0.43,0,0,0,0,1,UPI_P2P,0
TXN_005063,1237.25,665.19,1.86,0,0,0,0,1,UPI_P2M,0
TXN_002623,6798.06,4821.32,1.41,0,0,0,0,1,UPI_P2M,0
TXN_001302,4709.8,5233.11,0.9,0,0,0,0,1,BILL_PAY,0
TXN_000996,3285.74,5476.24,0.6,1,0,0,0,1,UPI_P2M,0
TXN_000935,1502.56,894.38,1.68,0,0,0,0,1,UPI_P2P,0
TXN_001359,8684.15,4039.14,2.15,0,0,0,0,2,UPI_P2M,0
TXN_005104,3619.69,5838.21,0.62,0,0,0,0,2,BILL_PAY,0
TXN_001578,3741.32,2445.31,1.53,0,0,0,0,2,UPI_P2P,0
TXN_003332,3251.01,1890.12,1.72,0,0,0,0,1,UPI_P2M,0
TXN_002235,21344.06,10834.55,1.97,0,0,0,0,1,UPI_P2M,0
TXN_002080,15706.69,11464.74,1.37,0,0,0,0,1,UPI_P2M,0
TXN_004528,7172.65,3399.36,2.11,0,0,0,0,1,BILL_PAY,0
TXN_005784,4759.83,511.81,9.3,1,1,1,0,4,UPI_P2P,1
TXN_005014,17831.22,8915.61,2.0,0,0,0,0,1,BILL_PAY,0
TXN_000072,2441.92,2806.81,0.87,0,0,0,0,1,UPI_P2M,0
TXN_000384,10698.97,5430.95,1.97,0,0,0,0,1,UPI_P2M,0
TXN_005005,9462.43,5438.18,1.74,0,0,0,0,3,UPI_P2P,0
TXN_004353,1847.6,1466.35,1.26,0,0,0,0,1,UPI_P2M,0
TXN_002106,1114.11,790.15,1.41,0,0,0,0,1,UPI_P2P,0
TXN_001795,583.82,871.37,0.67,0,0,0,0,1,UPI_P2M,0
TXN_004148,10571.71,5564.06,1.9,0,0,0,0,1,UPI_P2M,0
TXN_000501,1485.02,1116.56,1.33,0,0,0,0,1,UPI_P2M,0
TXN_004264,4370.2,2455.17,1.78,0,0,0,0,1,UPI_P2P,0
TXN_001930,4148.5,2206.65,1.88,0,0,0,0,2,BILL_PAY,0
TXN_004547,4469.72,2742.16,1.63,0,0,0,0,2,BILL_PAY,0
TXN_000344,2794.65,3367.05,0.83,0,0,0,0,2,UPI_P2P,0
TXN_003920,4076.47,2090.5,1.95,0,0,0,0,1,UPI_P2P,0
TXN_001943,16652.54,8006.03,2.08,0,1,0,0,1,UPI_P2M,0
TXN_002852,2581.93,3310.17,0.78,0,0,0,0,1,UPI_P2P,0
TXN_002344,295.95,924.85,0.32,0,0,0,0,1,UPI_P2M,0
TXN_005766,56485.99,11163.24,5.06,0,1,1,0,4,IMPS_WIRE,1
TXN_000597,2790.75,1885.64,1.48,0,0,0,0,2,UPI_P2M,0
TXN_004703,1112.9,1040.09,1.07,0,0,0,0,1,UPI_P2M,0
TXN_001391,1100.95,579.45,1.9,0,0,0,0,1,UPI_P2M,0
TXN_005050,846.98,1366.09,0.62,0,0,0,0,3,BILL_PAY,0
TXN_001405,4428.78,2667.94,1.66,0,0,0,0,3,UPI_P2P,0
TXN_001305,1972.43,4696.26,0.42,0,0,0,0,1,UPI_P2P,0
TXN_000809,28685.65,18388.24,1.56,0,0,0,0,1,UPI_P2M,0
TXN_001965,2372.88,4477.14,0.53,0,0,0,0,1,UPI_P2P,0
TXN_004480,7081.77,3688.42,1.92,0,0,0,0,1,UPI_P2M,0
TXN_002130,2049.29,1933.29,1.06,0,0,0,0,1,UPI_P2M,0
TXN_005745,43972.53,4795.26,9.17,1,1,1,1,6,IMPS_WIRE,1
TXN_000312,2464.09,2019.75,1.22,0,1,0,0,1,UPI_P2P,0
TXN_000746,1362.73,1349.24,1.01,0,0,0,0,1,UPI_P2P,0
TXN_000204,680.15,2125.46,0.32,0,0,0,0,1,UPI_P2P,0
TXN_001765,14160.02,12421.07,1.14,0,0,0,0,1,UPI_P2P,0
TXN_005401,3618.03,1914.3,1.89,0,0,0,0,1,UPI_P2M,0
TXN_004694,7229.91,8925.81,0.81,0,0,0,0,1,UPI_P2P,0
TXN_004243,8509.76,4862.72,1.75,0,0,0,0,1,UPI_P2M,0
TXN_005189,1381.44,1087.75,1.27,1,0,0,0,1,UPI_P2M,0
TXN_003309,1191.36,1179.56,1.01,0,0,0,0,1,UPI_P2M,0
TXN_005859,8372.32,737.0,11.36,1,1,1,0,12,CRYPTO_ONRAMP,1
TXN_000752,466.37,490.92,0.95,0,0,1,0,2,UPI_P2P,0
TXN_005772,50226.94,5483.29,9.16,0,0,0,0,12,CRYPTO_ONRAMP,1
TXN_005450,782.12,878.79,0.89,0,0,0,0,1,UPI_P2M,0
TXN_003966,11329.12,6437.0,1.76,0,0,0,0,1,BILL_PAY,0
TXN_005252,4592.69,5102.99,0.9,0,0,0,0,1,UPI_P2M,0
TXN_000158,10898.05,6727.19,1.62,0,0,0,0,1,UPI_P2M,0
TXN_003284,6227.75,4579.23,1.36,1,0,0,0,4,UPI_P2M,0
TXN_003512,21051.31,11630.56,1.81,0,1,0,0,3,UPI_P2P,0
TXN_002251,4609.14,3600.89,1.28,0,0,0,0,2,UPI_P2M,0
TXN_005154,6564.16,8752.21,0.75,0,0,0,0,4,UPI_P2M,0
TXN_003038,623.07,1683.98,0.37,0,0,0,0,1,BILL_PAY,0
TXN_000005,5967.7,3616.79,1.65,0,0,0,0,1,BILL_PAY,0
TXN_002275,7768.52,4268.42,1.82,1,0,0,0,1,UPI_P2M,0
TXN_002483,1921.47,2706.29,0.71,0,0,0,0,2,UPI_P2M,0
TXN_004704,1749.17,1325.13,1.32,0,0,0,0,2,UPI_P2M,0
TXN_003831,794.63,536.91,1.48,0,0,0,0,1,UPI_P2P,0
TXN_002412,2159.36,2056.53,1.05,0,0,0,0,1,UPI_P2P,0
TXN_002581,1427.12,3755.57,0.38,0,0,0,0,2,UPI_P2P,0
TXN_004058,1856.1,2236.27,0.83,0,0,0,0,2,UPI_P2M,0
TXN_005137,6563.66,13965.23,0.47,0,0,0,0,1,UPI_P2M,0
TXN_001842,4189.73,5586.3,0.75,0,0,0,0,3,BILL_PAY,0
TXN_000277,4397.21,3209.64,1.37,0,0,0,0,2,UPI_P2M,0
TXN_005662,6044.27,1291.51,4.68,1,1,0,0,8,IMPS_WIRE,1
TXN_005997,46623.29,10157.58,4.59,1,0,1,1,6,IMPS_WIRE,1
TXN_005797,12501.68,1729.14,7.23,1,1,0,0,8,IMPS_WIRE,1
TXN_002688,4917.66,2716.94,1.81,0,0,0,0,1,UPI_P2P,0
TXN_000549,826.67,1271.8,0.65,0,0,0,0,2,UPI_P2M,0
TXN_004844,1371.76,1576.73,0.87,1,0,0,0,2,UPI_P2M,0
TXN_002993,310.32,940.36,0.33,0,0,0,0,1,UPI_P2M,0
TXN_003321,9669.33,5342.17,1.81,0,0,0,0,1,UPI_P2M,0
TXN_000249,1560.08,3466.85,0.45,1,0,0,0,1,UPI_P2M,0
TXN_003187,20289.97,9995.06,2.03,0,0,0,0,1,UPI_P2M,0
TXN_005694,8029.22,636.23,12.62,1,1,0,0,6,UPI_P2P,1
TXN_005406,6992.16,4018.48,1.74,0,0,0,0,1,UPI_P2P,0
TXN_002442,3871.68,6049.5,0.64,0,0,0,0,1,UPI_P2M,0
TXN_000208,4481.91,3897.31,1.15,0,0,0,0,1,UPI_P2M,0
TXN_003487,674.83,619.11,1.09,0,0,0,0,1,UPI_P2M,0
TXN_001344,942.66,864.83,1.09,0,0,0,0,1,BILL_PAY,0
TXN_001531,768.37,1634.84,0.47,0,0,0,0,1,UPI_P2M,0
TXN_000467,19450.83,14962.18,1.3,1,0,0,0,1,UPI_P2P,0
TXN_005934,3326.55,754.32,4.41,1,1,1,0,6,CRYPTO_ONRAMP,1
TXN_004799,2669.83,2810.35,0.95,0,0,1,0,1,UPI_P2M,0
TXN_003385,7230.25,7858.97,0.92,0,0,0,0,1,UPI_P2P,0
TXN_002342,9021.13,10369.11,0.87,0,0,0,0,1,IMPS_WIRE,0
TXN_000614,1782.59,2173.89,0.82,0,0,0,0,3,UPI_P2P,0
TXN_001667,704.61,1051.65,0.67,0,0,0,0,1,UPI_P2M,0
TXN_001716,7508.31,3444.18,2.18,0,0,0,0,1,UPI_P2M,0
TXN_003581,5379.73,4981.23,1.08,0,0,0,0,3,IMPS_WIRE,0
TXN_004823,3243.41,2052.79,1.58,0,0,0,0,2,UPI_P2M,0
TXN_002829,8389.05,4346.66,1.93,0,0,0,0,1,IMPS_WIRE,0
TXN_005777,61798.91,5517.76,11.2,1,1,1,1,4,CRYPTO_ONRAMP,1
TXN_004459,5500.86,2925.99,1.88,0,0,0,0,2,UPI_P2M,0
TXN_002502,6790.29,7147.67,0.95,0,0,0,0,2,UPI_P2M,0
TXN_001066,326.26,1019.56,0.32,0,0,0,0,1,UPI_P2M,0
TXN_004558,2136.32,1780.27,1.2,0,0,0,0,1,UPI_P2P,0
TXN_004887,1183.56,1075.96,1.1,0,0,0,0,4,UPI_P2M,0
TXN_004743,12565.04,8432.91,1.49,0,0,0,0,4,UPI_P2P,0
TXN_003593,2677.61,1306.15,2.05,0,0,0,0,3,UPI_P2M,0
TXN_004365,1629.63,1940.03,0.84,0,0,0,0,1,UPI_P2M,0
TXN_001394,7853.31,11721.36,0.67,0,1,0,0,1,UPI_P2M,0
TXN_005240,2683.12,2737.88,0.98,0,0,0,0,1,UPI_P2P,0
TXN_000039,2447.83,5563.25,0.44,0,0,0,0,3,UPI_P2M,0
TXN_003464,3374.66,2205.66,1.53,0,0,0,0,3,UPI_P2M,0
TXN_004828,4061.89,2964.88,1.37,0,0,0,0,2,UPI_P2M,0
TXN_003844,4639.92,5213.39,0.89,0,1,0,0,1,UPI_P2M,0
TXN_002833,6711.99,3770.78,1.78,0,0,0,0,1,UPI_P2P,0
TXN_003100,537.66,1221.96,0.44,0,0,0,0,1,UPI_P2P,0
TXN_003253,1299.32,710.01,1.83,0,0,0,0,1,UPI_P2M,0
TXN_004011,5341.15,2811.13,1.9,0,0,0,0,1,IMPS_WIRE,0
TXN_003441,3796.39,5502.02,0.69,0,0,0,0,2,UPI_P2P,0
TXN_005153,2431.26,1447.18,1.68,0,0,0,0,1,UPI_P2M,0
TXN_001065,8744.15,7877.61,1.11,1,0,0,0,1,UPI_P2M,0
TXN_002519,8048.11,3760.8,2.14,0,0,0,0,4,UPI_P2P,0
TXN_005483,5066.68,8172.07,0.62,0,0,0,0,1,UPI_P2P,0
TXN_004949,7675.73,4827.5,1.59,1,0,0,0,2,UPI_P2M,0
TXN_005276,2544.71,2400.67,1.06,0,0,0,0,2,UPI_P2P,0
TXN_005701,8664.64,977.95,8.86,1,1,1,0,8,UPI_P2P,1
TXN_000346,1963.38,1768.81,1.11,0,0,0,0,1,UPI_P2M,0
TXN_005408,6552.13,4680.09,1.4,0,0,0,0,1,BILL_PAY,0
TXN_001052,1622.8,1001.73,1.62,0,0,0,0,1,UPI_P2P,0
TXN_004382,6013.92,2992.0,2.01,0,0,0,0,1,IMPS_WIRE,0
TXN_002521,7706.79,5427.32,1.42,0,0,0,0,1,UPI_P2M,0
TXN_003986,22030.99,14590.06,1.51,0,0,0,0,2,UPI_P2M,0
TXN_005830,13795.45,1894.98,7.28,1,1,1,0,8,CRYPTO_ONRAMP,1
TXN_003245,3872.83,2333.03,1.66,0,0,0,0,1,UPI_P2M,0
TXN_004986,1378.86,641.33,2.15,0,0,0,0,2,UPI_P2P,0
TXN_001604,12471.1,7250.64,1.72,1,0,1,0,1,IMPS_WIRE,0
TXN_001966,6503.81,10162.21,0.64,0,0,0,0,1,UPI_P2P,0
TXN_003294,1024.42,2626.71,0.39,0,0,0,0,1,UPI_P2P,0
TXN_002512,18554.67,11110.58,1.67,0,0,0,0,1,BILL_PAY,0
TXN_002446,709.22,1729.81,0.41,0,0,0,0,1,BILL_PAY,0
TXN_004401,4303.94,5448.03,0.79,0,0,0,0,1,UPI_P2P,0
TXN_000216,1645.14,940.08,1.75,0,0,0,0,2,UPI_P2M,0
TXN_000815,876.8,755.86,1.16,0,1,0,0,1,BILL_PAY,0
TXN_003797,9834.66,4917.33,2.0,0,0,0,0,1,UPI_P2M,0
TXN_000882,936.41,761.31,1.23,0,0,0,0,1,UPI_P2P,0
TXN_004306,4659.44,2295.29,2.03,0,0,0,0,2,UPI_P2P,0
TXN_001673,4395.8,2648.07,1.66,0,0,0,0,1,UPI_P2P,0
TXN_000519,3114.12,1853.64,1.68,0,0,0,0,1,UPI_P2P,0
TXN_000494,5063.7,4481.15,1.13,0,0,0,0,1,UPI_P2P,0
TXN_002223,4848.7,2244.77,2.16,0,1,0,0,1,UPI_P2P,0
TXN_002937,7259.24,3861.3,1.88,0,0,0,0,1,UPI_P2P,0
TXN_003045,1606.19,4724.08,0.34,0,0,0,0,4,UPI_P2M,0
TXN_000363,6441.95,3390.5,1.9,0,0,0,0,1,UPI_P2M,0
TXN_004262,1106.43,996.78,1.11,0,0,0,0,1,UPI_P2M,0
TXN_000554,3768.91,2166.04,1.74,0,0,0,0,2,UPI_P2M,0
TXN_004181,3444.39,6262.52,0.55,1,0,0,0,1,BILL_PAY,0
TXN_001491,1811.09,2414.78,0.75,1,0,0,0,2,UPI_P2M,0
TXN_002709,1733.84,1926.49,0.9,0,0,0,0,1,UPI_P2M,0
TXN_004963,1436.71,3056.84,0.47,0,0,0,0,3,UPI_P2M,0
TXN_001830,7596.2,3741.97,2.03,1,0,0,0,1,UPI_P2P,0
TXN_004330,1955.38,992.58,1.97,0,0,0,0,1,UPI_P2M,0
TXN_001241,3012.62,1529.25,1.97,0,0,0,0,1,UPI_P2M,0
TXN_001470,4196.78,11044.15,0.38,1,0,0,0,1,UPI_P2M,0
TXN_005350,4949.09,4949.09,1.0,0,1,0,0,1,UPI_P2M,0
TXN_005176,5510.0,3422.36,1.61,0,0,0,0,1,UPI_P2P,0
TXN_002678,3282.14,3067.42,1.07,0,0,0,0,1,IMPS_WIRE,0
TXN_004718,1406.83,1635.85,0.86,1,0,0,0,1,UPI_P2M,0
TXN_003708,3623.32,2724.3,1.33,0,0,0,0,1,UPI_P2P,0
TXN_000502,12879.49,7621.0,1.69,0,0,0,0,2,UPI_P2M,0
TXN_001000,508.71,605.61,0.84,0,0,0,0,4,UPI_P2M,0
TXN_005501,1716.52,3065.22,0.56,0,0,0,0,1,UPI_P2M,0
TXN_002420,444.6,542.19,0.82,0,0,0,0,4,UPI_P2M,0
TXN_000918,9680.23,6245.31,1.55,0,0,0,0,1,BILL_PAY,0
TXN_004156,2160.24,2666.96,0.81,1,0,0,0,1,UPI_P2M,0
TXN_001690,1179.92,723.88,1.63,0,0,0,0,2,UPI_P2P,0
TXN_004609,6281.02,3094.1,2.03,0,0,1,0,1,UPI_P2P,0
TXN_004362,1320.71,1269.91,1.04,0,1,0,0,2,UPI_P2P,0
TXN_002552,3126.0,3361.29,0.93,1,0,0,0,2,UPI_P2P,0
TXN_001159,1600.46,1524.25,1.05,1,0,0,0,1,UPI_P2M,0
TXN_000779,4000.8,3704.44,1.08,0,0,0,0,1,UPI_P2M,0
TXN_001625,11332.49,7554.99,1.5,0,0,0,0,1,UPI_P2P,0
TXN_000378,1674.11,924.92,1.81,0,0,0,0,1,UPI_P2M,0
TXN_004821,3391.26,2713.01,1.25,0,0,0,0,2,BILL_PAY,0
TXN_001170,936.65,851.5,1.1,0,0,1,0,1,UPI_P2M,0
TXN_003602,1508.19,2957.24,0.51,0,0,0,0,2,UPI_P2M,0
TXN_004213,791.02,888.79,0.89,0,0,0,0,1,UPI_P2M,0
TXN_005842,18136.67,2594.66,6.99,1,1,1,0,4,IMPS_WIRE,1
TXN_002535,2964.34,9263.57,0.32,0,0,0,0,2,UPI_P2P,0
TXN_002734,10930.54,5663.49,1.93,0,0,0,0,3,UPI_P2M,0
TXN_002563,13050.15,8938.46,1.46,0,0,0,0,1,UPI_P2M,0
TXN_000687,8858.26,7143.76,1.24,1,0,0,0,1,UPI_P2M,0
TXN_003776,11442.17,10594.6,1.08,0,0,0,0,1,UPI_P2M,0
TXN_005875,7205.92,1339.39,5.38,1,1,1,0,6,CRYPTO_ONRAMP,1
TXN_004873,2381.77,1479.36,1.61,1,0,0,0,1,UPI_P2M,0
TXN_001493,6777.64,3167.12,2.14,0,0,0,0,2,BILL_PAY,0
TXN_003237,8666.27,4049.66,2.14,0,0,0,0,1,UPI_P2M,0
TXN_005391,14479.25,11583.4,1.25,0,0,0,0,1,UPI_P2M,0
TXN_001398,3447.22,2410.64,1.43,0,0,0,0,2,UPI_P2P,0
TXN_003310,4767.72,2837.93,1.68,0,0,0,0,1,UPI_P2P,0
TXN_001632,759.71,2302.15,0.33,0,0,0,0,1,UPI_P2M,0
TXN_001764,22709.92,13051.68,1.74,0,0,0,0,3,BILL_PAY,0
TXN_004511,2966.99,1513.77,1.96,0,0,0,0,1,BILL_PAY,0
TXN_005035,5702.28,2851.14,2.0,0,0,0,0,1,UPI_P2P,0
TXN_002911,7910.93,6879.07,1.15,0,0,0,0,1,UPI_P2M,0
TXN_003084,4842.07,2231.37,2.17,0,0,0,0,3,UPI_P2M,0
TXN_003465,6933.12,4591.47,1.51,0,0,0,0,2,BILL_PAY,0
TXN_002728,3309.49,4661.26,0.71,0,0,0,0,2,UPI_P2M,0
TXN_000010,2022.47,2379.38,0.85,0,0,0,0,1,UPI_P2M,0
TXN_001402,22196.0,10469.81,2.12,0,0,0,0,1,BILL_PAY,0
TXN_000884,6095.23,5079.36,1.2,0,0,0,0,2,UPI_P2M,0
TXN_004824,7516.48,5737.77,1.31,0,0,0,0,3,UPI_P2M,0
TXN_004192,8075.29,4205.88,1.92,1,0,0,0,1,BILL_PAY,0
TXN_001409,901.85,2818.29,0.32,0,0,1,0,1,UPI_P2M,0
TXN_002598,2187.79,1202.08,1.82,0,0,1,0,1,UPI_P2M,0
TXN_001245,3544.88,3509.78,1.01,0,0,0,0,1,UPI_P2M,0
TXN_002127,2331.78,1850.62,1.26,0,0,0,0,1,UPI_P2P,0
TXN_001919,5213.9,9837.54,0.53,0,0,0,0,2,BILL_PAY,0
TXN_000883,891.5,969.02,0.92,0,0,0,0,1,UPI_P2M,0
TXN_004882,26825.53,12774.06,2.1,0,0,0,0,2,UPI_P2P,0
TXN_000622,10615.63,5557.92,1.91,0,0,0,0,1,BILL_PAY,0
TXN_003855,5886.14,3097.97,1.9,0,0,0,0,1,UPI_P2M,0
TXN_005378,1508.03,985.64,1.53,0,0,0,0,1,BILL_PAY,0
TXN_002948,1988.34,2582.26,0.77,0,1,0,0,1,UPI_P2M,0
TXN_003370,2811.95,1351.9,2.08,0,1,0,0,1,UPI_P2M,0
TXN_004421,6494.4,3382.5,1.92,1,0,0,0,1,UPI_P2P,0
TXN_005498,7400.81,7551.85,0.98,0,0,0,0,1,IMPS_WIRE,0
TXN_001278,1398.36,662.73,2.11,0,0,0,0,1,UPI_P2M,0
TXN_002228,3052.77,7445.77,0.41,0,0,0,0,1,UPI_P2M,0
TXN_000938,6675.5,5019.17,1.33,0,0,1,0,1,IMPS_WIRE,0
TXN_004283,3623.55,2724.47,1.33,1,0,1,0,1,UPI_P2M,0
TXN_005789,49484.25,3625.22,13.65,1,1,1,0,6,IMPS_WIRE,1
TXN_001540,2066.51,988.76,2.09,0,0,0,0,1,UPI_P2P,0
TXN_000603,4835.44,2747.41,1.76,0,0,0,0,1,BILL_PAY,0
TXN_003032,3850.24,2769.96,1.39,0,0,0,0,1,UPI_P2M,0
TXN_001351,6403.47,2978.36,2.15,0,0,1,0,1,UPI_P2M,0
TXN_004273,2786.0,2176.56,1.28,0,0,0,0,1,UPI_P2M,0
TXN_001103,10431.48,5113.47,2.04,0,0,0,0,3,UPI_P2M,0
TXN_003598,8330.15,6263.27,1.33,0,0,1,0,1,UPI_P2M,0
TXN_002812,11156.32,6411.68,1.74,0,0,0,0,1,UPI_P2M,0
TXN_000112,744.25,744.25,1.0,0,0,0,0,2,UPI_P2M,0
TXN_001236,2778.71,1304.56,2.13,0,0,0,0,1,UPI_P2M,0
TXN_002355,9802.28,6406.72,1.53,0,0,0,0,1,UPI_P2P,0
TXN_000673,5718.03,5151.38,1.11,0,0,0,0,1,UPI_P2P,0
TXN_004805,2047.77,1204.57,1.7,0,0,0,0,1,UPI_P2M,0
TXN_005820,20588.43,2471.6,8.33,1,1,1,0,4,UPI_P2P,1
TXN_002123,4701.34,2260.26,2.08,0,0,0,0,1,UPI_P2M,0
TXN_003167,3941.29,3103.38,1.27,1,0,0,0,1,UPI_P2M,0
TXN_005107,1162.06,842.07,1.38,0,0,0,0,1,UPI_P2M,0
TXN_004741,694.19,816.69,0.85,0,0,0,0,1,UPI_P2M,0
TXN_005836,9852.86,1731.61,5.69,1,1,1,1,12,IMPS_WIRE,1
TXN_000053,6725.51,8734.43,0.77,0,0,0,0,1,UPI_P2P,0
TXN_002736,3976.56,4468.05,0.89,0,0,0,0,1,UPI_P2M,0
TXN_001141,1413.17,1427.44,0.99,0,0,0,0,1,UPI_P2P,0
TXN_005804,10650.14,1799.01,5.92,1,1,1,1,8,CRYPTO_ONRAMP,1
TXN_003386,1597.17,819.06,1.95,0,0,1,0,1,UPI_P2M,0
TXN_002644,5924.22,14810.55,0.4,0,0,0,0,1,UPI_P2M,0
TXN_004422,2684.06,1369.42,1.96,0,1,0,0,1,UPI_P2M,0
TXN_005380,3051.63,1849.47,1.65,0,1,1,0,1,UPI_P2P,0
TXN_004204,313.91,413.04,0.76,0,0,0,0,3,UPI_P2M,0
TXN_003023,8035.27,4617.97,1.74,0,0,0,0,1,BILL_PAY,0
TXN_002447,2807.4,3693.95,0.76,0,1,0,0,1,BILL_PAY,0
TXN_000068,9483.04,10420.92,0.91,0,0,0,0,1,UPI_P2M,0
TXN_002500,9037.64,6320.03,1.43,1,0,0,0,1,UPI_P2P,0
TXN_003353,4721.98,2552.42,1.85,0,0,0,0,1,UPI_P2M,0
TXN_002034,1881.75,871.18,2.16,0,0,0,0,1,UPI_P2M,0
TXN_004207,2214.68,1909.21,1.16,0,0,0,0,1,UPI_P2P,0
TXN_004830,7385.4,3992.11,1.85,0,0,0,0,1,UPI_P2M,0
TXN_001242,6084.8,10491.04,0.58,0,1,0,0,2,UPI_P2M,0
TXN_000390,7380.88,4855.84,1.52,0,0,0,0,2,BILL_PAY,0
TXN_001375,9412.31,6233.32,1.51,0,0,0,0,2,UPI_P2M,0
TXN_002129,25216.01,21737.94,1.16,1,0,0,0,2,UPI_P2M,0
TXN_000305,4588.53,2850.02,1.61,0,0,0,0,1,UPI_P2M,0
TXN_001551,1273.14,740.2,1.72,0,0,0,0,1,UPI_P2M,0
TXN_001308,848.03,1730.67,0.49,0,0,0,0,1,UPI_P2M,0
TXN_003922,759.48,643.63,1.18,0,0,0,0,1,UPI_P2M,0
TXN_004341,795.8,432.5,1.84,0,0,0,0,1,UPI_P2M,0
TXN_002050,506.52,1447.21,0.35,1,0,0,0,1,UPI_P2M,0
TXN_003645,20475.39,10776.52,1.9,0,0,0,0,3,UPI_P2P,0
TXN_000034,1695.58,931.64,1.82,1,0,0,0,1,UPI_P2M,0
TXN_005290,1639.73,876.86,1.87,0,0,0,0,1,UPI_P2M,0
TXN_000293,2973.27,3912.2,0.76,0,0,0,0,1,UPI_P2M,0
TXN_002656,2693.32,1832.19,1.47,1,0,0,0,2,UPI_P2M,0
TXN_001210,530.46,510.06,1.04,0,0,0,0,1,UPI_P2P,0
TXN_005205,2181.37,3697.23,0.59,0,0,0,0,1,UPI_P2M,0
TXN_000318,916.27,796.76,1.15,0,0,0,0,1,BILL_PAY,0
TXN_000997,2070.68,3697.65,0.56,0,0,0,0,1,UPI_P2P,0
TXN_004139,3184.32,2894.84,1.1,0,0,0,0,4,UPI_P2P,0
TXN_003709,1086.96,1672.25,0.65,0,0,0,0,2,UPI_P2M,0
TXN_003338,1726.0,894.3,1.93,1,0,0,0,1,UPI_P2M,0
TXN_002802,1345.96,868.36,1.55,0,0,0,0,3,UPI_P2P,0
TXN_005570,9718.54,4478.59,2.17,0,0,0,0,1,UPI_P2M,0
TXN_000967,4754.1,3278.69,1.45,0,0,0,0,1,UPI_P2M,0
TXN_002072,1404.59,747.12,1.88,0,0,0,0,1,UPI_P2M,0
TXN_005116,2711.21,2915.28,0.93,0,0,0,0,2,UPI_P2M,0
TXN_000118,1937.62,1160.25,1.67,0,0,0,0,1,UPI_P2M,0
TXN_003439,758.88,1149.82,0.66,0,0,0,0,1,UPI_P2P,0
TXN_004317,565.89,523.97,1.08,0,0,0,0,2,UPI_P2P,0
TXN_005426,2861.14,2832.81,1.01,0,1,1,0,1,UPI_P2M,0
TXN_000295,518.94,879.56,0.59,0,0,0,0,3,UPI_P2M,0
TXN_001801,1287.35,932.86,1.38,0,0,0,0,1,UPI_P2M,0
TXN_002082,3249.74,3186.02,1.02,0,0,0,0,1,UPI_P2M,0
TXN_000560,814.25,1480.46,0.55,0,0,0,0,3,UPI_P2M,0
TXN_000093,2238.43,1444.15,1.55,1,0,0,0,1,UPI_P2M,0
TXN_002799,3098.1,1936.31,1.6,0,0,0,0,1,BILL_PAY,0
TXN_000813,1730.09,1074.59,1.61,0,0,0,0,1,UPI_P2M,0
TXN_005914,24154.26,1745.25,13.84,1,1,1,0,4,UPI_P2P,1
TXN_003120,14912.46,7456.23,2.0,0,0,0,0,1,UPI_P2P,0
TXN_000268,11609.83,5528.49,2.1,0,0,0,0,2,UPI_P2M,0
TXN_004699,510.39,432.53,1.18,0,0,0,0,1,UPI_P2P,0
TXN_000929,6281.54,5323.34,1.18,0,0,1,0,2,UPI_P2M,0
TXN_000406,28467.39,15062.11,1.89,0,0,0,0,1,UPI_P2M,0
TXN_001476,10612.43,6550.88,1.62,0,0,0,0,2,UPI_P2M,0
TXN_004088,3363.7,3957.29,0.85,0,0,0,0,2,UPI_P2M,0
TXN_004657,4712.39,4712.39,1.0,0,0,0,0,2,UPI_P2M,0
TXN_003248,6730.4,12237.09,0.55,0,0,0,0,1,UPI_P2M,0
TXN_003261,906.59,1295.13,0.7,0,0,0,0,1,UPI_P2P,0
TXN_000983,4784.22,3369.17,1.42,0,0,0,0,3,UPI_P2M,0
TXN_003129,5901.01,3782.7,1.56,0,0,0,0,1,BILL_PAY,0
TXN_002657,20354.51,9556.11,2.13,0,1,0,0,2,UPI_P2P,0
TXN_002872,14500.12,6651.43,2.18,0,0,0,0,1,UPI_P2M,0
TXN_005532,13455.5,7312.77,1.84,0,0,0,0,4,UPI_P2M,0
TXN_004358,15466.32,8097.55,1.91,0,1,0,0,1,UPI_P2M,0
TXN_003820,211.03,602.94,0.35,0,0,0,0,1,UPI_P2M,0
TXN_002768,512.12,1024.24,0.5,0,0,0,0,2,UPI_P2P,0
TXN_001815,8799.61,5905.78,1.49,0,0,0,0,1,UPI_P2P,0
TXN_000328,1283.91,2377.62,0.54,0,0,0,0,1,UPI_P2M,0
TXN_001155,790.08,823.0,0.96,0,0,0,0,1,UPI_P2P,0
TXN_005198,1004.43,583.97,1.72,0,0,0,0,1,UPI_P2P,0
TXN_003543,1338.3,4055.45,0.33,0,0,1,0,1,UPI_P2P,0
TXN_005794,9806.18,2104.33,4.66,1,1,1,0,4,UPI_P2P,1
TXN_005013,2986.82,5062.41,0.59,0,0,0,0,1,UPI_P2P,0
TXN_005740,20800.85,1632.72,12.74,1,1,0,1,4,IMPS_WIRE,1
TXN_005179,5915.2,5799.22,1.02,0,0,0,0,2,UPI_P2M,0
TXN_005359,1055.12,1574.81,0.67,0,0,0,0,1,UPI_P2M,0
TXN_001509,5369.08,5017.83,1.07,0,0,0,0,1,UPI_P2M,0
TXN_002673,15486.21,11731.98,1.32,0,0,0,0,1,UPI_P2M,0
TXN_003998,684.48,834.73,0.82,0,0,0,0,3,UPI_P2M,0
TXN_005793,39316.09,3561.24,11.04,1,1,1,0,12,IMPS_WIRE,1
TXN_000374,2786.56,2095.16,1.33,0,0,0,0,1,UPI_P2M,0
TXN_003529,4681.47,6079.83,0.77,0,0,0,0,1,UPI_P2M,0
TXN_000645,233.18,518.18,0.45,0,0,0,0,2,UPI_P2M,0
TXN_001524,2230.13,2323.05,0.96,0,0,0,0,2,UPI_P2M,0
TXN_004431,5302.91,2866.44,1.85,0,0,0,0,1,UPI_P2P,0
TXN_002675,4037.15,2492.07,1.62,0,0,0,0,2,UPI_P2P,0
TXN_001445,11772.39,6228.78,1.89,0,0,0,0,1,UPI_P2P,0
TXN_004598,3241.79,6753.73,0.48,0,0,0,0,1,UPI_P2M,0
TXN_001576,2989.31,3882.22,0.77,0,0,0,0,1,UPI_P2M,0
TXN_004387,3503.11,3243.62,1.08,0,0,0,0,2,BILL_PAY,0
TXN_002230,3057.08,2281.4,1.34,0,0,1,0,1,UPI_P2M,0
TXN_005619,5950.38,3035.91,1.96,0,0,0,0,1,UPI_P2M,0
TXN_002411,1334.64,1570.16,0.85,0,0,0,0,1,UPI_P2M,0
TXN_003680,2289.99,1168.36,1.96,0,0,0,0,2,UPI_P2P,0
TXN_005077,620.33,1550.82,0.4,0,0,1,0,1,UPI_P2M,0
TXN_004697,2250.26,1339.44,1.68,0,0,0,0,1,UPI_P2P,0
TXN_000837,13704.58,7488.84,1.83,0,0,0,0,1,UPI_P2M,0
TXN_001188,3535.78,4311.93,0.82,0,0,0,0,2,UPI_P2M,0
TXN_003918,1173.63,1003.1,1.17,0,0,0,0,1,IMPS_WIRE,0
TXN_002107,2331.79,3151.07,0.74,0,0,0,0,2,BILL_PAY,0
TXN_002856,2240.32,1046.88,2.14,0,0,0,0,2,UPI_P2M,0
TXN_004462,6998.94,3742.75,1.87,0,0,0,0,3,UPI_P2M,0
TXN_000736,5660.47,3329.69,1.7,0,0,0,0,1,UPI_P2P,0
TXN_000792,4413.18,3559.02,1.24,0,0,0,0,1,UPI_P2P,0
TXN_001382,4471.9,3888.61,1.15,0,0,0,0,1,BILL_PAY,0
TXN_001166,591.45,1442.57,0.41,0,0,0,0,1,BILL_PAY,0
TXN_005301,807.48,1153.55,0.7,0,0,0,0,2,UPI_P2M,0
TXN_001024,1058.18,645.23,1.64,0,0,0,0,1,UPI_P2M,0
TXN_001727,4404.74,4361.13,1.01,0,0,0,0,2,BILL_PAY,0
TXN_004556,13578.28,10444.83,1.3,0,0,1,0,2,UPI_P2M,0
TXN_003491,1525.14,1155.41,1.32,0,0,0,0,2,UPI_P2M,0
TXN_002358,2654.76,2917.32,0.91,0,0,0,0,1,BILL_PAY,0
TXN_005141,2266.3,2243.86,1.01,0,0,0,0,1,UPI_P2M,0
TXN_002780,2304.29,1526.02,1.51,1,0,0,0,1,IMPS_WIRE,0
TXN_005696,3171.77,533.07,5.95,1,1,1,0,4,CRYPTO_ONRAMP,1
TXN_005232,26751.36,13178.01,2.03,0,0,0,0,2,UPI_P2M,0
TXN_001549,6665.95,13603.97,0.49,0,0,0,0,1,UPI_P2P,0
TXN_005381,611.69,571.67,1.07,1,0,0,0,1,UPI_P2P,0
TXN_000418,3096.07,2814.61,1.1,0,0,0,0,1,UPI_P2M,0
TXN_005347,7545.21,11261.5,0.67,0,0,0,0,2,UPI_P2M,0
TXN_000641,6144.45,3769.6,1.63,0,0,0,0,1,UPI_P2M,0
TXN_000954,11501.43,11501.43,1.0,0,0,1,0,1,UPI_P2M,0
TXN_002954,4401.21,2472.59,1.78,0,0,0,0,2,UPI_P2M,0
TXN_004398,2581.29,2412.42,1.07,0,0,0,0,2,UPI_P2P,0
TXN_000412,1929.2,1820.0,1.06,0,0,0,0,1,BILL_PAY,0
TXN_002486,5338.4,2655.92,2.01,0,0,0,0,1,BILL_PAY,0
TXN_003904,9309.39,4848.64,1.92,0,0,1,0,2,UPI_P2P,0
TXN_005844,7983.76,681.79,11.71,1,1,0,1,8,UPI_P2P,1
TXN_004665,3389.63,1842.19,1.84,0,0,0,0,1,UPI_P2P,0
TXN_000685,819.92,1093.23,0.75,0,0,0,0,1,UPI_P2M,0
TXN_000134,7464.19,4579.26,1.63,0,0,0,0,1,UPI_P2M,0
TXN_001580,5585.92,6495.26,0.86,0,0,0,0,2,UPI_P2M,0
TXN_003580,2409.81,1721.29,1.4,0,0,0,0,1,UPI_P2M,0
TXN_003756,14776.96,6747.47,2.19,1,0,0,0,1,UPI_P2M,0
TXN_004497,2246.18,1856.35,1.21,0,0,0,0,1,UPI_P2M,0
TXN_002205,2815.05,2085.22,1.35,0,0,0,0,2,UPI_P2M,0
TXN_001753,12384.71,8368.05,1.48,0,0,0,0,2,UPI_P2P,0
TXN_005852,6504.66,838.23,7.76,1,1,1,0,4,IMPS_WIRE,1
TXN_003766,376.07,709.57,0.53,0,0,0,0,1,BILL_PAY,0
TXN_001558,2320.29,1177.81,1.97,0,0,0,0,1,UPI_P2M,0
TXN_001616,4296.7,2963.24,1.45,0,0,0,0,1,UPI_P2M,0
TXN_001329,12373.32,6444.44,1.92,0,0,0,0,1,UPI_P2M,0
TXN_000725,16843.22,10527.01,1.6,0,0,0,0,1,UPI_P2M,0
TXN_000776,15817.97,10984.7,1.44,0,0,0,0,2,UPI_P2M,0
TXN_005509,8869.39,4284.73,2.07,0,0,0,0,1,UPI_P2M,0
TXN_002943,3281.78,2689.98,1.22,0,0,0,0,1,UPI_P2M,0
TXN_004259,23218.36,11326.03,2.05,0,0,0,0,1,UPI_P2M,0
TXN_000377,3626.77,3858.27,0.94,0,0,0,0,2,UPI_P2M,0
TXN_000452,1552.0,1100.71,1.41,0,0,0,0,1,UPI_P2M,0
TXN_004738,16949.48,9161.88,1.85,0,0,0,0,1,UPI_P2M,0
TXN_003435,7250.87,3420.22,2.12,0,0,0,0,1,UPI_P2M,0
TXN_000863,1899.92,4523.63,0.42,1,0,0,0,1,UPI_P2M,0
TXN_005135,1971.39,1699.47,1.16,0,0,0,0,1,UPI_P2P,0
TXN_005196,10655.99,8012.02,1.33,1,0,0,0,1,UPI_P2M,0
TXN_003990,8257.99,5004.84,1.65,0,0,1,0,1,UPI_P2M,0
TXN_000495,2585.66,1390.14,1.86,0,0,0,0,1,UPI_P2M,0
TXN_004054,1456.54,1174.63,1.24,0,0,0,0,1,BILL_PAY,0
TXN_002194,4542.65,11647.83,0.39,0,0,0,0,1,UPI_P2M,0
TXN_003040,3143.96,3208.12,0.98,0,0,0,0,1,UPI_P2P,0
TXN_002498,1302.74,648.13,2.01,0,0,0,0,1,UPI_P2P,0
TXN_001348,15462.56,11986.48,1.29,1,0,0,0,1,UPI_P2P,0
TXN_005715,4762.67,523.37,9.1,1,1,1,1,6,IMPS_WIRE,1
TXN_000340,24466.72,12611.71,1.94,1,0,0,0,1,UPI_P2M,0
TXN_005539,1833.67,2236.18,0.82,0,0,0,0,2,UPI_P2M,0
TXN_000247,1014.46,1537.06,0.66,0,0,0,0,2,UPI_P2P,0
TXN_005300,881.03,734.19,1.2,0,0,0,0,3,UPI_P2M,0
TXN_003522,2380.69,4035.07,0.59,0,0,0,0,3,UPI_P2M,0
TXN_002579,1934.69,1111.89,1.74,0,0,0,0,1,UPI_P2M,0
TXN_002592,1876.83,902.32,2.08,1,0,0,0,1,UPI_P2M,0
TXN_003737,9604.12,7562.3,1.27,0,0,0,0,2,BILL_PAY,0
TXN_004381,741.53,469.32,1.58,0,0,0,0,1,UPI_P2P,0
TXN_001987,2519.05,1526.7,1.65,0,0,0,0,1,UPI_P2P,0
TXN_001873,296.91,424.16,0.7,0,0,0,0,1,UPI_P2P,0
TXN_000975,2007.31,1792.24,1.12,0,0,0,0,1,UPI_P2M,0
TXN_004269,1816.17,912.65,1.99,0,0,0,0,1,UPI_P2M,0
TXN_002132,2366.48,2275.46,1.04,0,0,0,0,1,UPI_P2M,0
TXN_001763,604.12,1041.59,0.58,0,0,0,0,1,BILL_PAY,0
TXN_005164,1680.49,2270.93,0.74,0,0,0,0,1,UPI_P2M,0
TXN_005720,87515.74,7120.89,12.29,1,1,1,0,6,UPI_P2P,1
TXN_000701,644.61,1039.7,0.62,0,0,0,0,1,UPI_P2M,0
TXN_000288,15416.08,7340.99,2.1,0,0,1,0,1,UPI_P2P,0
TXN_002554,979.7,1999.38,0.49,0,0,0,0,3,UPI_P2M,0
TXN_003342,6579.98,7393.24,0.89,0,0,0,0,1,UPI_P2M,0
TXN_002363,380.39,1267.98,0.3,0,0,0,0,1,UPI_P2P,0
TXN_003816,3983.35,2747.14,1.45,0,0,0,0,1,UPI_P2M,0
TXN_005298,11857.63,7274.62,1.63,0,0,0,0,2,UPI_P2M,0
TXN_001843,5972.68,4359.62,1.37,0,0,0,0,1,UPI_P2P,0
TXN_002527,514.89,1119.32,0.46,0,0,0,0,1,BILL_PAY,0
TXN_005046,777.96,1275.35,0.61,0,0,0,0,2,UPI_P2P,0
TXN_000090,5634.27,10061.2,0.56,0,0,0,0,2,UPI_P2M,0
TXN_000030,517.03,561.99,0.92,0,0,0,0,1,UPI_P2M,0
TXN_002593,11018.5,5272.01,2.09,0,0,0,0,1,UPI_P2P,0
TXN_000447,6936.7,6606.38,1.05,1,0,0,0,1,UPI_P2M,0
TXN_000763,2155.51,2728.49,0.79,0,0,0,0,1,UPI_P2P,0
TXN_004875,1093.91,528.46,2.07,0,0,0,0,1,UPI_P2P,0
TXN_003371,549.5,1056.74,0.52,1,0,0,0,2,IMPS_WIRE,0
TXN_000386,1547.77,810.35,1.91,0,0,0,0,1,UPI_P2P,0
TXN_004346,3650.68,2355.28,1.55,0,0,0,0,1,BILL_PAY,0
TXN_001233,2578.99,3792.63,0.68,0,0,0,0,2,UPI_P2P,0
TXN_004666,7986.72,4563.84,1.75,0,0,0,0,2,UPI_P2P,0
TXN_000218,1153.21,707.49,1.63,0,0,0,0,1,UPI_P2M,0
TXN_004012,6541.31,6056.77,1.08,0,0,0,0,2,UPI_P2M,0
TXN_005242,4262.75,5536.04,0.77,0,0,0,0,1,UPI_P2M,0
TXN_002726,1198.04,1597.38,0.75,0,0,0,0,2,UPI_P2M,0
TXN_001117,16438.79,8561.87,1.92,0,0,0,0,2,UPI_P2P,0
TXN_005633,9881.18,4940.59,2.0,0,0,0,0,1,UPI_P2M,0
TXN_005045,3909.65,5355.69,0.73,0,1,1,0,1,UPI_P2M,0
TXN_001849,18524.65,11799.14,1.57,0,0,0,0,2,UPI_P2P,0
TXN_001039,1571.79,1354.99,1.16,0,0,0,0,1,UPI_P2M,0
TXN_005340,948.99,1129.75,0.84,0,0,0,0,1,UPI_P2M,0
TXN_004588,1033.81,1520.31,0.68,0,0,0,0,1,UPI_P2P,0
TXN_002868,6970.74,4356.71,1.6,0,0,0,0,1,BILL_PAY,0
TXN_003460,4043.48,3743.96,1.08,0,0,0,0,1,UPI_P2P,0
TXN_003271,2069.82,1131.05,1.83,0,0,0,0,2,UPI_P2P,0
TXN_000322,1132.93,1231.45,0.92,0,0,0,0,1,UPI_P2M,0
TXN_005669,9813.55,1624.76,6.04,1,0,0,1,6,CRYPTO_ONRAMP,1
TXN_000490,4004.96,2800.67,1.43,0,0,0,0,1,UPI_P2P,0
TXN_001025,1446.64,3144.88,0.46,0,0,0,0,1,UPI_P2P,0
TXN_004154,1023.41,1088.73,0.94,0,0,0,0,1,UPI_P2P,0
TXN_000816,5125.82,5339.4,0.96,0,0,0,0,1,UPI_P2M,0
TXN_005966,40240.46,4012.01,10.03,1,1,1,1,4,IMPS_WIRE,1
TXN_001822,3105.13,2609.35,1.19,0,0,0,0,1,UPI_P2P,0
TXN_004897,362.21,452.76,0.8,0,0,0,0,1,UPI_P2P,0
TXN_000339,864.85,815.9,1.06,0,0,0,0,1,UPI_P2M,0
TXN_004024,1693.0,4702.79,0.36,0,0,0,0,1,UPI_P2M,0
TXN_005251,186.51,532.88,0.35,0,0,0,0,2,UPI_P2P,0
TXN_000950,3466.96,1936.85,1.79,0,0,0,0,1,BILL_PAY,0
TXN_000116,7488.67,5943.39,1.26,0,0,0,0,1,UPI_P2P,0
TXN_004342,1563.64,1078.37,1.45,0,0,0,0,1,BILL_PAY,0
TXN_000016,2277.68,3673.67,0.62,0,0,0,0,1,UPI_P2M,0
TXN_003916,1289.54,1183.06,1.09,0,0,0,0,2,UPI_P2M,0
TXN_002857,5272.74,2510.83,2.1,0,0,0,0,1,UPI_P2M,0
TXN_002272,1043.93,1242.77,0.84,0,0,0,0,1,UPI_P2M,0
TXN_001414,2384.61,4967.94,0.48,0,0,0,0,2,UPI_P2M,0
TXN_000321,428.57,470.96,0.91,0,0,0,0,2,UPI_P2P,0
TXN_004606,18362.68,8785.97,2.09,0,1,0,0,1,UPI_P2M,0
TXN_000518,1102.02,680.26,1.62,0,0,1,0,1,UPI_P2M,0
TXN_000191,1361.01,840.13,1.62,0,0,0,0,2,UPI_P2M,0
TXN_005880,72901.65,7714.46,9.45,0,1,0,0,6,IMPS_WIRE,1
TXN_000857,6682.55,5711.58,1.17,0,0,0,0,2,UPI_P2M,0
TXN_002942,4281.73,1955.13,2.19,0,0,0,0,1,UPI_P2M,0
TXN_005653,2696.71,570.13,4.73,1,1,1,0,4,IMPS_WIRE,1
TXN_003607,1889.94,1488.14,1.27,0,0,0,0,1,UPI_P2M,0
TXN_002524,3581.81,2755.24,1.3,0,0,0,0,1,UPI_P2M,0
TXN_001534,965.51,453.29,2.13,0,0,0,0,1,UPI_P2P,0
TXN_003727,2162.4,1491.31,1.45,0,0,0,0,1,UPI_P2M,0
TXN_001687,2302.34,1475.86,1.56,1,0,0,0,1,BILL_PAY,0
TXN_004634,1353.41,1630.61,0.83,0,0,0,0,1,UPI_P2P,0
TXN_005846,14956.91,1483.82,10.08,1,1,0,1,6,IMPS_WIRE,1
TXN_004032,6691.1,10792.09,0.62,0,0,1,0,1,UPI_P2P,0
TXN_004315,2506.61,1566.63,1.6,0,0,0,0,2,UPI_P2P,0
TXN_003813,4498.86,2921.34,1.54,0,1,0,0,1,UPI_P2P,0
TXN_000442,234.84,469.68,0.5,0,0,0,0,1,UPI_P2P,0
TXN_001796,6922.24,10987.69,0.63,0,0,0,0,1,UPI_P2P,0
TXN_005767,40945.85,7444.7,5.5,1,1,0,1,6,CRYPTO_ONRAMP,1
TXN_002427,5343.22,5624.44,0.95,0,0,0,0,1,IMPS_WIRE,0
TXN_003307,516.78,1396.69,0.37,0,0,0,0,1,UPI_P2M,0
TXN_005171,1196.75,873.54,1.37,0,0,0,0,3,UPI_P2P,0
TXN_002648,3143.17,5612.8,0.56,0,0,0,0,1,UPI_P2M,0
TXN_002923,5727.93,7637.24,0.75,0,0,0,0,4,UPI_P2M,0
TXN_003833,1617.2,1948.43,0.83,0,0,0,0,1,UPI_P2M,0
TXN_005442,3044.92,2114.53,1.44,0,0,0,0,1,UPI_P2P,0
TXN_000094,8570.06,6348.19,1.35,0,0,0,0,2,UPI_P2M,0
TXN_004750,8047.18,11334.05,0.71,0,0,0,0,1,UPI_P2P,0
TXN_004117,8491.63,5980.02,1.42,0,0,0,0,2,UPI_P2M,0
TXN_000667,2863.99,1307.76,2.19,0,0,0,0,1,UPI_P2P,0
TXN_003432,5164.16,11475.91,0.45,1,0,0,0,1,UPI_P2P,0
TXN_004938,1691.6,3599.15,0.47,1,0,0,0,1,UPI_P2M,0
TXN_005397,3513.87,6388.86,0.55,0,0,0,0,1,UPI_P2M,0
TXN_004251,2077.05,2333.76,0.89,0,0,0,0,1,UPI_P2M,0
TXN_000802,1260.62,1299.61,0.97,0,0,0,0,1,UPI_P2M,0
TXN_001447,8563.92,5560.99,1.54,0,0,0,0,2,UPI_P2M,0
TXN_005121,2246.84,3164.57,0.71,0,0,0,0,3,UPI_P2P,0
TXN_001707,469.79,479.38,0.98,0,0,0,0,1,UPI_P2P,0
TXN_000069,4854.53,2960.08,1.64,0,0,1,0,1,UPI_P2M,0
TXN_000364,1677.78,926.95,1.81,0,0,0,0,3,UPI_P2M,0
TXN_000383,716.74,519.38,1.38,0,0,0,0,1,UPI_P2M,0
TXN_004155,2917.44,2297.2,1.27,0,0,0,0,3,UPI_P2P,0
TXN_003521,6051.37,5763.21,1.05,0,0,0,0,2,UPI_P2M,0
TXN_000864,6334.79,2892.6,2.19,0,0,0,0,1,UPI_P2M,0
TXN_000184,23779.08,11771.82,2.02,0,0,0,0,1,UPI_P2P,0
TXN_001515,6444.06,4296.04,1.5,0,0,0,0,1,UPI_P2P,0
TXN_005214,3342.37,1768.45,1.89,0,0,0,0,1,UPI_P2M,0
TXN_000173,3203.39,2179.18,1.47,0,0,0,0,3,UPI_P2M,0
TXN_001996,493.69,705.27,0.7,1,0,0,0,3,UPI_P2M,0
TXN_005382,3411.39,4673.14,0.73,0,0,0,0,1,UPI_P2M,0
TXN_004027,18936.91,11689.45,1.62,0,0,1,0,2,UPI_P2M,0
TXN_001944,13721.14,9086.85,1.51,0,0,0,0,1,UPI_P2M,0
TXN_000180,14261.94,10260.39,1.39,0,0,0,0,1,UPI_P2P,0
TXN_001885,534.89,1028.64,0.52,0,0,0,0,2,BILL_PAY,0
TXN_004898,4066.64,2925.64,1.39,0,0,0,0,1,UPI_P2P,0
TXN_004478,1683.57,1850.08,0.91,0,0,0,0,1,IMPS_WIRE,0
TXN_000646,1193.49,2169.99,0.55,0,0,0,0,2,UPI_P2M,0
TXN_000743,1773.5,1773.5,1.0,0,0,1,0,1,UPI_P2M,0
TXN_001613,2058.2,1034.27,1.99,1,0,1,0,2,UPI_P2M,0
TXN_001428,977.48,775.78,1.26,0,0,0,0,1,UPI_P2P,0
TXN_003217,10072.26,7868.95,1.28,0,0,0,0,3,BILL_PAY,0
TXN_004761,2572.34,1761.88,1.46,0,0,0,0,1,UPI_P2M,0
TXN_005525,1379.48,2224.97,0.62,0,0,0,0,1,UPI_P2M,0
TXN_003799,391.17,1222.4,0.32,0,0,0,0,1,UPI_P2M,0
TXN_005080,15995.77,8508.39,1.88,0,0,1,0,1,UPI_P2P,0
TXN_000304,1196.73,1208.82,0.99,0,0,0,0,1,UPI_P2P,0
TXN_000225,943.95,2052.07,0.46,0,0,0,0,1,UPI_P2P,0
TXN_001230,2914.1,2749.15,1.06,0,0,0,0,1,BILL_PAY,0
TXN_001411,6951.14,9522.11,0.73,0,1,0,0,2,UPI_P2M,0
TXN_003054,1277.68,2777.56,0.46,0,0,0,0,1,UPI_P2M,0
TXN_001883,2415.22,2776.11,0.87,0,1,0,0,1,UPI_P2P,0
TXN_000922,3541.45,2425.65,1.46,0,0,0,0,1,UPI_P2M,0
TXN_004412,385.48,876.1,0.44,0,0,0,0,1,BILL_PAY,0
TXN_003932,644.2,432.35,1.49,0,0,0,0,1,UPI_P2P,0
TXN_005869,37180.87,3429.97,10.84,1,1,1,1,4,CRYPTO_ONRAMP,1
TXN_004889,6786.94,3099.06,2.19,0,0,0,0,2,UPI_P2M,0
TXN_001772,908.35,956.16,0.95,0,0,0,0,1,UPI_P2P,0
TXN_001235,3536.32,2658.89,1.33,0,0,0,0,1,UPI_P2M,0
TXN_000270,1372.74,2495.89,0.55,0,0,0,0,1,UPI_P2M,0
TXN_004952,1310.81,963.83,1.36,0,0,0,0,2,UPI_P2P,0
TXN_000144,3448.85,2593.12,1.33,0,1,0,0,1,UPI_P2M,0
TXN_003214,18864.81,10718.64,1.76,0,0,0,0,1,UPI_P2P,0
TXN_002301,2103.29,1175.02,1.79,0,0,0,0,1,UPI_P2P,0
TXN_002018,2167.9,994.45,2.18,0,0,0,0,1,IMPS_WIRE,0
TXN_001444,3104.78,2874.8,1.08,1,0,0,0,1,UPI_P2M,0
TXN_000441,2085.08,1319.67,1.58,0,1,0,0,4,UPI_P2M,0
TXN_000387,921.2,877.33,1.05,0,0,1,0,1,UPI_P2M,0
TXN_000970,1266.22,2813.83,0.45,0,0,0,0,1,UPI_P2M,0
TXN_003459,4201.19,2069.55,2.03,0,0,0,0,1,BILL_PAY,0
TXN_004652,8769.57,6959.98,1.26,0,0,1,0,3,IMPS_WIRE,0
TXN_005955,9420.54,2185.74,4.31,1,1,0,1,4,UPI_P2P,1
TXN_001827,4062.13,6551.83,0.62,0,0,0,0,1,UPI_P2P,0
TXN_005634,2984.35,4325.14,0.69,1,0,0,0,1,UPI_P2M,0
TXN_001033,1050.26,586.74,1.79,0,0,0,0,2,UPI_P2M,0
TXN_003196,788.02,722.95,1.09,0,0,0,0,1,UPI_P2P,0
TXN_004660,6820.38,4059.75,1.68,0,0,1,0,1,UPI_P2M,0
TXN_001319,21419.62,12239.78,1.75,0,0,0,0,4,BILL_PAY,0
TXN_002185,665.79,1024.29,0.65,0,0,0,0,1,UPI_P2P,0
TXN_001992,941.01,1289.05,0.73,0,0,0,0,1,UPI_P2M,0
TXN_003192,384.1,498.83,0.77,0,0,0,0,1,UPI_P2M,0
TXN_002898,5151.62,2846.2,1.81,0,1,0,0,2,UPI_P2M,0
TXN_002903,969.91,2063.63,0.47,0,0,0,0,1,UPI_P2M,0
TXN_001268,9562.06,5086.2,1.88,0,0,0,0,1,UPI_P2P,0
TXN_002559,3084.86,2528.57,1.22,0,0,0,0,1,UPI_P2M,0
TXN_000323,1684.48,846.47,1.99,0,0,0,0,2,UPI_P2M,0
TXN_000895,821.02,641.42,1.28,0,0,0,0,2,UPI_P2M,0
TXN_000104,1208.2,774.49,1.56,0,0,0,0,1,UPI_P2M,0
TXN_001167,5824.62,3640.39,1.6,0,0,0,0,1,UPI_P2M,0
TXN_003426,2691.14,1300.07,2.07,0,0,0,0,1,UPI_P2P,0
TXN_005881,21695.37,4055.21,5.35,1,1,1,0,4,UPI_P2P,1
TXN_000456,2853.72,3523.11,0.81,0,0,0,0,1,UPI_P2P,0
TXN_003004,1301.08,2956.99,0.44,1,0,0,0,1,IMPS_WIRE,0
TXN_001701,308.97,643.69,0.48,0,0,0,0,1,UPI_P2M,0
TXN_004096,8014.95,7633.29,1.05,0,0,0,0,1,UPI_P2P,0
TXN_002816,7538.34,5346.34,1.41,0,0,1,0,4,UPI_P2M,0
TXN_000426,1105.98,643.01,1.72,0,1,0,0,1,UPI_P2P,0
TXN_003341,3055.58,4129.16,0.74,0,0,0,0,1,UPI_P2M,0
TXN_001315,2894.3,2782.98,1.04,0,0,0,0,2,UPI_P2P,0
TXN_001913,561.6,1220.86,0.46,0,0,0,0,1,UPI_P2M,0
TXN_000121,21677.7,10273.79,2.11,0,0,0,0,2,UPI_P2P,0
TXN_004820,821.27,2415.5,0.34,0,0,0,0,2,UPI_P2M,0
TXN_003807,8953.1,8526.76,1.05,0,1,0,0,1,UPI_P2M,0
TXN_001970,1151.15,1056.1,1.09,0,0,1,0,1,UPI_P2P,0
TXN_000285,8263.41,8607.72,0.96,0,0,0,0,1,UPI_P2M,0
TXN_003847,2056.5,1438.11,1.43,0,0,0,0,2,UPI_P2P,0
TXN_005899,11522.6,1264.83,9.11,0,1,1,0,6,UPI_P2P,1
TXN_001450,865.15,2338.24,0.37,0,0,0,0,1,UPI_P2M,0
TXN_005274,21547.68,11107.05,1.94,0,0,0,0,1,UPI_P2M,0
TXN_004481,1903.63,1475.68,1.29,0,0,0,0,1,UPI_P2M,0
TXN_004256,1722.09,1118.24,1.54,0,0,0,0,1,UPI_P2P,0
TXN_002633,16376.83,12895.14,1.27,0,0,0,0,1,UPI_P2M,0
TXN_000262,24059.66,12662.98,1.9,0,0,0,0,1,UPI_P2M,0
TXN_005361,3237.25,4374.66,0.74,0,0,0,0,1,UPI_P2M,0
TXN_004164,1759.66,871.12,2.02,0,0,1,0,1,UPI_P2P,0
TXN_005119,5199.83,5591.21,0.93,0,0,0,0,1,UPI_P2M,0
TXN_004304,3442.39,4470.63,0.77,1,0,1,0,1,UPI_P2M,0
TXN_001636,455.1,1422.19,0.32,0,0,0,0,2,UPI_P2M,0
TXN_003929,1664.87,2249.82,0.74,0,1,0,0,1,UPI_P2M,0
TXN_002976,572.93,954.88,0.6,0,0,0,0,2,UPI_P2M,0
TXN_003156,2563.2,1971.69,1.3,0,0,0,0,1,UPI_P2P,0
TXN_003473,5817.16,3324.09,1.75,0,0,0,0,2,UPI_P2P,0
TXN_004007,2839.51,3943.77,0.72,0,0,0,0,2,UPI_P2M,0
TXN_005039,1359.62,1192.65,1.14,0,0,0,0,4,UPI_P2M,0
TXN_003002,11104.53,7605.84,1.46,0,0,0,0,2,UPI_P2M,0
TXN_001754,15448.17,13091.67,1.18,0,0,1,0,2,UPI_P2P,0
TXN_001665,1468.14,929.2,1.58,0,0,0,0,2,UPI_P2M,0
TXN_002849,2653.12,2479.55,1.07,0,0,1,0,3,UPI_P2M,0
TXN_000737,8322.34,7777.89,1.07,0,0,0,0,1,UPI_P2M,0
TXN_000399,13446.5,9814.96,1.37,1,0,0,0,2,UPI_P2P,0
TXN_003283,969.03,988.81,0.98,0,0,0,0,1,UPI_P2P,0
TXN_004252,3338.65,1552.86,2.15,0,0,0,0,1,UPI_P2P,0
TXN_005625,3778.6,1968.02,1.92,0,0,0,0,2,UPI_P2P,0
TXN_004776,1743.55,830.26,2.1,0,1,0,0,1,UPI_P2M,0
TXN_001313,4383.58,2058.02,2.13,0,0,0,0,1,UPI_P2M,0
TXN_005975,33638.44,2889.9,11.64,1,0,1,1,8,IMPS_WIRE,1
TXN_000923,7927.65,10431.12,0.76,0,0,0,0,1,UPI_P2M,0
TXN_002860,422.77,741.71,0.57,0,0,0,0,1,UPI_P2M,0
TXN_001463,4064.94,2022.36,2.01,1,0,0,0,1,UPI_P2P,0
TXN_003996,3009.4,4122.46,0.73,0,0,0,0,2,UPI_P2M,0
TXN_005593,9361.29,4294.17,2.18,0,1,0,0,1,UPI_P2P,0
TXN_002424,6117.8,10732.99,0.57,0,0,0,0,2,IMPS_WIRE,0
TXN_004822,967.11,1758.39,0.55,0,1,0,0,1,UPI_P2P,0
TXN_001630,4281.44,2140.72,2.0,0,0,0,0,2,UPI_P2M,0
TXN_001806,1917.58,3364.17,0.57,0,0,0,0,1,UPI_P2M,0
TXN_003296,2190.41,2517.71,0.87,0,0,0,0,1,UPI_P2M,0
TXN_002629,870.08,649.31,1.34,0,0,0,0,1,UPI_P2P,0
TXN_004218,9085.85,11799.81,0.77,0,0,0,0,1,UPI_P2P,0
TXN_001787,14859.75,6816.4,2.18,1,0,0,0,2,UPI_P2P,0
TXN_004752,6724.23,3248.42,2.07,0,0,0,0,1,UPI_P2P,0
TXN_002511,4800.1,4247.88,1.13,0,0,0,0,1,UPI_P2M,0
TXN_003185,5362.04,2852.15,1.88,0,0,1,0,2,IMPS_WIRE,0
TXN_003141,8956.99,6537.95,1.37,0,0,0,0,1,UPI_P2P,0
TXN_002861,865.62,786.93,1.1,0,0,0,0,1,UPI_P2M,0
TXN_005931,33687.79,7744.32,4.35,1,1,1,1,6,IMPS_WIRE,1
TXN_001346,4360.89,3049.57,1.43,0,0,0,0,1,UPI_P2M,0
TXN_002133,4756.82,4172.65,1.14,0,0,0,0,1,UPI_P2M,0
TXN_004767,3760.44,1979.18,1.9,0,0,0,0,1,UPI_P2M,0
TXN_003800,17649.01,21263.87,0.83,0,0,1,0,1,UPI_P2M,0
TXN_001984,638.66,1680.68,0.38,1,0,0,0,2,BILL_PAY,0
TXN_003148,14755.18,7489.94,1.97,1,0,0,0,2,UPI_P2P,0
TXN_003568,4645.05,2732.38,1.7,0,0,0,0,3,UPI_P2M,0
TXN_002653,3148.07,2384.9,1.32,0,1,1,0,1,BILL_PAY,0
TXN_002570,9154.06,4422.25,2.07,0,0,0,0,3,UPI_P2M,0
TXN_002266,1017.1,1495.73,0.68,0,0,0,0,1,UPI_P2P,0
TXN_004036,2618.07,2401.9,1.09,0,0,0,0,1,UPI_P2M,0
TXN_002166,853.26,1551.39,0.55,1,0,0,0,2,UPI_P2M,0
TXN_001106,9713.53,5307.94,1.83,0,0,0,0,2,UPI_P2M,0
TXN_002806,1068.1,680.32,1.57,0,0,0,0,1,UPI_P2P,0
TXN_002285,1776.1,920.26,1.93,0,0,0,0,1,UPI_P2P,0
TXN_000101,1837.97,3995.59,0.46,0,1,0,0,1,UPI_P2M,0
TXN_001908,1988.35,1420.25,1.4,0,0,0,0,3,UPI_P2M,0
TXN_005713,46481.07,5839.33,7.96,1,1,1,0,6,IMPS_WIRE,1
TXN_000755,6434.54,3676.88,1.75,0,0,0,0,2,UPI_P2M,0
TXN_001011,16287.96,11976.44,1.36,0,0,0,0,1,UPI_P2P,0
TXN_005004,781.63,514.23,1.52,0,0,0,0,2,UPI_P2M,0
TXN_004066,8283.51,5673.64,1.46,0,0,0,0,2,UPI_P2M,0
TXN_001512,4136.71,4448.07,0.93,0,0,1,0,1,UPI_P2P,0
TXN_002869,3133.02,3867.93,0.81,0,0,0,0,1,UPI_P2P,0
TXN_001999,1915.98,1824.74,1.05,0,0,0,0,1,UPI_P2P,0
TXN_004674,10254.51,5285.83,1.94,0,0,1,0,1,UPI_P2M,0
TXN_002221,14398.36,7658.7,1.88,0,0,0,0,1,BILL_PAY,0
TXN_000777,12644.4,6386.06,1.98,0,0,0,0,1,UPI_P2M,0
TXN_005129,4378.24,3502.59,1.25,0,0,0,0,1,UPI_P2M,0
TXN_002826,8117.25,5137.5,1.58,0,0,0,0,2,UPI_P2M,0
TXN_002950,14471.88,11047.24,1.31,0,0,0,0,1,UPI_P2P,0
TXN_000252,3138.21,1696.33,1.85,0,0,0,0,1,UPI_P2M,0
TXN_000654,8703.68,4782.24,1.82,0,0,0,0,2,BILL_PAY,0
TXN_004902,1407.48,890.81,1.58,0,0,0,0,1,UPI_P2P,0
TXN_002753,1104.95,1699.92,0.65,0,0,0,0,4,UPI_P2M,0
TXN_003971,3011.55,1981.28,1.52,0,0,0,0,1,UPI_P2P,0
TXN_001284,1100.27,1325.63,0.83,0,0,0,0,2,BILL_PAY,0
TXN_005828,74478.14,7113.48,10.47,1,1,0,0,8,CRYPTO_ONRAMP,1
TXN_002164,1037.48,478.1,2.17,0,0,0,0,1,BILL_PAY,0
TXN_005279,1520.01,787.57,1.93,0,0,0,0,3,UPI_P2M,0
TXN_003656,16022.68,12325.14,1.3,0,1,0,0,1,BILL_PAY,0
TXN_002533,1878.26,5076.37,0.37,0,0,0,0,1,UPI_P2P,0
TXN_004700,933.4,2745.3,0.34,0,0,0,0,3,UPI_P2P,0
TXN_003161,4786.77,3769.11,1.27,0,0,0,0,1,UPI_P2P,0
TXN_000986,913.13,485.71,1.88,0,0,0,0,1,UPI_P2M,0
TXN_004277,4421.6,4056.51,1.09,0,0,0,0,1,IMPS_WIRE,0
TXN_003597,1830.86,2860.72,0.64,0,0,0,0,1,UPI_P2M,0
TXN_001570,1281.17,2979.47,0.43,0,0,0,0,3,UPI_P2P,0
TXN_003502,11664.56,6627.59,1.76,0,0,0,0,1,UPI_P2P,0
TXN_000773,14557.06,11932.02,1.22,0,0,0,0,1,BILL_PAY,0
TXN_002611,1977.61,1648.01,1.2,0,0,0,0,1,UPI_P2M,0
TXN_005266,9099.59,5229.65,1.74,0,0,0,0,1,UPI_P2M,0
TXN_000150,1754.1,3813.27,0.46,0,0,0,0,1,UPI_P2M,0
TXN_005182,22361.37,11467.37,1.95,0,0,0,0,1,BILL_PAY,0
TXN_000869,1669.01,2491.06,0.67,0,0,0,0,1,UPI_P2M,0
TXN_000966,4707.48,3436.12,1.37,0,0,0,0,1,UPI_P2P,0
TXN_000890,2714.62,1428.75,1.9,0,0,0,0,1,UPI_P2M,0
TXN_001672,2341.55,3902.58,0.6,0,0,1,0,1,UPI_P2M,0
TXN_001741,1367.83,984.05,1.39,0,0,0,0,1,UPI_P2M,0
TXN_005108,15553.01,8688.83,1.79,0,0,0,0,2,UPI_P2M,0
TXN_004559,7880.72,3631.67,2.17,0,0,0,0,1,IMPS_WIRE,0
TXN_000385,3469.57,1865.36,1.86,0,0,0,0,1,UPI_P2M,0
TXN_005620,2135.47,2572.86,0.83,0,0,0,0,3,UPI_P2M,0
TXN_000617,445.97,1238.81,0.36,0,0,0,0,3,UPI_P2P,0
TXN_004612,2477.3,3058.39,0.81,0,0,0,0,1,UPI_P2P,0
TXN_005978,75651.9,5855.41,12.92,1,1,0,0,4,CRYPTO_ONRAMP,1
TXN_002778,11064.54,6705.78,1.65,0,0,0,0,1,UPI_P2M,0
TXN_001249,6622.48,3413.65,1.94,0,0,0,0,1,UPI_P2P,0
TXN_005163,896.66,1179.81,0.76,0,0,0,0,1,UPI_P2M,0
TXN_002771,1216.29,794.96,1.53,0,0,0,0,1,UPI_P2P,0
TXN_001442,533.32,1212.1,0.44,0,0,0,0,4,UPI_P2M,0
TXN_002396,1678.1,795.31,2.11,0,0,0,0,1,UPI_P2M,0
TXN_000170,1298.38,2649.75,0.49,0,0,0,0,2,UPI_P2P,0
TXN_002571,1836.17,3400.31,0.54,0,0,0,0,1,UPI_P2M,0
TXN_001497,3376.7,3215.9,1.05,0,0,0,0,2,BILL_PAY,0
TXN_004239,1095.99,711.68,1.54,1,0,0,0,1,UPI_P2M,0
TXN_003130,4781.02,6733.83,0.71,0,0,0,0,1,UPI_P2M,0
TXN_000414,1812.6,1888.12,0.96,0,0,0,0,1,IMPS_WIRE,0
TXN_004073,3723.54,10951.59,0.34,0,0,0,0,1,UPI_P2P,0
TXN_001861,3538.67,1872.31,1.89,0,0,0,0,2,UPI_P2P,0
TXN_005922,78148.41,7034.06,11.11,1,1,0,0,12,IMPS_WIRE,1
TXN_000037,775.85,419.38,1.85,0,0,0,0,1,UPI_P2M,0
TXN_004587,225.9,513.41,0.44,0,0,0,0,1,UPI_P2M,0
TXN_001282,255.36,580.36,0.44,0,0,0,0,3,UPI_P2P,0
TXN_000239,902.22,668.31,1.35,0,0,0,0,1,UPI_P2M,0
TXN_002286,4465.74,2826.42,1.58,0,0,0,0,1,UPI_P2M,0
TXN_003325,8590.57,4451.07,1.93,0,0,0,0,2,UPI_P2M,0
TXN_002832,8771.67,6265.48,1.4,0,0,0,0,1,IMPS_WIRE,0
TXN_000017,1334.38,635.42,2.1,0,0,0,0,2,UPI_P2M,0
TXN_000371,2239.43,2574.06,0.87,0,0,0,0,2,UPI_P2P,0
TXN_004797,5356.28,5101.22,1.05,0,0,0,0,3,UPI_P2M,0
TXN_005167,1176.54,726.26,1.62,0,0,0,0,1,UPI_P2M,0
TXN_002955,775.76,1271.73,0.61,0,0,0,0,1,UPI_P2M,0
TXN_003413,2297.15,1248.45,1.84,0,0,1,0,1,UPI_P2P,0
TXN_005796,32604.81,2420.55,13.47,1,0,0,1,6,IMPS_WIRE,1
TXN_005463,3730.43,5254.13,0.71,0,0,0,0,1,UPI_P2M,0
TXN_005106,12509.89,13451.49,0.93,0,0,0,0,1,UPI_P2P,0
TXN_001483,11729.28,7195.88,1.63,0,0,0,0,1,UPI_P2M,0
TXN_002152,7507.76,5324.65,1.41,1,0,0,0,1,UPI_P2P,0
TXN_001768,729.4,1326.19,0.55,0,0,0,0,1,BILL_PAY,0
TXN_004349,16935.91,11926.7,1.42,0,1,0,0,1,UPI_P2M,0
TXN_001164,1927.55,6425.17,0.3,0,0,0,0,1,BILL_PAY,0
TXN_004045,1162.4,587.07,1.98,0,0,0,0,1,UPI_P2M,0
TXN_000803,840.86,651.83,1.29,1,0,0,0,2,UPI_P2P,0
TXN_005806,50059.76,7516.48,6.66,1,0,1,0,4,CRYPTO_ONRAMP,1
TXN_001725,1419.06,3547.66,0.4,0,0,0,0,1,UPI_P2M,0
TXN_004363,12478.35,7427.59,1.68,0,0,0,0,1,BILL_PAY,0
TXN_001256,1238.95,625.73,1.98,0,0,0,0,1,UPI_P2M,0
TXN_003620,4698.92,4195.46,1.12,0,0,0,0,1,UPI_P2P,0
TXN_001081,6047.09,4085.87,1.48,0,1,0,0,1,BILL_PAY,0
TXN_003638,4642.26,2368.5,1.96,0,0,0,0,1,BILL_PAY,0
TXN_003981,7009.6,7788.44,0.9,0,0,0,0,1,UPI_P2M,0
TXN_004370,1035.78,729.42,1.42,0,0,0,0,1,UPI_P2P,0
TXN_003707,2667.16,1426.29,1.87,0,0,0,0,1,UPI_P2M,0
TXN_002603,13816.11,13545.21,1.02,0,0,0,0,1,BILL_PAY,0
TXN_004645,1592.6,2211.95,0.72,0,0,0,0,1,UPI_P2M,0
TXN_001340,1041.69,813.82,1.28,0,0,0,0,2,UPI_P2M,0
TXN_004719,3645.0,4925.68,0.74,1,0,0,0,2,UPI_P2P,0
TXN_005302,8504.24,4189.28,2.03,0,0,0,0,2,UPI_P2P,0
TXN_003230,524.96,546.83,0.96,0,0,0,0,2,UPI_P2P,0
TXN_005912,27394.43,2219.97,12.34,1,1,0,0,6,UPI_P2P,1
TXN_001026,3105.69,2545.65,1.22,0,0,0,0,1,UPI_P2M,0
TXN_001792,3801.5,1969.69,1.93,0,0,0,0,2,UPI_P2P,0
TXN_005711,28573.05,4153.06,6.88,1,1,1,0,8,IMPS_WIRE,1
TXN_004178,1052.34,1169.27,0.9,0,0,0,0,1,BILL_PAY,0
TXN_000833,33348.33,17368.92,1.92,0,0,0,0,1,BILL_PAY,0
TXN_005974,12055.38,1719.74,7.01,1,1,0,1,12,IMPS_WIRE,1
TXN_004453,5462.8,3666.31,1.49,0,0,1,0,1,UPI_P2M,0
TXN_001738,12396.26,6773.91,1.83,0,0,0,0,2,UPI_P2P,0
TXN_005699,54497.96,4827.1,11.29,1,1,0,0,6,UPI_P2P,1
TXN_002714,11196.15,14731.77,0.76,0,0,0,0,1,UPI_P2M,0
TXN_001345,2970.77,2776.42,1.07,0,0,0,0,1,UPI_P2P,0
TXN_000990,14468.61,7615.06,1.9,0,0,0,0,1,UPI_P2P,0
TXN_005519,2872.15,3682.24,0.78,0,0,0,0,1,UPI_P2M,0
TXN_003467,1268.85,2349.73,0.54,0,0,0,0,1,UPI_P2M,0
TXN_005136,2348.51,2096.88,1.12,0,0,0,0,1,UPI_P2P,0
TXN_000819,1288.5,2183.9,0.59,0,0,0,0,1,UPI_P2M,0
TXN_004954,2077.21,6924.04,0.3,0,0,0,0,1,UPI_P2M,0
TXN_004953,9490.99,9125.95,1.04,0,0,0,0,1,BILL_PAY,0
TXN_003695,1754.16,1580.32,1.11,0,0,0,0,1,UPI_P2M,0
TXN_005218,8659.25,8746.72,0.99,0,0,0,0,1,BILL_PAY,0
TXN_002144,10629.72,7592.66,1.4,0,0,0,0,2,IMPS_WIRE,0
TXN_001863,4184.05,2031.09,2.06,0,0,0,0,1,UPI_P2M,0
TXN_003851,35258.65,20380.72,1.73,0,0,0,0,1,UPI_P2M,0
TXN_005181,15571.27,7824.76,1.99,0,0,0,0,1,UPI_P2M,0
TXN_005170,3686.82,1910.27,1.93,0,0,0,0,1,UPI_P2P,0
TXN_005991,4065.57,958.86,4.24,1,1,0,0,6,UPI_P2P,1
TXN_002733,1872.55,1486.15,1.26,0,0,0,0,1,UPI_P2M,0
TXN_003983,1293.2,3592.23,0.36,0,0,0,0,2,UPI_P2P,0
TXN_000307,1775.64,3860.08,0.46,0,0,0,0,1,BILL_PAY,0
TXN_001408,5865.99,3314.12,1.77,0,0,0,0,1,UPI_P2M,0
TXN_002614,6858.56,3463.92,1.98,0,0,0,0,1,UPI_P2M,0
TXN_004531,17954.15,9351.12,1.92,1,0,0,0,1,UPI_P2P,0
TXN_000629,1455.46,1183.3,1.23,0,1,0,0,1,UPI_P2M,0
TXN_005891,15501.73,1553.28,9.98,1,1,0,1,4,CRYPTO_ONRAMP,1
TXN_002490,149.22,403.3,0.37,1,0,0,0,1,UPI_P2M,0
TXN_000547,4667.73,3675.38,1.27,0,0,0,0,1,UPI_P2P,0
TXN_005790,49155.46,3916.77,12.55,1,1,0,0,6,UPI_P2P,1
TXN_005543,5029.39,4835.95,1.04,0,0,0,0,1,UPI_P2P,0
TXN_002041,3349.11,4525.82,0.74,0,0,0,0,2,UPI_P2M,0
TXN_005902,27455.24,1902.65,14.43,1,1,1,0,6,IMPS_WIRE,1
TXN_001406,2119.64,1394.5,1.52,0,0,0,0,1,UPI_P2P,0
TXN_004681,5582.66,2969.5,1.88,0,0,0,0,1,UPI_P2P,0
TXN_002831,556.07,1112.13,0.5,0,0,0,0,1,UPI_P2M,0
TXN_002056,4130.94,3304.75,1.25,0,0,0,0,1,UPI_P2M,0
TXN_005627,16797.37,8356.9,2.01,0,0,1,0,1,UPI_P2P,0
TXN_001449,2613.21,3110.97,0.84,0,0,0,0,1,UPI_P2M,0
TXN_001641,1625.44,2500.67,0.65,0,0,0,0,1,UPI_P2M,0
TXN_003925,277.63,841.3,0.33,0,0,0,0,2,UPI_P2M,0
TXN_001077,8895.5,4756.95,1.87,0,0,0,0,1,UPI_P2M,0
TXN_004753,2432.78,2061.68,1.18,0,0,0,0,1,UPI_P2P,0
TXN_003730,1021.52,1293.06,0.79,0,0,0,0,1,UPI_P2M,0
TXN_000445,582.61,766.59,0.76,0,1,0,0,1,UPI_P2M,0
TXN_003907,875.83,781.99,1.12,0,0,0,0,1,UPI_P2P,0
TXN_005479,3600.31,2208.78,1.63,0,0,0,0,1,UPI_P2P,0
TXN_004072,4063.54,4023.31,1.01,0,0,0,0,1,UPI_P2P,0
TXN_004639,2128.15,1600.11,1.33,0,0,0,0,1,IMPS_WIRE,0
TXN_005819,35614.38,3353.52,10.62,1,0,1,0,8,CRYPTO_ONRAMP,1
TXN_002717,1828.67,4353.98,0.42,0,0,0,0,1,UPI_P2M,0
TXN_000365,724.76,1188.13,0.61,0,0,0,0,3,BILL_PAY,0
TXN_000795,3911.59,2356.38,1.66,0,0,0,0,2,UPI_P2M,0
TXN_000228,1007.6,812.58,1.24,0,0,0,0,1,UPI_P2M,0
TXN_001013,1816.42,2299.27,0.79,1,0,0,0,2,UPI_P2P,0
TXN_001053,5325.35,5917.05,0.9,0,0,0,0,1,UPI_P2M,0
TXN_004501,11660.74,8969.8,1.3,0,0,0,0,1,UPI_P2M,0
TXN_000665,5203.2,4162.56,1.25,0,0,0,0,1,BILL_PAY,0
TXN_003182,1620.38,1361.66,1.19,1,1,0,0,2,UPI_P2P,0
TXN_004778,7531.37,4027.47,1.87,0,0,0,0,1,UPI_P2M,0
TXN_004940,6565.99,4863.7,1.35,1,0,0,0,1,UPI_P2M,0
TXN_005475,2818.09,1280.95,2.2,0,0,1,0,1,UPI_P2M,0
TXN_001700,1963.16,1402.26,1.4,1,0,0,0,1,UPI_P2M,0
TXN_004983,3793.56,2769.02,1.37,0,0,0,0,1,UPI_P2P,0
TXN_002314,2262.66,1810.13,1.25,0,0,1,0,2,UPI_P2M,0
TXN_001962,4659.37,5752.31,0.81,1,0,0,0,1,UPI_P2M,0
TXN_003164,11812.59,10937.58,1.08,0,0,0,0,2,UPI_P2P,0
TXN_000253,2708.49,4440.15,0.61,0,0,0,0,2,UPI_P2M,0
TXN_000143,1266.12,3421.95,0.37,0,0,0,0,1,UPI_P2M,0
TXN_001129,3304.36,2950.32,1.12,0,0,0,0,1,UPI_P2P,0
TXN_005700,16393.8,1669.43,9.82,1,1,0,0,6,IMPS_WIRE,1
TXN_005874,2398.09,516.83,4.64,1,1,0,0,4,CRYPTO_ONRAMP,1
TXN_004029,1376.1,1834.8,0.75,0,0,1,0,1,UPI_P2M,0
TXN_001915,4920.46,6833.97,0.72,0,0,0,0,1,UPI_P2M,0
TXN_002197,1571.85,4030.38,0.39,0,0,0,0,2,UPI_P2M,0
TXN_002921,1305.75,2290.79,0.57,0,0,0,0,1,BILL_PAY,0
TXN_003884,1593.38,1562.14,1.02,0,0,0,0,1,UPI_P2M,0
TXN_000167,234.38,450.74,0.52,0,0,0,0,1,UPI_P2P,0
TXN_004233,15128.0,19394.87,0.78,0,0,0,0,1,UPI_P2M,0
TXN_002270,327.98,697.83,0.47,0,0,0,0,1,UPI_P2M,0
TXN_005233,1017.38,1017.38,1.0,1,0,0,0,2,UPI_P2M,0
TXN_004806,3550.13,4610.56,0.77,0,0,0,0,2,UPI_P2M,0
TXN_002638,1921.97,2632.83,0.73,0,0,0,0,1,UPI_P2M,0
TXN_005599,6174.63,6711.55,0.92,0,0,0,0,1,BILL_PAY,0
TXN_005320,4210.73,5263.41,0.8,1,0,0,0,1,UPI_P2P,0
TXN_001130,1959.58,1734.14,1.13,0,0,0,0,2,UPI_P2P,0
TXN_001226,3215.74,1502.68,2.14,0,0,0,0,3,UPI_P2M,0
TXN_002940,3050.73,2480.27,1.23,1,0,0,0,1,UPI_P2P,0
TXN_004754,1057.64,724.41,1.46,0,0,0,0,2,UPI_P2P,0
TXN_002877,1417.24,796.2,1.78,0,0,0,0,1,BILL_PAY,0
TXN_001998,3162.53,2774.15,1.14,0,0,1,0,1,UPI_P2M,0
TXN_003471,12185.55,6249.0,1.95,0,0,0,0,1,UPI_P2M,0
TXN_005783,37704.28,5456.48,6.91,1,1,1,0,4,IMPS_WIRE,1
TXN_003151,6550.75,5746.27,1.14,1,0,0,0,1,UPI_P2P,0
TXN_002874,9344.51,4326.16,2.16,0,0,0,0,2,UPI_P2P,0
TXN_002028,1878.28,5691.77,0.33,0,0,0,0,1,BILL_PAY,0
TXN_004220,4341.13,3982.69,1.09,0,0,1,0,2,UPI_P2P,0
TXN_002201,1110.05,860.5,1.29,0,0,0,0,2,UPI_P2P,0
TXN_001178,2599.86,4905.4,0.53,0,0,0,0,1,UPI_P2M,0
TXN_000255,18263.41,10871.08,1.68,0,0,0,0,1,UPI_P2M,0
TXN_001490,9966.71,4657.34,2.14,0,0,1,0,2,BILL_PAY,0
TXN_002472,6934.4,7004.44,0.99,0,0,0,0,1,UPI_P2P,0
TXN_003699,2041.32,1020.66,2.0,0,0,0,0,1,UPI_P2P,0
TXN_004272,9468.04,6108.41,1.55,0,1,0,0,1,UPI_P2M,0
TXN_001314,1171.05,727.36,1.61,0,1,0,0,2,UPI_P2P,0
TXN_003088,3783.78,2910.6,1.3,0,0,0,0,2,UPI_P2P,0
TXN_003067,1401.88,3115.28,0.45,0,0,1,0,1,UPI_P2P,0
TXN_001785,10966.47,5652.82,1.94,0,0,0,0,1,UPI_P2M,0
TXN_002970,1125.41,1355.92,0.83,0,0,0,0,1,UPI_P2M,0
TXN_001401,11988.75,5905.79,2.03,0,0,0,0,1,UPI_P2M,0
TXN_003225,850.5,630.0,1.35,0,0,0,0,2,UPI_P2P,0
TXN_003395,9522.2,7053.48,1.35,0,0,0,0,1,UPI_P2M,0
TXN_005066,13339.74,18026.68,0.74,0,0,0,0,1,UPI_P2P,0
TXN_001446,2937.29,1813.14,1.62,0,0,1,0,2,UPI_P2P,0
TXN_002303,10539.96,5269.98,2.0,0,0,0,0,2,IMPS_WIRE,0
TXN_000192,7623.7,3869.9,1.97,0,1,0,0,1,UPI_P2P,0
TXN_005526,264.96,481.75,0.55,0,0,0,0,1,UPI_P2M,0
TXN_001969,1373.79,2289.65,0.6,0,0,0,0,1,UPI_P2M,0
TXN_003403,4345.14,2387.44,1.82,0,0,0,0,1,UPI_P2M,0
TXN_005490,3509.66,2543.23,1.38,0,0,0,0,1,UPI_P2M,0
TXN_005513,3531.1,2558.77,1.38,0,0,0,0,1,UPI_P2M,0
TXN_001774,856.76,702.26,1.22,0,0,0,0,2,UPI_P2M,0
TXN_001941,4804.75,2843.05,1.69,0,0,0,0,1,UPI_P2M,0
TXN_004847,4105.22,2149.33,1.91,0,0,0,0,1,UPI_P2P,0
TXN_005723,31748.52,2486.18,12.77,1,1,1,1,4,CRYPTO_ONRAMP,1
TXN_004801,827.94,467.76,1.77,0,0,1,0,4,UPI_P2M,0
TXN_004773,911.67,1823.35,0.5,1,0,0,0,3,UPI_P2M,0
TXN_001642,14172.74,7157.95,1.98,0,0,0,0,2,UPI_P2P,0
TXN_005945,24613.9,2965.53,8.3,1,1,1,1,6,CRYPTO_ONRAMP,1
TXN_003059,9078.72,4164.55,2.18,0,0,0,0,1,UPI_P2M,0
TXN_001271,7323.08,4160.84,1.76,0,0,0,0,1,UPI_P2M,0
TXN_003137,854.36,637.58,1.34,0,0,0,0,1,BILL_PAY,0
TXN_005174,5651.9,2743.64,2.06,0,0,0,0,2,UPI_P2P,0
TXN_003811,10084.12,7307.33,1.38,0,0,0,0,1,UPI_P2M,0
TXN_000945,10762.88,4937.1,2.18,1,0,0,0,1,UPI_P2M,0
TXN_002245,7812.88,5702.83,1.37,0,0,0,0,1,UPI_P2M,0
TXN_003647,982.92,792.68,1.24,0,0,0,0,1,UPI_P2M,0
TXN_001293,5193.35,3485.47,1.49,0,0,0,0,1,UPI_P2M,0
TXN_004288,3142.47,7308.07,0.43,0,0,0,0,1,BILL_PAY,0
TXN_004603,4335.19,9852.7,0.44,0,0,0,0,1,UPI_P2M,0
TXN_003010,1487.88,3165.71,0.47,0,0,0,0,1,UPI_P2P,0
TXN_002974,572.38,1846.39,0.31,0,0,0,0,2,UPI_P2M,0
TXN_003503,1949.42,1911.2,1.02,0,0,1,0,1,UPI_P2P,0
TXN_005160,3088.67,4679.81,0.66,0,0,0,0,1,UPI_P2P,0
TXN_002572,6073.11,3450.63,1.76,0,0,0,0,3,UPI_P2P,0
TXN_001489,2173.49,6792.17,0.32,0,0,0,0,2,UPI_P2M,0
TXN_000292,2552.74,2774.72,0.92,0,0,0,0,2,UPI_P2M,0
TXN_001979,10488.41,9534.92,1.1,0,0,0,0,1,UPI_P2M,0
TXN_001858,14735.2,16556.4,0.89,0,0,1,0,2,BILL_PAY,0
TXN_003751,5902.86,3139.82,1.88,0,0,0,0,1,UPI_P2M,0
TXN_001439,1938.1,2808.84,0.69,0,0,0,0,1,UPI_P2M,0
TXN_002537,1252.43,2722.68,0.46,0,0,0,0,1,UPI_P2P,0
TXN_003942,6351.76,3191.84,1.99,0,0,0,0,1,UPI_P2P,0
TXN_005640,11093.37,6339.07,1.75,0,0,1,0,1,UPI_P2M,0
TXN_005964,2264.85,512.41,4.42,0,1,0,0,8,IMPS_WIRE,1
TXN_000028,7356.81,3588.69,2.05,0,0,0,0,2,UPI_P2M,0
TXN_000568,1946.49,4423.85,0.44,0,1,0,0,3,UPI_P2M,0
TXN_000867,3352.89,3020.62,1.11,0,0,0,0,3,UPI_P2P,0
TXN_004626,827.1,551.4,1.5,0,0,0,0,1,UPI_P2M,0
TXN_004257,7670.2,4764.1,1.61,0,0,0,0,1,UPI_P2M,0
TXN_005825,6924.88,550.03,12.59,1,1,1,0,4,CRYPTO_ONRAMP,1
TXN_004885,9822.36,15347.43,0.64,0,0,0,0,1,UPI_P2M,0
TXN_002307,1392.58,2730.54,0.51,0,0,0,0,1,UPI_P2P,0
TXN_005150,1075.22,562.94,1.91,0,0,0,0,1,UPI_P2M,0
TXN_003958,314.34,408.23,0.77,0,0,0,0,1,IMPS_WIRE,0
TXN_000653,9206.42,4721.24,1.95,0,0,0,0,2,BILL_PAY,0
TXN_002147,6740.17,3320.28,2.03,0,0,0,0,1,UPI_P2P,0
TXN_005285,13680.68,9634.28,1.42,0,0,0,0,2,UPI_P2M,0
TXN_000897,4631.08,2912.63,1.59,0,0,0,0,1,UPI_P2M,0
TXN_003586,5364.0,2709.09,1.98,0,0,0,0,1,UPI_P2P,0
TXN_000559,1449.55,735.81,1.97,0,0,0,0,1,UPI_P2M,0
TXN_000660,286.2,698.04,0.41,0,0,0,0,1,BILL_PAY,0
TXN_003539,5113.46,3386.4,1.51,0,0,0,0,3,UPI_P2P,0
TXN_000705,6788.26,3481.16,1.95,0,0,0,0,1,UPI_P2P,0
TXN_002343,5910.09,5628.66,1.05,0,0,0,0,1,BILL_PAY,0
TXN_001058,2429.37,4117.57,0.59,0,0,0,0,1,UPI_P2M,0
TXN_005837,17530.82,1295.7,13.53,1,1,0,0,4,IMPS_WIRE,1
TXN_002795,14646.6,9635.92,1.52,0,0,0,0,3,UPI_P2M,0
TXN_002885,3028.56,1491.9,2.03,0,0,0,0,1,UPI_P2M,0
TXN_003281,1238.72,1361.23,0.91,0,0,1,0,1,UPI_P2M,0
TXN_002051,4321.14,3892.92,1.11,0,0,0,0,2,UPI_P2P,0
TXN_002061,2099.88,1615.29,1.3,1,0,0,0,1,BILL_PAY,0
TXN_003105,880.44,2201.1,0.4,0,0,0,0,2,BILL_PAY,0
TXN_001027,2172.2,1034.38,2.1,0,0,0,0,1,UPI_P2P,0
TXN_005467,2159.59,1220.11,1.77,0,0,1,0,1,BILL_PAY,0
TXN_000958,4147.61,2483.6,1.67,0,0,0,0,2,BILL_PAY,0
TXN_002746,1721.54,995.11,1.73,0,0,0,0,2,UPI_P2P,0
TXN_004271,5506.87,3485.36,1.58,0,1,0,0,2,UPI_P2M,0
TXN_003533,1283.76,891.5,1.44,0,0,0,0,2,UPI_P2P,0
TXN_005562,3054.79,2023.04,1.51,0,0,0,0,1,UPI_P2M,0
TXN_001123,9256.29,7175.42,1.29,0,0,0,0,1,UPI_P2M,0
TXN_003136,3930.03,1907.78,2.06,0,0,0,0,1,UPI_P2M,0
TXN_001260,7470.78,4473.52,1.67,0,0,0,0,1,UPI_P2M,0
TXN_005977,7396.11,651.64,11.35,1,1,1,1,4,CRYPTO_ONRAMP,1
TXN_004033,4025.79,12199.36,0.33,1,0,0,0,1,UPI_P2M,0
TXN_001190,4494.89,2469.72,1.82,0,0,0,0,2,UPI_P2M,0
TXN_002847,6328.79,4425.73,1.43,0,0,0,0,2,UPI_P2M,0
TXN_005727,4785.4,575.86,8.31,1,1,1,0,8,UPI_P2P,1
TXN_003563,2741.17,2246.86,1.22,0,0,0,0,1,UPI_P2P,0
TXN_001758,14767.73,7099.87,2.08,0,0,0,0,1,UPI_P2M,0
TXN_001791,5122.32,2710.22,1.89,0,0,0,0,1,UPI_P2M,0
TXN_002722,1904.59,902.65,2.11,0,0,0,0,1,UPI_P2M,0
TXN_004322,1222.16,1527.7,0.8,0,0,0,0,1,UPI_P2P,0
TXN_004384,3183.35,5895.1,0.54,0,0,0,0,1,UPI_P2M,0
TXN_001332,1988.37,1250.55,1.59,0,0,0,0,2,UPI_P2M,0
TXN_003870,1903.74,4230.54,0.45,0,0,1,0,1,UPI_P2M,0
TXN_001234,799.07,2159.64,0.37,0,0,0,0,1,UPI_P2M,0
TXN_002007,3069.25,4580.97,0.67,1,0,0,0,1,UPI_P2M,0
TXN_004425,945.09,2423.3,0.39,0,0,0,0,1,UPI_P2M,0
TXN_001466,5500.62,3526.04,1.56,1,0,0,0,3,UPI_P2P,0
TXN_003359,822.13,727.55,1.13,0,0,0,0,3,UPI_P2M,0
TXN_000764,1384.71,1573.53,0.88,0,0,0,0,2,BILL_PAY,0
TXN_005172,1535.5,936.28,1.64,0,0,0,0,2,UPI_P2P,0
TXN_001878,996.16,1509.33,0.66,0,0,0,0,1,UPI_P2P,0
TXN_003674,3003.66,2524.08,1.19,0,0,1,0,1,UPI_P2M,0
TXN_003424,2626.83,2284.2,1.15,1,0,0,0,3,UPI_P2M,0
TXN_004112,1526.62,759.51,2.01,0,0,0,0,2,BILL_PAY,0
TXN_000338,4880.48,2249.07,2.17,0,0,0,0,2,UPI_P2M,0
TXN_003614,3704.93,7264.56,0.51,1,0,0,0,1,UPI_P2P,0
TXN_002294,1182.78,2150.5,0.55,0,0,0,0,1,BILL_PAY,0
TXN_002859,994.58,1130.2,0.88,0,0,0,0,1,UPI_P2M,0
TXN_005329,3142.18,2380.44,1.32,0,0,0,0,1,UPI_P2M,0
TXN_001163,13664.95,6476.28,2.11,0,0,0,0,1,UPI_P2M,0
TXN_005439,3312.6,2490.68,1.33,0,0,0,0,1,UPI_P2P,0
TXN_002000,1855.71,3042.14,0.61,0,0,0,0,1,UPI_P2M,0
TXN_004418,3975.31,10461.34,0.38,0,0,1,0,1,UPI_P2M,0
TXN_002422,729.71,1920.29,0.38,1,0,0,0,1,UPI_P2P,0
TXN_003484,6801.67,6870.37,0.99,0,0,0,0,2,BILL_PAY,0
TXN_004115,4569.36,3514.89,1.3,0,0,0,0,1,UPI_P2M,0
TXN_003066,3567.8,2050.46,1.74,0,0,0,0,2,UPI_P2P,0
TXN_001824,3066.55,2737.99,1.12,1,0,0,0,1,UPI_P2M,0
TXN_003530,17144.39,8445.51,2.03,0,0,0,0,3,UPI_P2M,0
TXN_000982,7014.0,6809.71,1.03,0,0,0,0,1,UPI_P2M,0
TXN_003823,1658.22,1029.95,1.61,0,0,0,0,1,BILL_PAY,0
TXN_002845,1461.0,954.9,1.53,0,0,0,0,2,UPI_P2M,0
TXN_004278,3531.1,2220.82,1.59,0,0,0,0,1,BILL_PAY,0
TXN_005287,1583.43,1632.4,0.97,0,0,0,0,1,UPI_P2M,0
TXN_003452,812.91,534.81,1.52,0,0,0,0,2,UPI_P2M,0
TXN_004099,3704.86,4358.66,0.85,0,0,0,0,2,UPI_P2M,0
TXN_005385,3868.55,2705.28,1.43,1,1,0,0,1,UPI_P2M,0
TXN_005494,203.22,534.8,0.38,1,0,0,0,1,UPI_P2P,0
TXN_005958,113578.97,7892.91,14.39,1,1,1,1,12,IMPS_WIRE,1
TXN_002042,6597.9,3835.99,1.72,0,0,0,0,1,UPI_P2M,0
TXN_004960,565.54,504.95,1.12,0,0,0,0,1,UPI_P2M,0
TXN_003864,836.64,753.73,1.11,0,0,1,0,2,UPI_P2M,0
TXN_002651,1841.79,5755.6,0.32,1,0,0,0,1,UPI_P2M,0
TXN_003367,9390.34,9884.57,0.95,0,0,0,0,1,UPI_P2P,0
TXN_002196,1485.84,1117.17,1.33,0,0,0,0,1,BILL_PAY,0
TXN_005244,904.86,435.03,2.08,0,0,0,0,1,UPI_P2P,0
TXN_001324,14245.86,11396.69,1.25,0,0,0,0,1,BILL_PAY,0
TXN_004582,5531.26,5531.26,1.0,0,0,0,0,1,UPI_P2P,0
TXN_005323,547.73,1244.84,0.44,0,0,0,0,1,UPI_P2M,0
TXN_000513,12606.13,10505.11,1.2,0,0,0,0,1,UPI_P2M,0
TXN_000775,833.01,555.34,1.5,0,0,0,0,3,UPI_P2P,0
TXN_001386,555.6,677.56,0.82,0,0,0,0,2,UPI_P2P,0
TXN_001662,7742.63,5491.23,1.41,0,0,0,0,1,UPI_P2M,0
TXN_005158,6188.16,4723.79,1.31,0,0,0,0,2,UPI_P2M,0
TXN_004929,940.15,686.24,1.37,0,0,0,0,1,UPI_P2M,0
TXN_001101,6922.06,13572.66,0.51,1,0,0,0,1,UPI_P2P,0
TXN_000829,2837.54,3224.48,0.88,0,0,1,0,1,UPI_P2M,0
TXN_000127,6359.89,7066.54,0.9,0,0,0,0,1,UPI_P2M,0
TXN_004922,2670.84,1618.69,1.65,0,0,0,0,1,UPI_P2M,0
TXN_000190,5288.52,6295.86,0.84,0,0,0,0,3,BILL_PAY,0
TXN_001669,15241.69,8759.59,1.74,0,0,0,0,1,UPI_P2M,0
TXN_004594,1488.87,4962.9,0.3,1,0,0,0,1,UPI_P2P,0
TXN_005503,1235.2,588.19,2.1,0,0,0,0,1,UPI_P2M,0
TXN_003513,4514.16,3640.45,1.24,0,0,0,0,1,UPI_P2P,0
TXN_001367,1290.13,608.55,2.12,0,0,0,0,1,UPI_P2P,0
TXN_004943,944.27,597.64,1.58,1,0,0,0,1,UPI_P2P,0
TXN_004201,5835.89,2819.27,2.07,0,0,0,0,3,UPI_P2M,0
TXN_004457,5401.48,7607.72,0.71,0,0,0,0,2,UPI_P2M,0
TXN_005835,17659.45,3995.35,4.42,1,1,1,0,4,CRYPTO_ONRAMP,1
TXN_000081,3007.24,2004.83,1.5,0,0,0,0,3,UPI_P2P,0
TXN_004659,6121.96,6121.96,1.0,0,0,0,0,2,UPI_P2P,0
TXN_005026,7266.82,6210.96,1.17,0,0,0,0,1,UPI_P2P,0
TXN_004461,1117.71,3020.83,0.37,0,0,0,0,1,UPI_P2M,0
TXN_002759,10868.23,6175.13,1.76,0,0,0,0,1,UPI_P2M,0
TXN_005262,8554.49,7637.94,1.12,0,0,0,0,1,UPI_P2M,0
TXN_004297,4453.68,2204.79,2.02,0,0,0,0,1,UPI_P2M,0
TXN_005617,1207.15,810.17,1.49,0,0,0,0,1,UPI_P2M,0
TXN_003188,452.19,1222.14,0.37,0,0,0,0,1,UPI_P2M,0
TXN_000472,7686.59,4088.61,1.88,0,0,0,0,2,UPI_P2M,0
TXN_005765,33166.35,2932.48,11.31,1,1,1,1,4,CRYPTO_ONRAMP,1
TXN_001430,332.89,528.39,0.63,0,0,0,0,1,UPI_P2M,0
TXN_002360,4919.75,2399.88,2.05,0,0,0,0,1,BILL_PAY,0
TXN_002073,14031.08,9170.64,1.53,0,0,0,0,4,UPI_P2M,0
TXN_001876,16863.39,8307.09,2.03,0,0,0,0,3,UPI_P2M,0
TXN_001399,985.1,665.61,1.48,0,0,0,0,1,UPI_P2P,0
TXN_005177,1479.87,795.63,1.86,0,0,0,0,1,UPI_P2M,0
TXN_003147,10015.74,11006.31,0.91,0,0,0,0,2,BILL_PAY,0
TXN_005073,6821.28,3832.18,1.78,0,0,0,0,2,UPI_P2M,0
TXN_004129,3057.2,1415.37,2.16,0,0,0,0,2,UPI_P2M,0
TXN_000633,194.0,440.91,0.44,0,0,0,0,1,UPI_P2M,0
TXN_005036,18372.93,10039.85,1.83,0,0,0,0,1,UPI_P2M,0
TXN_000757,3727.28,11294.8,0.33,0,0,0,0,1,UPI_P2M,0
TXN_001982,707.47,501.75,1.41,0,0,0,0,2,UPI_P2P,0
TXN_001595,11830.03,6572.24,1.8,0,0,0,0,2,UPI_P2M,0
TXN_003175,5897.81,3574.43,1.65,0,0,0,0,1,UPI_P2P,0
TXN_000578,6528.64,3773.78,1.73,1,0,0,0,2,IMPS_WIRE,0
TXN_000483,1560.43,1592.28,0.98,0,0,0,0,1,UPI_P2M,0
TXN_002033,3711.64,7423.29,0.5,0,0,0,0,1,UPI_P2M,0
TXN_001403,6435.83,2979.55,2.16,0,0,0,0,1,UPI_P2P,0
TXN_000854,2828.51,3983.82,0.71,0,0,0,0,2,UPI_P2M,0
TXN_001924,17549.52,12809.87,1.37,0,0,0,0,1,UPI_P2M,0
TXN_000652,780.44,586.8,1.33,0,1,0,0,1,UPI_P2M,0
TXN_004780,6457.98,4580.13,1.41,0,0,0,0,2,UPI_P2M,0
TXN_000206,3684.67,1746.29,2.11,0,1,0,0,1,UPI_P2M,0
TXN_005534,541.73,576.31,0.94,0,0,0,0,2,UPI_P2M,0
TXN_002415,2142.37,1700.29,1.26,0,0,0,0,1,UPI_P2M,0
TXN_003668,1420.94,1920.19,0.74,1,0,0,0,1,UPI_P2M,0
TXN_004282,8190.03,4136.38,1.98,0,0,0,0,1,UPI_P2M,0
TXN_004807,4290.2,8580.4,0.5,0,0,0,0,1,UPI_P2P,0
TXN_004391,1815.05,940.44,1.93,0,0,0,0,1,UPI_P2P,0
TXN_005280,3649.69,1697.53,2.15,1,0,0,0,1,BILL_PAY,0
TXN_001832,214.76,580.42,0.37,0,0,0,0,1,UPI_P2M,0
TXN_002085,827.4,1723.76,0.48,0,0,0,0,3,UPI_P2P,0
TXN_002767,8177.11,4517.74,1.81,0,0,0,0,1,UPI_P2P,0
TXN_002791,537.26,542.69,0.99,0,0,0,0,1,UPI_P2M,0
TXN_005779,81256.18,6418.34,12.66,1,1,1,0,4,IMPS_WIRE,1
TXN_005584,435.98,622.83,0.7,0,1,0,0,1,UPI_P2M,0
TXN_002414,2798.21,4513.24,0.62,0,0,0,0,1,UPI_P2P,0
TXN_003015,2379.12,4855.34,0.49,0,0,0,0,1,UPI_P2M,0
TXN_000161,5293.36,3188.77,1.66,0,0,0,0,4,UPI_P2M,0
TXN_001200,6089.6,4032.85,1.51,0,0,0,0,1,UPI_P2M,0
TXN_004299,2918.33,3039.93,0.96,0,0,0,0,1,UPI_P2P,0
TXN_003373,5845.85,2669.34,2.19,0,0,0,0,1,UPI_P2M,0
TXN_003488,3580.46,3168.55,1.13,1,0,0,0,1,BILL_PAY,0
TXN_005489,17179.38,10105.52,1.7,0,0,0,0,1,UPI_P2M,0
TXN_002239,2250.9,2296.84,0.98,0,0,0,0,1,UPI_P2P,0
TXN_003085,342.82,601.43,0.57,0,0,1,0,1,UPI_P2P,0
TXN_004080,3940.33,2201.3,1.79,1,0,0,0,1,UPI_P2M,0
TXN_002913,1058.22,1068.91,0.99,0,0,0,0,1,BILL_PAY,0
TXN_004959,600.22,857.45,0.7,0,0,0,0,1,UPI_P2M,0
TXN_002137,1179.41,974.72,1.21,0,0,0,0,1,UPI_P2M,0
TXN_002916,23912.72,19927.27,1.2,0,0,0,0,2,UPI_P2P,0
TXN_001460,2043.76,2322.45,0.88,0,0,0,0,1,UPI_P2M,0
TXN_001090,5773.83,4546.32,1.27,0,0,0,0,1,UPI_P2M,0
TXN_005451,4158.0,2928.17,1.42,0,0,0,0,3,UPI_P2M,0
TXN_000449,3228.54,1614.27,2.0,0,0,0,0,1,UPI_P2M,0
TXN_000872,1770.66,5533.3,0.32,1,0,0,0,1,UPI_P2M,0
TXN_004648,21699.08,10795.56,2.01,0,1,0,0,2,UPI_P2M,0
TXN_001142,1029.05,2638.58,0.39,0,0,0,0,1,UPI_P2M,0
TXN_000656,1384.54,692.27,2.0,0,0,0,0,1,UPI_P2M,0
TXN_000297,1058.51,1102.61,0.96,0,0,0,0,1,UPI_P2M,0
TXN_000215,994.59,1912.67,0.52,0,0,0,0,1,UPI_P2P,0
TXN_001937,1864.35,996.98,1.87,0,0,0,0,1,UPI_P2M,0
TXN_004686,3769.9,5711.97,0.66,1,0,0,0,2,UPI_P2M,0
TXN_004211,2627.67,3368.81,0.78,0,0,0,0,1,UPI_P2M,0
TXN_001299,1870.23,1508.25,1.24,0,0,0,0,1,UPI_P2M,0
TXN_003792,214.39,404.5,0.53,0,0,0,0,1,UPI_P2M,0
TXN_003351,5785.7,3363.78,1.72,0,0,0,0,1,UPI_P2M,0
TXN_003363,1679.19,3572.75,0.47,0,0,0,0,1,UPI_P2M,0
TXN_002372,1153.78,526.84,2.19,0,0,0,0,1,BILL_PAY,0
TXN_000968,7959.77,4349.6,1.83,0,1,0,0,1,UPI_P2M,0
TXN_005951,9993.2,701.77,14.24,1,1,1,0,6,IMPS_WIRE,1
TXN_002065,488.26,1627.54,0.3,0,0,0,0,1,IMPS_WIRE,0
TXN_005665,26613.98,5940.62,4.48,1,0,1,0,6,CRYPTO_ONRAMP,1
TXN_001187,5070.69,4527.4,1.12,0,0,0,0,2,UPI_P2M,0
TXN_003775,10815.01,6594.52,1.64,0,0,0,0,3,BILL_PAY,0
TXN_000620,8104.39,12468.29,0.65,0,0,0,0,1,UPI_P2P,0
TXN_001875,4359.86,2201.95,1.98,0,0,0,0,1,UPI_P2P,0
TXN_004198,9564.04,5831.73,1.64,1,0,0,0,1,UPI_P2P,0
TXN_001620,5103.58,3752.63,1.36,0,0,0,0,1,UPI_P2M,0
TXN_003461,3874.73,9935.2,0.39,0,0,0,0,2,UPI_P2M,0
TXN_000353,1371.55,629.15,2.18,0,0,0,0,1,UPI_P2M,0
TXN_004931,9052.52,7017.46,1.29,0,0,0,0,2,UPI_P2M,0
TXN_002542,5136.98,6759.18,0.76,0,0,0,0,2,UPI_P2M,0
TXN_002855,8364.07,4140.63,2.02,0,0,0,0,4,UPI_P2M,0
TXN_001829,2357.74,1856.49,1.27,0,0,0,0,1,UPI_P2M,0
TXN_003960,888.51,822.69,1.08,0,1,0,0,1,UPI_P2M,0
TXN_005505,4258.25,4345.15,0.98,0,0,0,0,1,UPI_P2M,0
TXN_005400,2615.28,5448.5,0.48,0,0,0,0,1,UPI_P2M,0
TXN_005873,32726.47,5546.86,5.9,1,1,1,1,4,UPI_P2P,1
TXN_004106,1870.94,1069.11,1.75,0,0,1,0,2,UPI_P2P,0
TXN_001719,1872.83,1309.67,1.43,0,0,0,0,1,UPI_P2M,0
TXN_002293,9623.08,4517.88,2.13,0,0,0,0,3,UPI_P2M,0
TXN_004168,6835.86,5793.1,1.18,0,0,0,0,2,UPI_P2M,0
TXN_001809,6203.58,3247.95,1.91,0,0,0,0,1,UPI_P2M,0
TXN_000138,3632.91,2906.33,1.25,0,0,0,0,1,UPI_P2P,0
TXN_003243,1424.95,1158.5,1.23,0,0,0,0,2,IMPS_WIRE,0
TXN_001840,6300.77,6058.43,1.04,0,0,0,0,1,UPI_P2M,0
TXN_001547,4146.31,2182.27,1.9,0,0,0,0,1,UPI_P2M,0
TXN_004423,789.72,467.29,1.69,0,0,0,0,1,UPI_P2M,0
TXN_003239,1532.98,2948.04,0.52,0,0,0,0,2,UPI_P2M,0
TXN_001174,4329.77,4373.5,0.99,0,1,0,0,1,UPI_P2M,0
TXN_002352,6017.97,4208.37,1.43,0,0,0,0,1,BILL_PAY,0
TXN_004702,2847.14,3272.58,0.87,0,0,0,0,2,UPI_P2P,0
TXN_002478,4290.82,2494.66,1.72,0,0,0,0,1,BILL_PAY,0
TXN_004684,5586.07,3052.5,1.83,0,0,0,0,2,UPI_P2M,0
TXN_002801,1343.34,1492.6,0.9,0,0,0,0,1,BILL_PAY,0
TXN_003234,1334.54,3103.58,0.43,0,0,0,0,1,UPI_P2P,0
TXN_001582,2067.0,1653.6,1.25,0,0,0,0,1,UPI_P2M,0
TXN_003748,3289.2,7309.34,0.45,0,0,0,0,2,UPI_P2M,0
TXN_004749,3100.66,2793.39,1.11,0,0,0,0,1,UPI_P2M,0
TXN_000599,28046.16,13105.68,2.14,1,0,0,0,3,BILL_PAY,0
TXN_001644,3875.19,2117.59,1.83,0,0,0,0,2,UPI_P2M,0
TXN_003026,6165.29,2921.94,2.11,0,0,0,0,3,UPI_P2M,0
TXN_000189,2353.6,6922.34,0.34,0,0,0,0,2,UPI_P2M,0
TXN_001327,806.44,2016.09,0.4,0,0,0,0,1,UPI_P2M,0
TXN_001108,4347.01,4939.78,0.88,0,0,0,0,2,UPI_P2M,0
TXN_005683,15685.78,1339.52,11.71,1,1,0,0,12,CRYPTO_ONRAMP,1
TXN_004465,1860.24,861.22,2.16,1,0,0,0,1,BILL_PAY,0
TXN_001264,2603.68,1228.15,2.12,0,0,0,0,1,UPI_P2M,0
TXN_003741,1047.24,1870.07,0.56,0,0,0,0,1,UPI_P2M,0
TXN_003752,477.25,867.72,0.55,0,0,0,0,1,BILL_PAY,0
TXN_002880,2149.72,2415.42,0.89,0,0,1,0,3,UPI_P2M,0
TXN_003974,6438.4,3832.38,1.68,0,0,0,0,2,UPI_P2P,0
TXN_002213,1812.34,1726.04,1.05,0,0,0,0,1,UPI_P2M,0
TXN_004990,16501.51,10928.15,1.51,0,0,0,0,1,BILL_PAY,0
TXN_004583,21700.82,11667.11,1.86,0,0,0,0,2,UPI_P2P,0
TXN_005155,7797.05,8760.73,0.89,0,0,0,0,2,UPI_P2M,0
TXN_002055,11392.79,8137.71,1.4,0,0,0,0,1,UPI_P2M,0
TXN_004430,5015.75,3389.02,1.48,0,0,0,0,1,IMPS_WIRE,0
TXN_004469,1444.86,722.43,2.0,0,0,0,0,1,UPI_P2M,0
TXN_000525,2564.77,7543.44,0.34,0,0,0,0,1,UPI_P2P,0
TXN_001612,239.83,705.38,0.34,0,0,0,0,3,UPI_P2P,0
TXN_001194,2914.04,2023.64,1.44,0,1,1,0,1,BILL_PAY,0
TXN_004988,1592.34,2449.76,0.65,0,0,0,0,2,BILL_PAY,0
TXN_001689,3568.84,5407.34,0.66,0,0,0,0,1,UPI_P2M,0
TXN_001601,4058.59,3221.1,1.26,0,0,0,0,1,UPI_P2P,0
TXN_001017,5551.79,2582.23,2.15,0,0,0,0,1,UPI_P2M,0
TXN_005103,696.0,1008.7,0.69,0,0,0,0,2,UPI_P2P,0
TXN_005871,14522.18,1667.3,8.71,1,1,0,1,4,CRYPTO_ONRAMP,1
TXN_005927,82554.72,6879.56,12.0,1,0,1,1,4,IMPS_WIRE,1
TXN_005415,9207.95,7083.04,1.3,0,0,0,0,1,UPI_P2M,0
TXN_000177,2539.07,4162.41,0.61,0,0,1,0,2,BILL_PAY,0
TXN_001374,1984.82,3422.1,0.58,0,0,0,0,1,UPI_P2M,0
TXN_001244,5260.8,2711.75,1.94,0,0,0,0,1,UPI_P2P,0
TXN_005086,1687.66,2960.8,0.57,0,0,0,0,2,UPI_P2M,0
TXN_004586,2906.29,1505.85,1.93,1,0,0,0,1,UPI_P2P,0
TXN_001388,3548.45,3168.26,1.12,0,0,0,0,1,UPI_P2M,0
TXN_002821,6280.33,3376.52,1.86,0,0,0,0,1,BILL_PAY,0
TXN_005897,91101.63,14983.82,6.08,1,1,1,0,8,CRYPTO_ONRAMP,1
TXN_004958,5204.08,2501.96,2.08,0,0,0,0,1,BILL_PAY,0
TXN_002217,5444.49,2655.85,2.05,0,0,1,0,2,UPI_P2M,0
TXN_001396,10267.37,4753.41,2.16,0,0,0,0,1,UPI_P2P,0
TXN_004149,5723.36,3765.37,1.52,0,0,0,0,3,UPI_P2P,0
TXN_003437,3597.23,3786.56,0.95,0,0,0,0,2,UPI_P2M,0
TXN_002113,5851.51,3462.43,1.69,0,0,0,0,2,UPI_P2M,0
TXN_004483,5067.15,3248.17,1.56,0,0,0,0,1,UPI_P2M,0
TXN_004046,8377.77,7348.92,1.14,0,0,0,0,2,UPI_P2P,0
TXN_003250,2274.15,1277.61,1.78,0,0,0,0,2,UPI_P2P,0
TXN_004656,1417.88,1476.96,0.96,0,0,0,0,1,UPI_P2P,0
TXN_002562,735.09,602.53,1.22,0,0,0,0,1,UPI_P2M,0
TXN_003232,8749.14,10801.41,0.81,0,0,0,0,1,UPI_P2M,0
TXN_001818,908.46,744.64,1.22,0,0,0,0,3,UPI_P2M,0
TXN_003265,3783.81,1991.48,1.9,1,0,0,0,1,UPI_P2M,0
TXN_000099,9861.26,4930.63,2.0,0,0,0,0,1,UPI_P2M,0
TXN_000906,7313.16,4178.95,1.75,0,0,0,0,2,UPI_P2M,0
TXN_000499,5109.69,9124.45,0.56,0,0,0,0,4,BILL_PAY,0
TXN_001146,3073.19,3702.64,0.83,0,0,0,0,1,UPI_P2P,0
TXN_003945,1836.31,1732.37,1.06,0,0,0,0,2,UPI_P2M,0
TXN_004869,1471.26,4458.36,0.33,0,0,0,0,1,UPI_P2M,0
TXN_005763,36384.97,3034.61,11.99,1,0,0,0,4,CRYPTO_ONRAMP,1
TXN_001905,232.32,580.81,0.4,0,0,0,0,1,UPI_P2M,0
TXN_000275,5258.92,2971.14,1.77,0,0,0,0,1,UPI_P2M,0
TXN_001160,2503.0,2317.59,1.08,0,0,0,0,1,UPI_P2P,0
TXN_002479,2937.77,1945.54,1.51,0,0,0,0,3,UPI_P2M,0
TXN_004837,1270.99,2118.31,0.6,0,0,0,0,1,UPI_P2M,0
TXN_001778,1407.33,944.52,1.49,0,0,0,0,1,UPI_P2M,0
TXN_003518,4659.53,2465.36,1.89,0,0,0,0,1,UPI_P2M,0
TXN_005211,1295.31,1126.36,1.15,0,0,0,0,1,UPI_P2P,0
TXN_002154,4001.3,2667.53,1.5,0,0,1,0,1,UPI_P2M,0
TXN_005187,3361.45,2848.69,1.18,0,0,0,0,2,UPI_P2M,0
TXN_004210,3135.02,5405.2,0.58,0,0,0,0,3,UPI_P2M,0
TXN_004113,2574.69,1907.18,1.35,1,0,0,0,1,UPI_P2M,0
TXN_000686,8217.36,12839.62,0.64,0,0,0,0,1,UPI_P2P,0
TXN_000810,5502.37,3255.84,1.69,0,0,0,0,2,UPI_P2M,0
TXN_004519,1523.93,797.87,1.91,0,0,0,0,1,UPI_P2M,0
TXN_005223,2465.91,1485.49,1.66,0,0,0,0,2,UPI_P2M,0
TXN_001825,7876.2,3580.09,2.2,0,0,0,0,1,UPI_P2M,0
TXN_003392,2563.22,2848.02,0.9,0,0,0,0,4,UPI_P2M,0
TXN_003601,1126.54,2011.67,0.56,0,0,0,0,1,UPI_P2M,0
TXN_003279,798.62,1996.55,0.4,0,0,0,0,3,UPI_P2M,0
TXN_001437,9028.6,8207.82,1.1,0,0,0,0,2,UPI_P2M,0
TXN_001903,3107.94,1452.31,2.14,0,0,0,0,1,UPI_P2M,0
TXN_004038,5135.79,6669.86,0.77,0,0,0,0,1,UPI_P2M,0
TXN_002556,24602.4,12681.65,1.94,0,0,0,0,1,UPI_P2P,0
TXN_002543,1460.35,1159.01,1.26,0,0,1,0,2,UPI_P2M,0
TXN_001343,625.69,1840.26,0.34,0,0,0,0,1,UPI_P2P,0
TXN_003128,2934.35,2189.81,1.34,0,0,0,0,1,UPI_P2M,0
TXN_002742,4148.14,2469.13,1.68,0,0,0,0,1,UPI_P2M,0
TXN_004196,1720.22,3660.05,0.47,0,0,0,0,2,BILL_PAY,0
TXN_003024,997.14,791.38,1.26,0,0,0,0,3,IMPS_WIRE,0
TXN_000155,4819.33,5949.79,0.81,0,0,0,0,1,UPI_P2P,0
TXN_003798,1826.21,837.71,2.18,0,0,0,0,1,UPI_P2M,0
TXN_003716,1848.78,1580.15,1.17,0,0,0,0,1,UPI_P2P,0
TXN_001325,2789.53,2384.21,1.17,1,0,0,0,1,UPI_P2P,0
TXN_003706,2681.67,2331.89,1.15,0,0,0,0,1,UPI_P2P,0
TXN_002443,1598.51,807.33,1.98,0,0,0,0,2,UPI_P2M,0
TXN_004486,1191.63,833.31,1.43,0,0,0,0,1,UPI_P2M,0
TXN_000738,2804.35,1786.21,1.57,0,0,0,0,1,UPI_P2P,0
TXN_003061,305.23,586.99,0.52,0,0,0,0,1,UPI_P2M,0
TXN_003732,8979.39,8979.39,1.0,0,0,0,0,1,UPI_P2P,0
TXN_005384,3394.84,3499.84,0.97,0,0,0,0,1,UPI_P2P,0
TXN_004911,6817.39,3940.69,1.73,0,0,0,0,1,UPI_P2P,0
TXN_005325,27931.82,17567.18,1.59,0,0,0,0,1,BILL_PAY,0
TXN_005096,3378.8,3883.68,0.87,0,0,0,0,1,BILL_PAY,0
TXN_003091,2485.4,3550.57,0.7,0,0,0,0,3,UPI_P2P,0
TXN_001957,912.38,422.4,2.16,0,0,1,0,2,UPI_P2P,0
TXN_002574,8163.07,4061.23,2.01,0,0,0,0,1,UPI_P2P,0
TXN_002684,3707.69,3707.69,1.0,0,0,0,0,1,UPI_P2M,0
TXN_002297,2543.04,2857.35,0.89,0,0,0,0,1,UPI_P2M,0
TXN_000113,1123.71,1478.56,0.76,0,0,0,0,1,UPI_P2P,0
TXN_000708,6346.7,3051.3,2.08,0,0,0,0,1,UPI_P2P,0
TXN_000618,4091.09,4091.09,1.0,0,0,0,0,2,UPI_P2M,0
TXN_005597,1791.75,1210.64,1.48,0,0,0,0,1,UPI_P2P,0
TXN_002926,2163.93,1020.72,2.12,0,0,0,0,1,UPI_P2P,0
TXN_002489,594.2,861.16,0.69,0,0,0,0,1,BILL_PAY,0
TXN_005913,40334.75,5609.84,7.19,1,1,1,0,4,IMPS_WIRE,1
TXN_000076,6658.37,8761.01,0.76,1,0,0,0,1,UPI_P2P,0
TXN_003629,220.93,581.4,0.38,0,0,1,0,1,BILL_PAY,0
TXN_005654,55306.54,9754.24,5.67,1,1,1,1,4,CRYPTO_ONRAMP,1
TXN_005903,87612.33,16284.82,5.38,1,1,1,1,8,IMPS_WIRE,1
TXN_003352,1819.17,2067.24,0.88,0,0,0,0,1,UPI_P2M,0
TXN_003657,1648.16,1664.81,0.99,0,0,0,0,1,BILL_PAY,0
TXN_002803,780.68,542.14,1.44,0,0,0,0,2,UPI_P2P,0
TXN_004507,282.68,706.7,0.4,0,0,0,0,3,IMPS_WIRE,0
TXN_004130,6749.62,3729.07,1.81,0,0,1,0,1,UPI_P2M,0
TXN_003514,1178.59,543.13,2.17,0,0,0,0,1,UPI_P2M,0
TXN_000655,3425.07,1851.39,1.85,0,0,0,0,1,UPI_P2P,0
TXN_002745,7533.27,3692.78,2.04,0,0,0,0,1,UPI_P2M,0
TXN_001393,5418.32,7129.37,0.76,0,0,0,0,1,UPI_P2P,0
TXN_002119,1064.75,604.97,1.76,0,0,0,0,1,UPI_P2P,0
TXN_003592,10090.38,5700.78,1.77,0,0,0,0,1,UPI_P2M,0
TXN_000351,1224.77,3061.92,0.4,0,0,0,0,1,UPI_P2M,0
TXN_003117,2032.89,3226.81,0.63,0,1,0,0,1,UPI_P2M,0
TXN_005321,6738.3,3369.15,2.0,0,0,0,0,2,UPI_P2M,0
TXN_003991,827.74,1182.49,0.7,0,0,0,0,2,UPI_P2M,0
TXN_002508,815.97,1165.67,0.7,1,0,0,0,1,UPI_P2M,0
TXN_000534,691.0,1354.9,0.51,1,0,0,0,1,UPI_P2P,0
TXN_004564,3284.94,2281.21,1.44,0,0,0,0,1,UPI_P2M,0
TXN_005651,13736.74,2201.4,6.24,1,1,0,0,6,CRYPTO_ONRAMP,1
TXN_001841,2841.92,5262.82,0.54,0,0,0,0,2,UPI_P2P,0
TXN_003216,10185.7,4873.54,2.09,0,0,0,0,3,BILL_PAY,0
TXN_004186,1124.33,994.98,1.13,0,0,0,0,1,UPI_P2M,0
TXN_003086,879.03,589.95,1.49,0,0,1,0,2,UPI_P2M,0
TXN_002551,3481.2,2486.57,1.4,0,0,0,0,1,UPI_P2P,0
TXN_003511,5920.28,3200.15,1.85,0,0,0,0,1,BILL_PAY,0
TXN_000212,911.07,734.73,1.24,1,0,0,0,1,UPI_P2M,0
TXN_001481,1113.83,1160.24,0.96,0,0,0,0,1,UPI_P2P,0
TXN_002997,3192.28,2553.82,1.25,0,0,0,0,2,UPI_P2P,0
TXN_005269,848.34,1804.98,0.47,0,0,0,0,1,UPI_P2M,0
TXN_002854,4157.79,8315.58,0.5,0,1,0,0,2,UPI_P2M,0
TXN_000910,3944.65,3829.76,1.03,0,0,1,0,1,UPI_P2M,0
TXN_001857,6937.57,4687.55,1.48,0,0,0,0,1,UPI_P2M,0
TXN_002278,3489.47,2547.06,1.37,0,0,0,0,1,UPI_P2P,0
TXN_003569,11111.09,7457.11,1.49,0,0,0,0,1,UPI_P2P,0
TXN_005894,67290.7,6623.1,10.16,1,1,1,0,6,IMPS_WIRE,1
TXN_002292,10084.2,5729.66,1.76,0,0,0,0,1,IMPS_WIRE,0
TXN_004263,1053.4,3098.25,0.34,0,0,0,0,1,UPI_P2M,0
TXN_003114,1850.75,852.88,2.17,0,0,0,0,1,UPI_P2P,0
TXN_005728,69679.42,13297.6,5.24,1,1,0,0,4,UPI_P2P,1
TXN_000744,3508.32,2165.63,1.62,0,0,0,0,3,UPI_P2P,0
TXN_001459,9818.13,5140.38,1.91,0,0,0,0,1,UPI_P2M,0
TXN_003658,1396.29,640.5,2.18,0,0,0,0,1,UPI_P2M,0
TXN_000457,4130.97,3824.97,1.08,0,0,0,0,1,UPI_P2M,0
TXN_001019,486.17,824.01,0.59,0,0,0,0,2,UPI_P2P,0
TXN_005656,7961.79,843.41,9.44,1,1,1,1,6,CRYPTO_ONRAMP,1
TXN_002820,180.1,461.79,0.39,0,0,0,0,1,UPI_P2M,0
TXN_003516,3566.3,4245.59,0.84,0,0,0,0,2,BILL_PAY,0
TXN_000280,7880.56,5324.7,1.48,0,0,0,0,1,UPI_P2M,0
TXN_003519,1699.06,1477.44,1.15,0,0,0,0,1,UPI_P2M,0
TXN_004226,2245.27,4317.82,0.52,0,0,1,0,2,UPI_P2P,0
TXN_004404,4005.04,2275.59,1.76,0,0,0,0,1,UPI_P2M,0
TXN_005462,621.16,1774.74,0.35,0,0,0,0,2,UPI_P2M,0
TXN_002853,7231.86,9039.82,0.8,0,0,0,0,1,BILL_PAY,0
TXN_002332,4791.84,2562.48,1.87,0,0,0,0,1,UPI_P2M,0
TXN_001579,4215.3,10036.43,0.42,0,1,0,0,2,UPI_P2P,0
TXN_003947,6910.57,6061.9,1.14,0,0,0,0,1,BILL_PAY,0
TXN_001030,5472.73,4084.13,1.34,0,0,0,0,1,UPI_P2M,0
TXN_003934,1107.48,1153.62,0.96,0,0,0,0,2,UPI_P2M,0
TXN_004731,1505.76,4428.72,0.34,0,0,0,0,1,UPI_P2M,0
TXN_000794,4876.75,4557.71,1.07,0,1,0,0,1,UPI_P2M,0
TXN_005944,9730.89,1338.5,7.27,0,0,1,0,8,IMPS_WIRE,1
TXN_005831,92204.51,6363.32,14.49,0,1,1,0,8,CRYPTO_ONRAMP,1
TXN_000677,4066.81,2420.72,1.68,0,0,0,0,1,UPI_P2P,0
TXN_004463,1429.77,999.84,1.43,0,0,0,0,1,UPI_P2P,0
TXN_005410,1331.06,1188.45,1.12,0,0,0,0,1,UPI_P2P,0
TXN_000006,1011.79,472.8,2.14,0,0,0,0,2,UPI_P2P,0
TXN_003412,28425.87,13345.48,2.13,0,0,0,0,1,UPI_P2M,0
TXN_003163,467.29,697.45,0.67,0,0,0,0,2,UPI_P2P,0
TXN_000049,3317.66,2988.88,1.11,0,0,0,0,3,UPI_P2M,0
TXN_000169,11758.32,7169.71,1.64,0,0,0,0,2,BILL_PAY,0
TXN_000491,3210.08,1823.91,1.76,0,0,0,0,1,UPI_P2P,0
TXN_003984,549.01,1525.04,0.36,0,0,0,0,1,UPI_P2P,0
TXN_000327,6009.22,3493.73,1.72,0,0,0,0,2,IMPS_WIRE,0
TXN_003892,2495.29,7797.79,0.32,1,0,0,0,2,UPI_P2P,0
TXN_003894,3841.03,1864.58,2.06,0,0,0,0,1,UPI_P2P,0
TXN_003436,1309.89,2847.59,0.46,0,0,0,0,3,UPI_P2P,0
TXN_004177,9510.37,7097.29,1.34,0,0,0,0,1,UPI_P2P,0
TXN_005094,13758.67,7019.73,1.96,0,0,0,0,1,UPI_P2P,0
TXN_002131,1639.76,828.16,1.98,0,0,0,0,1,UPI_P2P,0
TXN_004541,2193.84,1843.56,1.19,0,0,0,0,1,IMPS_WIRE,0
TXN_003554,385.07,500.09,0.77,0,0,0,0,1,UPI_P2P,0
TXN_000793,8858.06,15817.97,0.56,1,0,0,0,3,UPI_P2P,0
TXN_001872,2194.37,5352.12,0.41,0,0,0,0,1,UPI_P2M,0
TXN_002617,4996.87,4626.73,1.08,0,0,0,0,1,UPI_P2M,0
TXN_000939,4474.92,3523.56,1.27,0,0,0,0,1,UPI_P2M,0
TXN_004611,1053.3,741.76,1.42,1,0,0,0,1,UPI_P2M,0
TXN_001086,1916.91,4457.92,0.43,0,0,0,0,1,UPI_P2M,0
TXN_001304,465.72,567.95,0.82,0,0,0,0,1,UPI_P2M,0
TXN_003249,709.57,2027.34,0.35,0,1,0,0,1,UPI_P2M,0
TXN_003076,4567.69,3434.35,1.33,0,0,0,0,3,UPI_P2M,0
TXN_003975,8137.64,9804.38,0.83,0,0,0,0,1,UPI_P2M,0
TXN_000748,5710.59,3637.32,1.57,0,0,0,0,1,UPI_P2M,0
TXN_005889,8925.5,908.91,9.82,1,1,0,0,4,IMPS_WIRE,1
TXN_001973,254.01,769.72,0.33,0,0,0,0,2,UPI_P2M,0
TXN_002009,16006.18,8003.09,2.0,0,0,1,0,1,UPI_P2P,0
TXN_001721,2423.75,1864.42,1.3,1,1,1,0,2,UPI_P2M,0
TXN_005645,25730.58,2241.34,11.48,1,0,1,1,6,IMPS_WIRE,1
TXN_004311,12631.24,19736.32,0.64,0,0,0,0,2,UPI_P2P,0
TXN_002155,11767.85,6574.22,1.79,1,0,0,0,1,UPI_P2M,0
TXN_000696,590.65,1342.39,0.44,0,0,0,0,1,UPI_P2M,0
TXN_004176,2574.98,6602.52,0.39,0,0,0,0,1,UPI_P2M,0
TXN_003349,4111.14,4195.04,0.98,0,0,0,0,1,UPI_P2P,0
TXN_001387,7203.81,6157.1,1.17,0,0,0,0,1,UPI_P2P,0
TXN_002607,3100.65,1781.98,1.74,0,0,0,0,1,UPI_P2P,0
TXN_005990,16819.98,2392.6,7.03,0,0,1,0,8,CRYPTO_ONRAMP,1
TXN_004308,2803.51,1328.68,2.11,0,0,0,0,2,UPI_P2M,0
TXN_004714,2994.67,1576.14,1.9,0,0,0,0,2,UPI_P2M,0
TXN_002936,921.31,1228.41,0.75,0,1,0,0,1,UPI_P2P,0
TXN_005076,6143.94,8084.13,0.76,1,0,0,0,1,UPI_P2M,0
TXN_003672,5587.93,4543.03,1.23,0,0,0,0,1,UPI_P2M,0
TXN_005275,978.55,1630.91,0.6,0,0,0,0,2,UPI_P2M,0
TXN_003972,5187.07,8503.4,0.61,0,0,0,0,1,UPI_P2M,0
TXN_000538,17537.91,15799.92,1.11,0,0,1,0,2,UPI_P2M,0
TXN_005589,7795.29,3608.93,2.16,0,0,0,0,2,UPI_P2P,0
TXN_004260,4850.06,2539.3,1.91,0,1,0,0,1,UPI_P2M,0
TXN_001435,1515.06,1561.92,0.97,0,0,0,0,1,UPI_P2M,0
TXN_000066,1649.49,2290.96,0.72,0,0,0,0,2,BILL_PAY,0
TXN_000503,9532.16,6149.78,1.55,0,0,0,0,1,BILL_PAY,0
TXN_000326,948.1,718.26,1.32,1,0,0,0,1,UPI_P2P,0
TXN_002068,1171.59,3550.27,0.33,0,0,0,0,3,UPI_P2M,0
TXN_005823,7543.39,1442.33,5.23,0,1,0,0,6,IMPS_WIRE,1
TXN_004188,3580.1,3442.4,1.04,0,0,0,0,1,UPI_P2M,0
TXN_004571,1507.32,2216.65,0.68,0,0,0,0,1,BILL_PAY,0
TXN_000670,238.42,662.28,0.36,0,0,0,0,2,IMPS_WIRE,0
TXN_003186,3964.34,4217.38,0.94,0,0,0,0,1,UPI_P2M,0
TXN_004235,535.63,1623.11,0.33,0,0,0,0,1,UPI_P2M,0
TXN_001502,2099.51,1409.07,1.49,0,0,1,0,1,UPI_P2M,0
TXN_002719,2335.73,1229.33,1.9,0,0,0,0,2,UPI_P2M,0
TXN_003561,4627.18,8730.52,0.53,0,0,0,0,4,UPI_P2P,0
TXN_001596,3442.62,1687.56,2.04,0,0,0,0,1,UPI_P2M,0
TXN_004966,3232.55,6465.1,0.5,0,0,0,0,1,UPI_P2M,0
TXN_000166,3375.69,1940.05,1.74,0,1,0,0,1,BILL_PAY,0
TXN_001134,5797.58,3535.11,1.64,0,0,0,0,2,UPI_P2M,0
TXN_003973,1186.22,2081.09,0.57,0,0,0,0,1,UPI_P2M,0
TXN_003866,1723.5,3023.69,0.57,0,0,0,0,1,UPI_P2M,0
TXN_001109,5469.21,6589.41,0.83,0,1,1,0,2,UPI_P2M,0
TXN_001674,1024.09,1506.01,0.68,0,0,0,0,2,UPI_P2M,0
TXN_004386,1143.19,1428.99,0.8,0,0,0,0,1,UPI_P2M,0
TXN_003140,4619.98,6895.49,0.67,0,0,0,0,1,UPI_P2P,0
TXN_005808,7078.67,575.97,12.29,1,0,1,1,6,UPI_P2P,1
TXN_001949,1793.84,954.17,1.88,0,0,0,0,1,UPI_P2M,0
TXN_000530,4004.99,2687.91,1.49,0,0,0,0,1,UPI_P2M,0
TXN_003035,596.54,795.39,0.75,1,0,0,0,1,UPI_P2M,0
TXN_003099,2615.2,1376.42,1.9,0,0,0,0,1,UPI_P2M,0
TXN_000855,5825.44,3782.75,1.54,0,0,0,0,2,UPI_P2M,0
TXN_005319,4245.61,2454.11,1.73,0,0,0,0,2,UPI_P2M,0
TXN_000874,369.59,467.83,0.79,0,0,0,0,1,UPI_P2P,0
TXN_000662,5464.17,7589.12,0.72,0,0,0,0,2,UPI_P2M,0
TXN_000097,12710.56,8473.71,1.5,0,1,0,0,2,BILL_PAY,0
TXN_004789,8258.77,4829.69,1.71,0,0,0,0,2,UPI_P2M,0
TXN_003171,2134.46,1395.07,1.53,0,0,0,0,1,UPI_P2M,0
TXN_000595,2727.75,1653.18,1.65,0,0,0,0,3,UPI_P2M,0
TXN_000544,2310.36,3726.38,0.62,0,0,0,0,1,UPI_P2P,0
TXN_000937,5447.74,2867.23,1.9,0,0,0,0,1,UPI_P2M,0
TXN_002168,831.4,2078.5,0.4,0,0,1,0,1,UPI_P2M,0
TXN_004607,670.64,632.68,1.06,1,0,0,0,1,UPI_P2M,0
TXN_001800,3165.58,2029.22,1.56,0,0,0,0,1,UPI_P2M,0
TXN_000589,2848.49,5696.99,0.5,0,0,0,0,1,UPI_P2M,0
TXN_004560,19630.69,10118.91,1.94,0,0,0,0,1,UPI_P2M,0
TXN_003547,2425.15,4491.01,0.54,0,0,0,0,1,UPI_P2M,0
TXN_004733,13233.22,6271.67,2.11,0,0,0,0,2,UPI_P2P,0
TXN_003993,4333.72,2421.07,1.79,0,0,0,0,1,UPI_P2P,0
TXN_003152,4849.38,2724.37,1.78,0,0,0,0,1,UPI_P2M,0
TXN_000791,1376.59,1323.64,1.04,0,0,0,0,1,UPI_P2M,0
TXN_004654,2396.71,1418.17,1.69,0,0,0,0,1,UPI_P2P,0
TXN_000710,5188.35,2506.45,2.07,0,0,0,0,2,UPI_P2M,0
TXN_000476,5634.0,3611.54,1.56,1,0,0,0,1,UPI_P2M,0
TXN_002077,4663.28,4758.45,0.98,0,0,0,0,2,UPI_P2M,0
TXN_003490,2058.25,5562.83,0.37,0,0,0,0,1,UPI_P2M,0
TXN_005993,20451.68,1991.4,10.27,1,1,1,1,4,CRYPTO_ONRAMP,1
TXN_002553,863.45,1726.9,0.5,0,0,0,0,2,UPI_P2M,0
TXN_005028,3636.12,3005.06,1.21,0,0,0,0,1,UPI_P2P,0
TXN_003354,13002.69,9703.5,1.34,0,0,0,0,1,UPI_P2P,0
TXN_005011,378.69,1081.98,0.35,0,0,0,0,1,UPI_P2P,0
TXN_004790,419.52,582.67,0.72,0,1,0,0,1,UPI_P2M,0
TXN_003806,1097.54,1714.9,0.64,0,0,0,0,1,IMPS_WIRE,0
TXN_001076,1152.26,1828.98,0.63,0,0,0,0,1,UPI_P2P,0
TXN_005536,3025.35,1490.32,2.03,0,1,0,0,1,UPI_P2M,0
TXN_005229,1415.24,1415.24,1.0,0,0,0,0,1,UPI_P2P,0
TXN_003095,527.88,910.13,0.58,0,0,0,0,1,UPI_P2M,0
TXN_002423,1145.26,1090.72,1.05,0,0,0,0,1,UPI_P2P,0
TXN_002046,4785.05,5036.9,0.95,0,0,0,0,1,BILL_PAY,0
TXN_000372,6575.59,5218.72,1.26,0,0,0,0,2,BILL_PAY,0
TXN_001751,2894.33,1581.6,1.83,0,1,0,0,1,UPI_P2M,0
TXN_004087,2376.87,2732.03,0.87,0,0,0,0,2,UPI_P2P,0
TXN_003687,1111.86,766.8,1.45,0,0,0,0,1,UPI_P2M,0
TXN_000637,2164.89,5697.08,0.38,0,0,0,0,1,UPI_P2M,0
TXN_001465,5577.62,5312.02,1.05,0,0,0,0,1,UPI_P2M,0
TXN_002348,4794.03,2433.52,1.97,0,0,0,0,2,UPI_P2M,0
TXN_004302,4314.28,7312.34,0.59,0,0,0,0,1,UPI_P2P,0
TXN_001884,4001.65,3572.9,1.12,0,0,0,0,1,UPI_P2M,0
TXN_003174,3281.28,1519.11,2.16,0,0,0,0,1,BILL_PAY,0
TXN_001096,2939.54,1455.22,2.02,0,0,0,0,1,UPI_P2M,0
TXN_003285,2320.78,2109.8,1.1,0,0,0,0,1,UPI_P2P,0
TXN_002176,8309.16,5770.25,1.44,0,0,0,0,1,UPI_P2P,0
TXN_005762,6056.18,1230.93,4.92,1,1,1,0,4,CRYPTO_ONRAMP,1
TXN_002448,950.3,2111.77,0.45,0,0,0,0,1,UPI_P2P,0
TXN_002600,1775.88,2114.14,0.84,0,1,0,0,1,UPI_P2P,0
TXN_002761,9368.86,6692.04,1.4,0,0,0,0,1,UPI_P2M,0
TXN_001010,744.48,477.23,1.56,0,0,0,0,2,UPI_P2M,0
TXN_001218,12237.53,11766.86,1.04,0,0,0,0,1,UPI_P2P,0
TXN_002395,2582.67,2777.06,0.93,0,0,0,0,2,IMPS_WIRE,0
TXN_005644,72109.54,9328.53,7.73,1,0,0,0,6,CRYPTO_ONRAMP,1
TXN_002787,9849.74,6437.74,1.53,1,0,0,0,1,UPI_P2P,0
TXN_003908,1682.44,1314.41,1.28,0,0,0,0,3,UPI_P2P,0
TXN_004320,5313.48,3664.47,1.45,0,0,0,0,1,BILL_PAY,0
TXN_005409,13230.79,8117.05,1.63,0,0,0,0,2,UPI_P2M,0
TXN_004589,2408.3,1323.24,1.82,0,0,0,0,1,UPI_P2M,0
TXN_000540,2649.76,1261.79,2.1,0,0,0,0,1,UPI_P2M,0
TXN_003506,2578.73,1409.14,1.83,0,0,0,0,1,UPI_P2M,0
TXN_005692,37111.92,3287.15,11.29,0,1,0,1,6,IMPS_WIRE,1
TXN_005502,3178.1,3531.22,0.9,0,0,0,0,3,UPI_P2M,0
TXN_003454,2401.0,1319.23,1.82,0,0,0,0,1,UPI_P2M,0
TXN_000510,3257.29,9048.03,0.36,0,0,0,0,1,UPI_P2M,0
TXN_000825,9457.57,5731.86,1.65,0,0,0,0,1,UPI_P2M,0
TXN_005241,2290.62,1413.96,1.62,0,0,0,0,2,UPI_P2M,0
TXN_001954,2604.23,2926.1,0.89,0,0,0,0,1,UPI_P2M,0
TXN_002895,18260.55,26086.5,0.7,0,0,0,0,1,UPI_P2P,0
TXN_000427,2461.47,1224.61,2.01,0,0,0,0,1,UPI_P2M,0
TXN_005567,2814.84,1770.34,1.59,0,0,0,0,1,UPI_P2P,0
TXN_004236,1066.96,1270.19,0.84,0,0,0,0,3,UPI_P2P,0
TXN_004552,2941.67,1772.09,1.66,0,0,0,0,2,BILL_PAY,0
TXN_001627,1901.48,3656.7,0.52,0,0,0,0,3,UPI_P2P,0
TXN_000588,5210.91,3917.98,1.33,0,0,0,0,3,UPI_P2M,0
TXN_003405,1638.97,1821.08,0.9,0,0,0,0,2,UPI_P2M,0
TXN_001804,5472.3,6514.64,0.84,0,0,0,0,1,UPI_P2P,0
TXN_005261,4887.53,3073.92,1.59,0,0,0,0,3,UPI_P2P,0
TXN_001920,15840.14,9900.09,1.6,0,0,0,0,1,UPI_P2M,0
TXN_003475,2684.12,7894.46,0.34,0,0,0,0,1,UPI_P2M,0
TXN_005222,15287.04,7110.25,2.15,0,0,0,0,1,UPI_P2M,0
TXN_000579,1978.73,1004.43,1.97,0,0,0,0,1,UPI_P2P,0
TXN_004625,1036.9,1178.29,0.88,0,0,0,0,1,UPI_P2P,0
TXN_004140,761.86,2176.75,0.35,1,0,0,0,1,UPI_P2M,0
TXN_003259,11646.78,6932.61,1.68,0,0,0,0,1,UPI_P2M,0
TXN_000248,2503.29,2580.71,0.97,0,0,0,0,1,UPI_P2M,0
TXN_005486,4481.74,2134.16,2.1,1,0,0,0,1,UPI_P2M,0
TXN_003642,1376.27,929.91,1.48,0,1,0,0,2,UPI_P2P,0
TXN_000179,696.6,494.04,1.41,0,0,0,0,2,UPI_P2M,0
TXN_001783,4278.12,2546.5,1.68,1,0,0,0,2,UPI_P2M,0
TXN_005143,410.01,803.94,0.51,0,0,0,0,1,UPI_P2M,0
TXN_000812,6978.51,3291.75,2.12,0,0,0,0,1,UPI_P2P,0
TXN_005756,6514.99,628.86,10.36,1,1,1,0,8,IMPS_WIRE,1
TXN_001038,15227.06,7808.75,1.95,0,0,0,0,1,UPI_P2P,0
TXN_003777,4951.48,4196.17,1.18,0,0,0,0,1,UPI_P2M,0
TXN_003269,8503.41,4273.07,1.99,1,0,0,0,1,UPI_P2M,0
TXN_003355,8465.74,4190.96,2.02,0,0,0,0,1,UPI_P2M,0
TXN_000100,14300.45,8033.96,1.78,0,0,0,0,1,UPI_P2M,0
TXN_001042,5241.93,2582.23,2.03,0,0,0,0,1,UPI_P2M,0
TXN_000091,967.18,1859.96,0.52,0,0,0,0,1,UPI_P2M,0
TXN_004195,1675.05,3563.94,0.47,0,0,0,0,1,UPI_P2P,0
TXN_003655,2106.17,5850.46,0.36,0,0,0,0,1,UPI_P2P,0
TXN_004644,6889.68,3704.13,1.86,1,0,0,0,1,UPI_P2M,0
TXN_002388,3441.14,1840.18,1.87,0,0,0,0,1,UPI_P2M,0
TXN_003596,3992.52,3272.56,1.22,0,0,0,0,1,UPI_P2P,0
TXN_004339,1555.82,942.92,1.65,0,0,0,0,1,UPI_P2M,0
TXN_002676,11002.3,5023.88,2.19,0,0,0,0,1,UPI_P2M,0
TXN_001189,3024.13,1680.07,1.8,0,0,0,0,1,BILL_PAY,0
TXN_004877,4874.27,2769.47,1.76,0,0,0,0,1,UPI_P2M,0
TXN_001441,3474.91,1809.85,1.92,0,0,0,0,1,UPI_P2M,0
TXN_005649,12998.39,2337.84,5.56,0,1,0,1,8,IMPS_WIRE,1
TXN_003400,989.52,761.17,1.3,0,0,0,0,1,UPI_P2P,0
TXN_003968,776.85,1465.75,0.53,1,0,0,0,1,UPI_P2P,0
TXN_001895,1819.35,842.29,2.16,0,1,1,0,1,UPI_P2M,0
TXN_005051,19001.88,12926.45,1.47,0,0,1,0,1,UPI_P2M,0
TXN_000852,2152.02,1707.95,1.26,0,0,0,0,3,UPI_P2M,0
TXN_001496,1986.35,1091.4,1.82,1,0,0,0,1,UPI_P2P,0
TXN_004967,403.99,1303.2,0.31,0,0,0,0,1,UPI_P2P,0
TXN_001874,4549.28,4212.3,1.08,0,0,0,0,1,UPI_P2M,0
TXN_004202,4572.66,3464.14,1.32,0,0,0,0,2,UPI_P2M,0
TXN_000516,760.73,531.98,1.43,0,0,0,0,1,BILL_PAY,0
TXN_003964,13810.65,7118.89,1.94,1,0,0,0,1,IMPS_WIRE,0
TXN_004121,7528.09,4734.65,1.59,0,0,0,0,1,BILL_PAY,0
TXN_003646,2198.33,4885.18,0.45,0,0,0,0,3,UPI_P2M,0
TXN_001599,20316.49,10312.94,1.97,0,0,0,0,3,UPI_P2M,0
TXN_000556,4614.84,6321.7,0.73,0,0,0,0,1,UPI_P2M,0
TXN_004449,2464.76,1760.54,1.4,1,0,0,0,2,UPI_P2P,0
TXN_004314,2978.54,1535.33,1.94,0,0,0,0,2,UPI_P2P,0
TXN_002328,1297.26,2092.36,0.62,0,0,0,0,1,UPI_P2M,0
TXN_001584,4782.92,9565.84,0.5,0,0,0,0,1,UPI_P2P,0
TXN_005386,4300.54,2638.37,1.63,0,0,0,0,1,IMPS_WIRE,0
TXN_001781,3126.34,1680.83,1.86,1,0,0,0,2,UPI_P2P,0
TXN_000200,9107.15,5264.25,1.73,1,0,0,0,3,BILL_PAY,0
TXN_003133,8587.5,6870.0,1.25,0,0,0,0,2,UPI_P2M,0
TXN_005998,50576.79,11900.42,4.25,1,1,1,0,4,IMPS_WIRE,1
TXN_001750,1982.86,1166.39,1.7,0,0,0,0,1,UPI_P2P,0
TXN_005190,11191.48,6287.35,1.78,1,0,0,0,1,UPI_P2M,0
TXN_000139,9185.08,6003.32,1.53,0,0,0,0,3,UPI_P2P,0
TXN_001005,783.02,636.6,1.23,1,0,0,0,2,UPI_P2M,0
TXN_002406,2010.51,1047.14,1.92,0,0,0,0,1,UPI_P2M,0
TXN_001084,2116.42,3919.29,0.54,0,0,0,0,1,UPI_P2P,0
TXN_001600,817.7,778.76,1.05,0,0,1,0,1,UPI_P2P,0
TXN_002317,11785.93,6075.22,1.94,0,0,0,0,1,UPI_P2P,0
TXN_001121,2197.59,5939.42,0.37,1,0,1,0,1,UPI_P2M,0
TXN_003263,1411.19,641.45,2.2,0,0,0,0,2,UPI_P2M,0
TXN_004074,3417.41,1667.03,2.05,0,0,0,0,3,UPI_P2P,0
TXN_001977,7430.1,13268.03,0.56,0,0,0,0,1,UPI_P2P,0
TXN_004374,483.48,966.96,0.5,0,0,0,0,1,UPI_P2M,0
TXN_004245,846.07,1321.98,0.64,0,0,0,0,2,UPI_P2P,0
TXN_001939,2057.84,1044.59,1.97,0,0,0,0,1,UPI_P2P,0
TXN_004444,8014.38,4916.8,1.63,0,0,0,0,2,UPI_P2P,0
TXN_002883,13040.48,7670.87,1.7,0,0,0,0,3,UPI_P2P,0
TXN_001149,468.21,1265.44,0.37,1,0,0,0,2,UPI_P2M,0
TXN_000741,3370.76,6359.93,0.53,0,0,0,0,1,UPI_P2M,0
TXN_005622,1172.63,1056.42,1.11,0,0,1,0,1,UPI_P2M,0
TXN_000539,3335.25,2097.64,1.59,1,0,0,0,1,UPI_P2M,0
TXN_001208,6101.19,2864.41,2.13,0,0,0,0,1,UPI_P2M,0
TXN_001062,13464.57,12352.82,1.09,0,0,0,0,1,UPI_P2P,0
TXN_001478,15039.8,9283.83,1.62,0,0,0,0,1,UPI_P2M,0
TXN_004477,573.59,418.68,1.37,0,0,0,0,1,UPI_P2M,0
TXN_001848,677.29,1881.37,0.36,0,0,1,0,1,UPI_P2M,0
TXN_002583,2084.11,960.42,2.17,0,0,0,0,2,UPI_P2M,0
TXN_005792,83862.14,7248.24,11.57,1,0,1,1,8,IMPS_WIRE,1
TXN_002400,1294.63,857.37,1.51,0,0,0,0,1,UPI_P2P,0
TXN_000361,6496.93,10151.45,0.64,0,0,1,0,1,UPI_P2P,0
TXN_004437,1331.88,4296.39,0.31,0,0,0,0,3,UPI_P2M,0
TXN_005714,9099.04,816.79,11.14,1,1,1,0,6,CRYPTO_ONRAMP,1
TXN_002934,3708.55,5011.55,0.74,0,0,0,0,1,UPI_P2P,0
TXN_002037,5157.64,3556.99,1.45,0,0,0,0,2,UPI_P2M,0
TXN_005749,5521.58,664.45,8.31,1,0,1,1,6,IMPS_WIRE,1
TXN_003110,1201.12,2035.8,0.59,0,0,0,0,3,UPI_P2P,0
TXN_003873,3713.33,2578.7,1.44,0,0,1,0,3,UPI_P2M,0
TXN_000115,12286.78,8191.19,1.5,0,0,0,0,3,UPI_P2M,0
TXN_004527,491.17,545.74,0.9,0,0,0,0,1,BILL_PAY,0
TXN_000124,5042.44,2356.28,2.14,0,0,0,0,2,UPI_P2M,0
TXN_002122,6195.21,5340.7,1.16,0,0,0,0,1,UPI_P2M,0
TXN_002081,1347.22,2928.74,0.46,0,0,0,0,1,UPI_P2M,0
TXN_000703,5058.26,4215.22,1.2,0,0,0,0,1,UPI_P2M,0
TXN_002642,2171.11,1091.01,1.99,0,0,0,0,1,UPI_P2P,0
TXN_001366,6259.72,5216.43,1.2,0,0,0,0,1,UPI_P2M,0
TXN_005667,82386.33,7029.55,11.72,0,1,0,1,4,IMPS_WIRE,1
TXN_004389,9718.13,13132.61,0.74,0,0,0,0,1,UPI_P2P,0
TXN_005760,54686.32,4206.64,13.0,1,1,0,1,8,CRYPTO_ONRAMP,1
TXN_000845,6408.78,3662.16,1.75,0,0,0,0,2,UPI_P2M,0
TXN_002842,6314.75,9021.07,0.7,0,0,0,0,1,UPI_P2M,0
TXN_000230,319.5,602.83,0.53,0,0,0,0,1,UPI_P2M,0
TXN_002094,1232.97,880.69,1.4,0,0,0,0,1,BILL_PAY,0
TXN_003438,8114.51,7180.98,1.13,0,0,0,0,1,UPI_P2P,0
TXN_003714,686.34,771.17,0.89,0,0,0,0,2,UPI_P2M,0
TXN_003893,12958.8,10535.61,1.23,0,0,0,0,1,UPI_P2M,0
TXN_005969,44265.67,5213.86,8.49,1,1,1,0,4,CRYPTO_ONRAMP,1
TXN_004516,3132.08,1898.23,1.65,0,0,0,0,1,BILL_PAY,0
TXN_001423,3344.11,3412.36,0.98,0,0,0,0,1,BILL_PAY,0
TXN_000799,684.67,1521.49,0.45,0,0,0,0,1,UPI_P2M,0
TXN_000548,843.4,1317.82,0.64,1,0,0,0,1,UPI_P2P,0
TXN_003209,4293.4,2104.61,2.04,0,0,0,0,1,UPI_P2P,0
TXN_000750,4019.52,2071.92,1.94,0,0,0,0,3,UPI_P2P,0
TXN_005663,68441.97,9211.57,7.43,1,0,1,0,4,IMPS_WIRE,1
TXN_004061,2381.99,1598.65,1.49,0,0,0,0,1,UPI_P2M,0
TXN_004965,13422.4,6711.2,2.0,0,0,0,0,1,UPI_P2M,0
TXN_004166,7657.61,5174.06,1.48,0,0,1,0,1,BILL_PAY,0
TXN_003857,1549.12,1347.06,1.15,0,1,0,0,1,BILL_PAY,0
TXN_001105,3267.63,1609.67,2.03,0,0,0,0,2,UPI_P2P,0
TXN_004403,8476.91,4461.53,1.9,0,0,0,0,1,UPI_P2P,0
TXN_005841,6893.98,1038.25,6.64,1,0,1,0,4,CRYPTO_ONRAMP,1
TXN_003240,1635.68,3029.04,0.54,0,0,0,0,2,UPI_P2M,0
TXN_001511,1767.21,1577.87,1.12,0,0,0,0,4,UPI_P2P,0
TXN_002560,4504.61,5362.63,0.84,0,0,1,0,1,UPI_P2M,0
TXN_002627,2107.26,4581.0,0.46,0,0,0,0,1,UPI_P2P,0
TXN_003882,3550.52,2138.87,1.66,0,0,0,0,2,UPI_P2M,0
TXN_000522,2597.67,1743.4,1.49,0,0,0,0,1,UPI_P2P,0
TXN_002171,953.75,2445.51,0.39,0,0,0,0,1,UPI_P2M,0
TXN_005771,31963.98,5864.95,5.45,1,1,1,0,4,CRYPTO_ONRAMP,1
TXN_000632,1972.65,1700.56,1.16,0,0,0,0,2,UPI_P2P,0
TXN_004047,7493.72,3485.45,2.15,0,0,0,0,4,UPI_P2M,0
TXN_001298,1663.09,939.6,1.77,0,0,0,0,1,BILL_PAY,0
TXN_001797,4669.63,3335.45,1.4,1,0,0,0,1,UPI_P2M,0
TXN_005267,4443.96,11109.91,0.4,0,0,0,0,2,UPI_P2M,0
TXN_001289,20181.35,13918.17,1.45,0,0,0,0,2,UPI_P2P,0
TXN_001350,9921.1,5605.14,1.77,0,0,0,0,1,UPI_P2M,0
TXN_001128,10829.87,7791.27,1.39,0,0,0,0,1,BILL_PAY,0
TXN_005461,6886.28,4815.58,1.43,0,0,1,0,1,UPI_P2M,0
TXN_000350,1194.06,986.83,1.21,0,0,0,0,1,UPI_P2M,0
TXN_002875,24387.23,15242.02,1.6,0,0,0,0,1,UPI_P2M,0
TXN_003357,8825.11,4719.31,1.87,0,0,0,0,1,UPI_P2P,0
TXN_000581,3519.06,6516.77,0.54,0,0,0,0,2,UPI_P2M,0
TXN_003009,1202.48,897.37,1.34,0,0,0,0,2,UPI_P2P,0
TXN_005049,5866.84,3513.08,1.67,0,0,0,0,2,UPI_P2P,0
TXN_004523,911.39,2531.64,0.36,0,0,0,0,1,UPI_P2M,0
TXN_005853,10555.0,981.86,10.75,1,1,1,0,6,CRYPTO_ONRAMP,1
TXN_002931,3234.47,2526.93,1.28,0,0,0,0,1,UPI_P2M,0
TXN_002339,1212.42,569.21,2.13,0,0,0,0,4,UPI_P2P,0
TXN_002545,1807.17,3409.75,0.53,0,0,0,0,1,UPI_P2M,0
TXN_005156,11217.23,13514.74,0.83,0,0,0,0,1,UPI_P2M,0
TXN_005904,20734.14,4383.54,4.73,1,0,1,0,4,UPI_P2P,1
TXN_002808,4374.22,2314.4,1.89,0,0,0,0,1,UPI_P2M,0
TXN_000446,9425.79,4883.83,1.93,0,0,0,0,1,UPI_P2M,0
TXN_004490,3731.75,4012.63,0.93,0,0,0,0,2,UPI_P2P,0
TXN_000507,3882.08,10492.12,0.37,0,0,0,0,1,UPI_P2M,0
TXN_003700,3430.0,4454.54,0.77,0,0,0,0,1,UPI_P2P,0
TXN_004619,228.69,466.71,0.49,0,0,0,0,1,BILL_PAY,0
TXN_001295,2273.27,1369.44,1.66,0,0,0,0,2,UPI_P2M,0
TXN_004538,3449.28,2017.12,1.71,0,0,0,0,2,UPI_P2P,0
TXN_004995,960.08,518.96,1.85,0,0,0,0,1,UPI_P2M,0
TXN_004815,587.75,570.63,1.03,0,0,0,0,1,UPI_P2M,0
TXN_002296,2342.78,3395.33,0.69,0,0,0,0,1,UPI_P2M,0
TXN_000820,36085.62,17517.29,2.06,0,0,0,0,1,UPI_P2M,0
TXN_001498,1734.98,894.32,1.94,0,0,0,0,1,UPI_P2M,0
TXN_003089,2037.41,3286.14,0.62,0,0,0,0,1,UPI_P2M,0
TXN_005816,114519.87,8432.98,13.58,1,1,1,0,4,IMPS_WIRE,1
TXN_005751,21376.53,1606.05,13.31,1,0,1,0,12,UPI_P2P,1
TXN_003718,963.22,481.61,2.0,0,0,0,0,3,UPI_P2P,0
TXN_001793,2049.59,2227.81,0.92,0,0,0,0,1,UPI_P2P,0
TXN_004070,2643.59,3110.11,0.85,0,0,0,0,1,UPI_P2M,0
TXN_002650,825.06,2357.31,0.35,0,1,0,0,1,UPI_P2M,0
TXN_005920,4747.64,793.92,5.98,1,1,1,1,6,IMPS_WIRE,1
TXN_001085,3998.74,4346.46,0.92,0,0,0,0,2,UPI_P2M,0
TXN_001267,535.11,1621.56,0.33,0,0,0,0,1,UPI_P2P,0
TXN_004206,5362.85,2482.8,2.16,1,0,0,0,1,UPI_P2M,0
TXN_000309,515.08,620.58,0.83,0,0,0,0,1,UPI_P2M,0
TXN_005002,1563.39,1078.2,1.45,0,0,0,0,1,UPI_P2M,0
TXN_004945,956.21,1111.87,0.86,0,0,1,0,1,UPI_P2M,0
TXN_004709,2872.92,3591.15,0.8,0,0,0,0,1,UPI_P2M,0
TXN_003419,2957.77,1998.49,1.48,1,0,0,0,1,BILL_PAY,0
TXN_005295,3465.7,6080.18,0.57,0,0,0,0,1,UPI_P2M,0
TXN_000836,4091.0,2076.65,1.97,0,0,0,0,1,UPI_P2P,0
TXN_002389,353.84,402.09,0.88,0,0,0,0,1,IMPS_WIRE,0
TXN_002661,1296.61,1562.18,0.83,0,0,0,0,1,UPI_P2P,0
TXN_003773,405.14,1038.81,0.39,0,0,0,0,1,UPI_P2M,0
TXN_003019,9362.96,4777.02,1.96,0,0,0,0,1,UPI_P2M,0
TXN_004429,522.48,1244.01,0.42,0,0,1,0,1,UPI_P2P,0
TXN_000420,5161.74,3441.16,1.5,0,0,0,0,1,BILL_PAY,0
TXN_002003,782.24,965.73,0.81,0,0,0,0,1,UPI_P2M,0
TXN_003838,4132.31,2951.65,1.4,0,0,0,0,1,BILL_PAY,0
TXN_001554,1567.6,4898.75,0.32,0,0,0,0,1,UPI_P2M,0
TXN_000114,13695.23,13043.08,1.05,0,0,0,0,1,UPI_P2P,0
TXN_003985,4617.14,2308.57,2.0,0,0,0,0,1,UPI_P2M,0
TXN_002622,5764.51,2839.66,2.03,0,0,1,0,1,UPI_P2M,0
TXN_000111,5728.86,4151.35,1.38,0,0,0,0,2,BILL_PAY,0
TXN_004577,1124.33,906.72,1.24,1,0,0,0,4,UPI_P2P,0
TXN_000466,1748.74,925.26,1.89,0,0,0,0,3,UPI_P2M,0
TXN_000273,3693.96,3769.35,0.98,0,0,0,0,1,UPI_P2P,0
TXN_002610,535.95,1307.2,0.41,1,0,0,0,2,UPI_P2M,0
TXN_000448,2939.45,4260.07,0.69,0,0,0,0,1,BILL_PAY,0
TXN_001057,2225.32,1112.66,2.0,0,0,0,0,1,UPI_P2M,0
TXN_003515,1234.77,2092.83,0.59,0,0,0,0,2,UPI_P2M,0
TXN_005210,3122.68,2296.09,1.36,1,0,0,0,1,UPI_P2P,0
TXN_000506,2779.61,1275.05,2.18,0,0,0,0,1,UPI_P2P,0
TXN_000842,7412.55,3985.24,1.86,0,0,0,0,1,UPI_P2M,0
TXN_004833,2865.43,1675.69,1.71,0,1,0,0,1,IMPS_WIRE,0
TXN_004508,626.15,1423.06,0.44,0,0,0,0,2,UPI_P2M,0
TXN_002660,1315.09,939.35,1.4,0,0,0,0,1,UPI_P2M,0
TXN_000375,12952.91,8693.23,1.49,0,0,0,0,2,UPI_P2M,0
TXN_004393,3990.08,3325.07,1.2,0,0,0,0,2,BILL_PAY,0
TXN_000566,6074.0,4898.39,1.24,1,0,0,0,1,UPI_P2P,0
TXN_001557,2247.46,4781.82,0.47,0,0,0,0,1,UPI_P2P,0
TXN_000861,496.64,937.05,0.53,0,0,0,0,2,UPI_P2M,0
TXN_001355,397.3,461.98,0.86,0,0,0,0,2,UPI_P2P,0
TXN_003795,1312.3,2982.5,0.44,0,0,0,0,1,UPI_P2P,0
TXN_000117,4229.08,3410.55,1.24,0,0,0,0,1,BILL_PAY,0
TXN_001213,3205.95,1595.0,2.01,1,0,0,0,1,UPI_P2P,0
TXN_001922,2845.38,2659.23,1.07,0,0,0,0,1,UPI_P2M,0
TXN_005581,1303.78,1417.15,0.92,0,0,0,0,1,UPI_P2M,0
TXN_003938,4101.64,3083.94,1.33,1,0,0,0,1,UPI_P2P,0
TXN_001451,1537.99,878.85,1.75,0,0,0,0,1,UPI_P2M,0
TXN_000634,2594.69,2144.37,1.21,0,0,0,0,2,BILL_PAY,0
TXN_002986,4001.24,5884.18,0.68,0,0,0,0,1,UPI_P2M,0
TXN_003853,207.52,576.44,0.36,0,0,0,0,1,UPI_P2M,0
TXN_001110,3884.01,7615.71,0.51,0,0,0,0,1,UPI_P2P,0
TXN_001886,6370.03,3169.17,2.01,1,0,0,0,2,UPI_P2M,0
TXN_003899,6141.5,10068.04,0.61,0,0,0,0,3,UPI_P2P,0
TXN_004157,730.25,503.62,1.45,0,0,0,0,1,UPI_P2M,0
TXN_001111,6194.04,4657.17,1.33,0,0,0,0,3,UPI_P2M,0
TXN_001007,4867.49,8691.94,0.56,0,0,1,0,1,UPI_P2M,0
TXN_005541,18464.74,19854.56,0.93,0,0,0,0,2,UPI_P2P,0
TXN_000233,11980.14,11861.52,1.01,0,0,0,0,1,UPI_P2P,0
TXN_005082,2756.79,2650.76,1.04,0,0,0,0,1,UPI_P2M,0
TXN_004851,4054.9,5711.12,0.71,0,0,1,0,2,UPI_P2M,0
TXN_004134,4104.84,4146.3,0.99,0,0,0,0,1,UPI_P2P,0
TXN_003903,414.39,828.78,0.5,1,0,1,0,1,UPI_P2P,0
TXN_001900,1466.68,1062.81,1.38,0,0,0,0,1,BILL_PAY,0
TXN_000681,6244.66,8920.95,0.7,0,1,0,0,1,BILL_PAY,0
TXN_000511,3942.19,4583.94,0.86,0,0,0,0,1,UPI_P2M,0
TXN_002090,1571.44,1785.73,0.88,0,1,0,0,1,UPI_P2M,0
TXN_000397,4186.52,2867.48,1.46,0,1,0,0,2,UPI_P2M,0
TXN_004854,474.7,409.22,1.16,1,0,0,0,2,BILL_PAY,0
TXN_004158,1881.95,2163.16,0.87,0,0,0,0,1,UPI_P2P,0
TXN_004524,3018.73,2171.75,1.39,1,0,0,0,1,UPI_P2P,0
TXN_005053,3347.6,4649.45,0.72,0,0,0,0,1,UPI_P2M,0
TXN_001083,5682.05,2630.58,2.16,0,0,0,0,2,UPI_P2P,0
TXN_000343,13159.84,9676.35,1.36,0,0,0,0,2,UPI_P2M,0
TXN_004351,17959.44,9603.98,1.87,1,0,0,0,2,UPI_P2M,0
TXN_000557,1698.56,1286.79,1.32,0,0,0,0,1,UPI_P2P,0
TXN_001004,4433.57,2490.77,1.78,0,0,0,0,1,UPI_P2P,0
TXN_004987,4679.03,11412.27,0.41,0,0,0,0,1,UPI_P2M,0
TXN_003388,2011.42,2366.38,0.85,0,0,0,0,1,UPI_P2M,0
TXN_001745,564.19,512.9,1.1,0,0,0,0,2,UPI_P2P,0
TXN_002096,10389.92,5300.98,1.96,0,0,0,0,1,UPI_P2P,0
TXN_000382,2393.73,1399.84,1.71,0,0,0,0,1,UPI_P2M,0
TXN_004506,1582.29,1582.29,1.0,0,0,0,0,1,UPI_P2M,0
TXN_003611,8071.66,10620.6,0.76,0,0,0,0,3,UPI_P2M,0
TXN_002786,5626.48,13396.38,0.42,0,0,0,0,2,UPI_P2M,0
TXN_000432,3421.2,3001.05,1.14,0,0,0,0,1,BILL_PAY,0
TXN_000497,2146.74,1511.79,1.42,0,0,0,0,2,UPI_P2M,0
TXN_002161,7158.59,3441.63,2.08,0,0,0,0,2,UPI_P2M,0
TXN_003861,6678.83,3226.49,2.07,0,0,0,0,1,UPI_P2M,0
TXN_005932,75842.13,5468.07,13.87,1,0,1,0,6,UPI_P2P,1
TXN_001914,3172.37,2600.3,1.22,0,0,1,0,1,UPI_P2M,0
TXN_003989,16210.57,9316.42,1.74,0,0,0,0,1,UPI_P2M,0
TXN_003486,1693.9,1176.32,1.44,0,0,0,0,3,UPI_P2P,0
TXN_002350,1999.13,921.26,2.17,0,0,0,0,1,BILL_PAY,0
TXN_005178,1056.61,2401.38,0.44,0,0,0,0,1,BILL_PAY,0
TXN_001070,2173.87,1126.36,1.93,0,0,0,0,1,UPI_P2M,0
TXN_000585,359.06,422.42,0.85,0,0,0,0,1,UPI_P2M,0
TXN_002349,3609.75,2864.88,1.26,0,0,0,0,1,BILL_PAY,0
TXN_004049,464.26,703.42,0.66,0,0,0,0,2,UPI_P2M,0
TXN_003505,956.38,1366.26,0.7,0,0,0,0,1,UPI_P2M,0
TXN_003034,2541.36,2732.65,0.93,0,0,1,0,2,UPI_P2M,0
TXN_002437,874.9,1166.54,0.75,0,0,0,0,1,UPI_P2P,0
TXN_004122,525.48,486.56,1.08,0,0,0,0,1,UPI_P2P,0
TXN_001812,2472.7,1261.58,1.96,0,0,1,0,2,UPI_P2M,0
TXN_001901,3390.82,1630.2,2.08,0,0,0,0,1,UPI_P2M,0
TXN_004234,3107.97,2409.28,1.29,0,0,0,0,2,UPI_P2M,0
TXN_002103,968.23,800.19,1.21,0,0,0,0,1,UPI_P2P,0
TXN_000933,31247.3,15022.74,2.08,0,0,0,0,1,UPI_P2M,0
TXN_004276,4235.07,9010.79,0.47,0,0,0,0,3,UPI_P2P,0
TXN_005133,2455.69,6462.35,0.38,0,0,0,0,1,UPI_P2P,0
TXN_003178,19846.23,9273.94,2.14,0,0,0,0,1,UPI_P2P,0
TXN_004187,3710.34,2169.79,1.71,0,0,1,0,3,UPI_P2P,0
TXN_000876,2188.47,3082.35,0.71,0,0,0,0,1,UPI_P2M,0
TXN_003440,4420.09,5525.11,0.8,0,0,1,0,1,IMPS_WIRE,0
TXN_005030,2716.74,3018.6,0.9,0,0,0,0,1,BILL_PAY,0
TXN_002783,3409.42,9741.19,0.35,0,0,1,0,2,UPI_P2M,0
TXN_002461,18755.25,11032.5,1.7,0,0,0,0,1,UPI_P2M,0
TXN_001051,11831.36,9031.57,1.31,0,0,1,0,2,UPI_P2P,0
TXN_003450,1925.14,1750.13,1.1,1,0,0,0,1,UPI_P2M,0
TXN_005732,26500.84,3459.64,7.66,1,1,1,1,8,CRYPTO_ONRAMP,1
TXN_002514,579.48,1448.69,0.4,0,1,0,0,1,BILL_PAY,0
TXN_004529,5299.6,7259.72,0.73,0,0,0,0,3,UPI_P2M,0
TXN_004680,11428.51,7142.82,1.6,0,0,0,0,3,UPI_P2M,0
TXN_005672,25687.56,1948.98,13.18,1,1,1,0,6,IMPS_WIRE,1
TXN_003541,3204.42,1831.1,1.75,0,0,1,0,2,UPI_P2P,0
TXN_004932,18071.6,9875.19,1.83,0,0,0,0,2,UPI_P2M,0
TXN_004337,1994.82,2809.6,0.71,0,0,0,0,1,UPI_P2M,0
TXN_005208,18945.89,10131.49,1.87,0,1,0,0,1,UPI_P2P,0
TXN_003625,1881.12,1022.35,1.84,0,0,0,0,1,UPI_P2P,0
TXN_003692,21408.81,15626.87,1.37,0,1,0,0,1,UPI_P2M,0
TXN_001899,1529.85,3059.69,0.5,1,0,0,0,2,UPI_P2M,0
TXN_000120,2578.81,4029.39,0.64,0,0,0,0,1,BILL_PAY,0
TXN_003092,1782.32,832.86,2.14,1,0,0,0,1,BILL_PAY,0
TXN_003219,1672.25,3215.87,0.52,0,0,0,0,2,UPI_P2M,0
TXN_004496,977.79,1417.08,0.69,0,0,0,0,1,UPI_P2P,0
TXN_004132,1826.38,5371.7,0.34,0,1,0,0,2,UPI_P2P,0
TXN_004397,1544.7,930.54,1.66,0,0,1,0,2,UPI_P2M,0
TXN_005637,1716.23,3300.45,0.52,0,0,0,0,1,UPI_P2M,0
TXN_002839,2129.41,3434.53,0.62,1,0,0,0,1,UPI_P2P,0
TXN_005734,10475.8,929.53,11.27,1,1,0,1,8,CRYPTO_ONRAMP,1
TXN_003181,749.12,634.85,1.18,0,0,0,0,2,UPI_P2M,0
TXN_004318,2934.32,1594.74,1.84,0,0,0,0,2,UPI_P2M,0
TXN_001337,3244.61,4771.48,0.68,0,0,1,0,1,UPI_P2M,0
TXN_000644,700.23,721.89,0.97,0,0,0,0,1,UPI_P2M,0
TXN_000993,405.65,901.45,0.45,0,0,0,0,1,UPI_P2P,0
TXN_000946,811.5,765.57,1.06,0,0,0,0,1,UPI_P2P,0
TXN_004163,1187.88,635.23,1.87,0,0,0,0,1,UPI_P2M,0
TXN_005465,6687.48,3411.98,1.96,0,0,0,0,1,UPI_P2P,0
TXN_004740,774.73,1549.46,0.5,0,0,0,0,2,UPI_P2P,0
TXN_001898,798.92,515.43,1.55,0,0,0,0,1,BILL_PAY,0
TXN_002057,306.31,651.72,0.47,0,0,0,0,1,UPI_P2M,0
TXN_000482,1440.66,1385.25,1.04,0,0,0,0,1,UPI_P2P,0
TXN_005048,6755.89,6559.12,1.03,0,0,0,0,1,UPI_P2P,0
TXN_004734,19290.95,9502.93,2.03,0,0,0,0,2,UPI_P2M,0
TXN_005282,543.15,733.98,0.74,0,0,0,0,3,UPI_P2M,0
TXN_001926,1192.09,2292.49,0.52,0,0,0,0,2,UPI_P2P,0
TXN_004841,1009.64,2884.69,0.35,0,0,0,0,1,UPI_P2P,0
TXN_002248,7370.69,5048.42,1.46,0,0,0,0,4,UPI_P2P,0
TXN_002306,777.12,1850.28,0.42,0,0,0,0,1,BILL_PAY,0
TXN_005485,2780.59,4150.13,0.67,0,0,0,0,2,BILL_PAY,0
TXN_002850,12807.73,14892.71,0.86,0,0,1,0,1,BILL_PAY,0
TXN_000243,6979.5,3472.39,2.01,0,0,0,0,1,UPI_P2P,0
TXN_002039,1936.56,2361.66,0.82,1,0,1,0,1,BILL_PAY,0
TXN_005351,1269.13,1113.27,1.14,0,0,0,0,1,UPI_P2P,0
TXN_003566,1844.04,1562.75,1.18,0,1,0,0,1,UPI_P2M,0
TXN_003153,2378.6,2086.49,1.14,0,0,0,0,1,UPI_P2P,0
TXN_000517,696.85,1314.82,0.53,0,0,0,0,1,IMPS_WIRE,0
TXN_004419,4015.06,2847.56,1.41,0,0,0,0,1,IMPS_WIRE,0
TXN_005336,6237.22,8784.81,0.71,0,1,0,0,1,UPI_P2M,0
TXN_001120,522.82,687.92,0.76,1,0,0,0,1,UPI_P2P,0
TXN_003839,11166.44,5242.46,2.13,0,1,0,0,2,UPI_P2M,0
TXN_001714,4917.82,3300.55,1.49,0,0,0,0,1,UPI_P2P,0
TXN_004565,9980.72,4730.2,2.11,1,0,0,0,1,UPI_P2M,0
TXN_000336,2132.82,1066.41,2.0,0,0,0,0,1,UPI_P2M,0
TXN_001981,3555.5,3386.19,1.05,0,0,0,0,2,UPI_P2P,0
TXN_004840,2647.91,2878.16,0.92,0,0,0,0,1,UPI_P2M,0
TXN_001752,7567.62,21021.17,0.36,0,0,0,0,1,BILL_PAY,0
TXN_002261,10252.58,7323.27,1.4,0,0,0,0,1,UPI_P2M,0
TXN_001273,891.42,724.73,1.23,0,0,0,0,1,BILL_PAY,0
TXN_002843,1644.61,945.18,1.74,0,1,0,0,1,UPI_P2P,0
TXN_000095,2310.38,3039.98,0.76,0,0,0,0,1,UPI_P2M,0
TXN_000389,2190.0,1311.38,1.67,0,0,0,0,3,UPI_P2P,0
TXN_004475,1941.95,1387.11,1.4,0,0,1,0,1,UPI_P2P,0
TXN_004728,5741.16,7267.29,0.79,0,0,0,0,1,UPI_P2P,0
TXN_002838,4137.44,11492.89,0.36,0,0,0,0,1,UPI_P2P,0
TXN_002202,1359.81,1387.56,0.98,0,0,0,0,1,UPI_P2M,0
TXN_005416,694.28,1309.97,0.53,0,0,0,0,1,UPI_P2M,0
TXN_004265,6626.67,4388.52,1.51,0,0,0,0,1,UPI_P2M,0
TXN_001504,2777.23,8678.85,0.32,0,0,0,0,1,UPI_P2M,0
TXN_001817,2469.43,2545.8,0.97,0,0,0,0,1,UPI_P2M,0
TXN_004464,2166.45,3551.55,0.61,0,0,0,0,1,UPI_P2M,0
TXN_000433,2981.58,2192.34,1.36,0,0,1,0,1,BILL_PAY,0
TXN_004757,1102.16,676.17,1.63,0,0,0,0,1,UPI_P2P,0
TXN_004097,1261.27,1827.93,0.69,0,0,0,0,2,UPI_P2M,0
TXN_000712,318.2,548.62,0.58,0,0,0,0,1,BILL_PAY,0
TXN_003852,3941.53,4021.97,0.98,0,0,0,0,2,UPI_P2M,0
TXN_000512,20291.42,9437.87,2.15,0,0,0,0,1,UPI_P2P,0
TXN_000279,316.26,903.61,0.35,0,1,0,0,1,UPI_P2P,0
TXN_003550,2676.67,1345.06,1.99,0,0,0,0,1,BILL_PAY,0
TXN_004804,7791.94,6283.82,1.24,0,0,0,0,2,UPI_P2P,0
TXN_001272,10210.65,6946.02,1.47,0,0,0,0,2,BILL_PAY,0
TXN_002534,2494.49,2653.71,0.94,0,0,0,0,2,UPI_P2P,0
TXN_003097,11946.27,5743.4,2.08,0,0,0,0,2,UPI_P2M,0
TXN_005377,5013.78,3255.7,1.54,0,0,0,0,2,UPI_P2P,0
TXN_005947,8377.61,896.96,9.34,1,1,1,1,4,IMPS_WIRE,1
TXN_001136,808.79,785.23,1.03,0,0,0,0,1,UPI_P2P,0
TXN_005809,7633.35,1663.04,4.59,1,1,1,0,4,CRYPTO_ONRAMP,1
TXN_005115,922.98,1153.72,0.8,1,0,0,0,1,UPI_P2P,0
TXN_005566,4786.34,5630.99,0.85,0,0,0,0,4,UPI_P2M,0
TXN_000573,2929.92,1487.27,1.97,0,0,0,0,1,UPI_P2M,0
TXN_003194,5560.3,3251.64,1.71,0,0,0,0,1,UPI_P2M,0
TXN_001866,2077.43,970.76,2.14,0,0,0,0,1,UPI_P2M,0
TXN_000159,1411.52,2240.51,0.63,0,0,0,0,2,UPI_P2M,0
TXN_003033,2448.71,1352.88,1.81,0,0,0,0,1,UPI_P2P,0
TXN_004310,276.26,452.89,0.61,0,0,0,0,1,UPI_P2M,0
TXN_003123,7758.04,5350.37,1.45,0,0,0,0,1,UPI_P2P,0
TXN_004643,11754.02,6955.04,1.69,0,0,0,0,2,UPI_P2P,0
TXN_003273,1283.39,2789.98,0.46,0,0,0,0,1,UPI_P2M,0
TXN_000555,2694.99,4567.78,0.59,0,0,0,0,1,UPI_P2M,0
TXN_004707,2706.88,5307.6,0.51,0,0,0,0,2,BILL_PAY,0
TXN_002932,468.84,426.22,1.1,0,0,0,0,1,UPI_P2P,0
TXN_002640,9730.4,10242.53,0.95,0,0,0,0,1,UPI_P2P,0
TXN_000675,5996.1,15779.22,0.38,0,0,0,0,1,UPI_P2P,0
TXN_002408,11513.61,5535.39,2.08,0,0,0,0,1,UPI_P2M,0
TXN_004488,3192.72,2364.98,1.35,0,0,0,0,2,BILL_PAY,0
TXN_002204,6164.23,10814.43,0.57,0,0,0,0,1,BILL_PAY,0
TXN_002153,2956.43,6569.85,0.45,0,0,0,0,3,UPI_P2M,0
TXN_005592,8398.71,5956.53,1.41,0,0,0,0,1,UPI_P2P,0
TXN_002862,3395.2,5956.5,0.57,0,0,1,0,4,UPI_P2P,0
TXN_001917,6667.16,6472.97,1.03,0,0,0,0,1,UPI_P2M,0
TXN_005499,15560.86,9546.54,1.63,0,0,0,0,1,UPI_P2M,0
TXN_001693,1024.2,519.9,1.97,0,0,0,0,1,UPI_P2M,0
TXN_004608,449.26,483.08,0.93,0,0,0,0,1,UPI_P2M,0
TXN_002431,7059.99,3836.95,1.84,0,0,0,0,1,UPI_P2P,0
TXN_004492,5333.89,3951.03,1.35,0,0,0,0,1,UPI_P2P,0
TXN_002115,1713.99,2596.95,0.66,0,0,0,0,1,UPI_P2M,0
TXN_003109,982.9,982.9,1.0,0,0,0,0,4,UPI_P2M,0
TXN_001844,10051.51,9664.91,1.04,0,0,0,0,3,UPI_P2M,0
TXN_000148,1129.54,875.61,1.29,0,0,0,0,1,UPI_P2M,0
TXN_004380,1506.2,1224.55,1.23,0,0,0,0,1,UPI_P2P,0
TXN_005664,12123.08,2253.36,5.38,0,1,0,1,8,IMPS_WIRE,1
TXN_004222,4485.18,4114.84,1.09,0,0,0,0,1,UPI_P2P,0
TXN_001310,6186.48,6873.87,0.9,0,0,0,0,1,UPI_P2M,0
TXN_002760,1251.72,823.5,1.52,0,0,0,0,1,UPI_P2M,0
TXN_000898,252.53,548.98,0.46,0,0,0,0,1,UPI_P2P,0
TXN_003096,6967.79,4584.07,1.52,0,0,0,0,1,UPI_P2M,0
TXN_003815,14705.88,8500.51,1.73,0,0,0,0,2,UPI_P2P,0
TXN_002945,7014.96,6047.38,1.16,0,0,0,0,1,UPI_P2P,0
TXN_001427,2334.6,1144.41,2.04,0,0,1,0,1,UPI_P2M,0
TXN_002658,3351.59,2889.3,1.16,0,0,0,0,1,UPI_P2P,0
TXN_002796,2219.26,1707.12,1.3,0,1,0,0,1,UPI_P2M,0
TXN_003824,1992.08,2929.53,0.68,0,0,0,0,3,UPI_P2M,0
TXN_003980,358.94,970.1,0.37,0,0,0,0,2,UPI_P2M,0
TXN_002814,2296.3,2417.16,0.95,0,0,0,0,2,UPI_P2M,0
TXN_005924,94339.56,7499.17,12.58,1,1,1,1,4,CRYPTO_ONRAMP,1
TXN_005015,6499.5,4113.61,1.58,0,1,0,0,1,UPI_P2M,0
TXN_001144,11956.55,12856.5,0.93,1,0,1,0,1,UPI_P2P,0
TXN_005306,5348.69,3091.73,1.73,0,0,0,0,1,BILL_PAY,0
TXN_002290,20711.21,13536.74,1.53,0,0,0,0,1,UPI_P2M,0
TXN_001879,1058.69,1114.41,0.95,1,0,1,0,1,UPI_P2P,0
TXN_004998,1671.03,865.82,1.93,0,0,0,0,1,UPI_P2M,0
TXN_005097,926.56,465.61,1.99,0,0,0,0,1,UPI_P2P,0
TXN_003145,14263.63,12296.23,1.16,0,0,0,0,1,UPI_P2P,0
TXN_005643,42904.85,6853.81,6.26,1,1,1,0,4,UPI_P2P,1
TXN_002601,3625.83,1670.89,2.17,0,0,1,0,1,UPI_P2M,0
TXN_001918,2244.86,2550.98,0.88,0,0,0,0,1,UPI_P2P,0
TXN_004275,1017.25,2119.28,0.48,0,0,0,0,1,UPI_P2M,0
TXN_000224,26539.43,15340.71,1.73,0,0,0,0,1,UPI_P2P,0
TXN_005138,11300.24,9339.04,1.21,0,0,0,0,1,IMPS_WIRE,0
TXN_000035,1463.15,671.17,2.18,0,0,0,0,2,UPI_P2P,0
TXN_003462,1692.22,1226.25,1.38,0,0,0,0,2,UPI_P2M,0
TXN_001723,21868.89,14293.39,1.53,0,0,0,0,1,UPI_P2P,0
TXN_001287,2126.61,1757.53,1.21,0,0,0,0,2,UPI_P2M,0
TXN_002116,6302.57,4634.24,1.36,0,0,0,0,1,UPI_P2M,0
TXN_000934,338.23,554.47,0.61,0,0,0,0,1,UPI_P2M,0
TXN_001682,3620.7,4525.88,0.8,0,0,0,0,1,UPI_P2P,0
TXN_000128,1428.03,1050.02,1.36,0,0,1,0,1,UPI_P2M,0
TXN_001031,793.8,625.04,1.27,0,0,0,0,1,IMPS_WIRE,0
TXN_001296,11806.12,6451.43,1.83,0,0,0,0,1,UPI_P2M,0
TXN_004640,217.8,484.01,0.45,0,0,0,0,3,UPI_P2M,0
TXN_002762,4725.2,4038.63,1.17,0,0,0,0,1,BILL_PAY,0
TXN_004835,8390.41,4687.38,1.79,0,0,0,0,1,UPI_P2M,0
TXN_005775,40427.65,2883.57,14.02,1,1,1,1,4,IMPS_WIRE,1
TXN_004950,2515.94,6620.89,0.38,0,0,0,0,1,UPI_P2M,0
TXN_004890,3208.57,2182.7,1.47,0,0,0,0,1,UPI_P2M,0
TXN_005477,578.23,1284.96,0.45,0,0,0,0,2,UPI_P2M,0
TXN_003428,431.08,468.57,0.92,0,0,0,0,2,BILL_PAY,0
TXN_005801,25109.25,1958.6,12.82,1,1,0,0,8,CRYPTO_ONRAMP,1
TXN_002462,7061.66,3584.6,1.97,0,1,0,0,1,UPI_P2P,0
TXN_003683,2716.55,2689.65,1.01,0,0,0,0,2,UPI_P2M,0
TXN_004942,4143.26,1991.95,2.08,0,0,0,0,1,UPI_P2M,0
TXN_001143,770.22,927.98,0.83,0,0,0,0,1,UPI_P2P,0
TXN_001482,3955.18,1831.1,2.16,0,0,0,0,1,UPI_P2P,0
TXN_004319,7066.11,6039.41,1.17,0,0,0,0,1,BILL_PAY,0
TXN_000575,13754.36,7053.52,1.95,0,0,0,0,2,UPI_P2M,0
TXN_002951,5179.71,3894.52,1.33,0,0,0,0,1,IMPS_WIRE,0
TXN_001603,8230.42,4354.72,1.89,0,0,0,0,1,UPI_P2M,0
TXN_005883,23556.75,2195.41,10.73,1,0,0,0,4,UPI_P2P,1
TXN_000977,6105.58,3591.52,1.7,0,0,1,0,1,UPI_P2M,0
TXN_003836,7590.35,5540.4,1.37,0,0,0,0,1,UPI_P2M,0
TXN_002612,1012.5,1043.81,0.97,0,0,0,0,1,UPI_P2M,0
TXN_002210,1171.1,1829.85,0.64,0,0,0,0,1,UPI_P2M,0
TXN_003143,1675.35,1214.02,1.38,0,0,0,0,1,UPI_P2M,0
TXN_000435,15385.27,7326.32,2.1,0,0,1,0,3,UPI_P2M,0
TXN_002330,1893.86,1134.05,1.67,0,0,0,0,2,UPI_P2M,0
TXN_000790,4917.33,3669.65,1.34,0,0,0,0,1,UPI_P2M,0
TXN_002539,2800.05,3733.4,0.75,0,0,0,0,1,UPI_P2M,0
TXN_001358,352.12,404.74,0.87,0,0,0,0,1,UPI_P2M,0
TXN_003469,3054.9,1735.74,1.76,0,0,1,0,1,UPI_P2M,0
TXN_005157,4453.69,11134.23,0.4,0,0,0,0,1,UPI_P2M,0
TXN_005217,4791.7,3993.08,1.2,0,0,1,0,1,UPI_P2P,0
TXN_001985,3716.95,3506.56,1.06,0,0,0,0,4,UPI_P2P,0
TXN_001425,3239.87,3305.99,0.98,0,0,0,0,1,UPI_P2M,0
TXN_000439,7448.35,4805.39,1.55,0,0,0,0,1,UPI_P2M,0
TXN_003258,2135.55,2885.88,0.74,0,0,0,0,1,UPI_P2P,0
TXN_002596,2955.26,1813.04,1.63,0,0,0,0,1,BILL_PAY,0
TXN_002566,4182.04,3267.22,1.28,1,0,0,0,1,UPI_P2M,0
TXN_005192,2767.66,1426.63,1.94,0,0,1,0,1,IMPS_WIRE,0
TXN_000165,1774.18,2304.13,0.77,0,0,0,0,2,IMPS_WIRE,0
TXN_002775,807.5,1441.97,0.56,0,0,0,0,2,UPI_P2M,0
TXN_004135,6008.69,3709.07,1.62,0,0,0,0,1,UPI_P2M,0
TXN_001277,12978.42,6180.2,2.1,0,0,0,0,1,UPI_P2M,0
TXN_003191,4731.33,3611.7,1.31,0,0,1,0,1,UPI_P2M,0
TXN_005716,12179.69,1142.56,10.66,1,0,0,1,4,IMPS_WIRE,1
TXN_002693,5152.89,4057.39,1.27,0,0,0,0,1,UPI_P2M,0
TXN_003834,6485.07,4003.13,1.62,0,0,0,0,1,UPI_P2M,0
TXN_004994,1526.16,1774.61,0.86,0,0,0,0,1,UPI_P2M,0
TXN_000126,1669.34,1620.72,1.03,0,0,0,0,1,UPI_P2P,0
TXN_002809,5880.83,7737.93,0.76,0,0,0,0,1,BILL_PAY,0
TXN_003950,2857.12,1442.99,1.98,0,0,1,0,1,UPI_P2M,0
TXN_002206,210.65,679.52,0.31,0,0,0,0,2,UPI_P2P,0
TXN_000465,3091.22,3912.94,0.79,0,0,0,0,1,IMPS_WIRE,0
TXN_001150,752.1,800.11,0.94,0,0,0,0,1,BILL_PAY,0
TXN_004722,1376.09,1349.11,1.02,0,0,0,0,1,UPI_P2M,0
TXN_003587,3549.75,2063.81,1.72,0,0,0,0,1,UPI_P2M,0
TXN_003393,9746.75,4972.83,1.96,0,0,0,0,1,UPI_P2M,0
TXN_005235,7808.85,6006.81,1.3,0,0,0,0,1,UPI_P2M,0
TXN_003238,9848.16,4780.66,2.06,0,0,0,0,1,UPI_P2M,0
TXN_005270,3986.48,3294.61,1.21,0,0,0,0,1,UPI_P2M,0
TXN_002643,4222.28,2558.96,1.65,0,0,0,0,1,UPI_P2M,0
TXN_004892,9491.89,4563.41,2.08,0,0,0,0,2,UPI_P2P,0
TXN_003396,5736.02,6518.2,0.88,0,1,0,0,1,UPI_P2M,0
TXN_005052,13488.1,14349.04,0.94,0,0,0,0,1,UPI_P2M,0
TXN_002089,6364.47,3458.95,1.84,0,0,0,0,3,BILL_PAY,0
TXN_001679,4706.42,4569.34,1.03,0,0,0,0,1,UPI_P2P,0
TXN_004100,1467.59,3412.99,0.43,0,0,0,0,4,UPI_P2M,0
TXN_004290,788.88,1878.28,0.42,0,0,0,0,1,UPI_P2M,0
TXN_005786,12884.88,1469.2,8.77,1,0,0,0,4,UPI_P2P,1
TXN_003954,1608.78,888.83,1.81,0,0,0,0,1,UPI_P2P,0
TXN_003631,948.01,1436.38,0.66,0,1,0,0,3,UPI_P2M,0
TXN_002405,2687.97,1392.73,1.93,0,0,0,0,1,UPI_P2P,0
TXN_000479,1154.79,2961.01,0.39,0,0,0,0,1,UPI_P2P,0
TXN_003579,3488.89,2956.69,1.18,0,0,0,0,1,UPI_P2P,0
TXN_001127,8031.08,4271.85,1.88,0,0,0,0,2,UPI_P2P,0
TXN_000160,776.43,995.42,0.78,0,0,0,0,1,UPI_P2P,0
TXN_000921,2272.68,2029.18,1.12,0,1,0,0,1,UPI_P2M,0
TXN_001952,7043.69,9030.37,0.78,0,0,0,0,1,UPI_P2M,0
TXN_002076,252.1,840.34,0.3,0,0,0,0,3,UPI_P2P,0
TXN_004739,27377.88,13897.4,1.97,0,0,0,0,1,UPI_P2P,0
TXN_005195,14991.88,7495.94,2.0,0,0,0,0,3,UPI_P2M,0
TXN_000659,5096.85,3015.89,1.69,0,0,0,0,2,UPI_P2M,0
TXN_005971,4344.92,785.7,5.53,1,0,0,0,4,IMPS_WIRE,1
TXN_004499,2230.61,1032.69,2.16,0,0,1,0,2,UPI_P2M,0
TXN_002635,6360.86,7228.25,0.88,0,0,0,0,3,IMPS_WIRE,0
TXN_001870,7429.25,5306.61,1.4,0,0,1,0,1,UPI_P2M,0
TXN_002518,1057.13,1036.4,1.02,0,0,0,0,1,UPI_P2P,0
TXN_000915,5169.12,6010.6,0.86,0,0,0,0,4,UPI_P2M,0
TXN_003604,1519.21,1419.82,1.07,0,0,0,0,1,UPI_P2M,0
TXN_002184,789.15,692.24,1.14,0,0,0,0,1,BILL_PAY,0
TXN_000345,3653.87,5536.16,0.66,0,1,0,0,3,UPI_P2P,0
TXN_004071,1391.52,848.49,1.64,0,0,0,0,2,UPI_P2M,0
TXN_003605,3784.76,2091.03,1.81,0,0,0,0,1,UPI_P2P,0
TXN_003588,907.69,756.41,1.2,0,0,0,0,1,UPI_P2P,0
TXN_003236,7769.46,4154.79,1.87,0,0,0,0,4,UPI_P2M,0
TXN_000528,21376.55,22037.68,0.97,0,0,1,0,1,UPI_P2M,0
TXN_000314,4425.77,2573.12,1.72,0,0,0,0,2,UPI_P2M,0
TXN_002689,3236.75,3407.11,0.95,0,0,0,0,1,UPI_P2M,0
TXN_001904,2280.0,2375.0,0.96,0,0,0,0,1,UPI_P2P,0
TXN_005942,4443.56,1057.99,4.2,1,0,1,0,4,CRYPTO_ONRAMP,1
TXN_005236,6472.38,3371.03,1.92,0,0,0,0,1,UPI_P2M,0
TXN_000892,3875.02,2566.24,1.51,0,0,0,0,1,UPI_P2M,0
TXN_000261,3627.15,3556.03,1.02,0,0,0,0,2,UPI_P2P,0
TXN_001520,831.55,644.61,1.29,0,0,0,0,1,UPI_P2M,0
TXN_005420,4899.82,4083.18,1.2,0,0,0,0,1,BILL_PAY,0
TXN_003013,586.29,732.86,0.8,0,0,1,0,1,UPI_P2M,0
TXN_004651,1832.94,1478.18,1.24,0,0,0,0,2,BILL_PAY,0
TXN_004357,4682.6,4218.56,1.11,0,0,1,0,1,UPI_P2P,0
TXN_002012,8051.64,4305.69,1.87,0,0,1,0,1,UPI_P2P,0
TXN_005718,52836.2,5602.99,9.43,1,1,0,0,4,IMPS_WIRE,1
TXN_004534,1792.7,1422.78,1.26,0,0,0,0,1,UPI_P2M,0
TXN_003478,6262.31,6390.11,0.98,0,0,0,0,3,UPI_P2M,0
TXN_004373,3709.19,2943.8,1.26,0,0,0,0,1,UPI_P2M,0
TXN_003643,1531.4,1215.4,1.26,0,0,0,0,1,BILL_PAY,0
TXN_003759,1181.51,1575.35,0.75,0,0,0,0,1,UPI_P2P,0
TXN_002271,1356.65,1059.88,1.28,0,0,0,0,2,UPI_P2P,0
TXN_005243,1103.01,577.49,1.91,0,0,0,0,1,UPI_P2P,0
TXN_005780,11533.55,891.31,12.94,1,1,0,0,8,UPI_P2P,1
TXN_003107,2127.74,2193.55,0.97,0,0,0,0,1,UPI_P2M,0
TXN_005128,3193.13,9978.54,0.32,0,0,0,0,1,UPI_P2P,0
TXN_004568,7621.94,5645.88,1.35,0,0,0,0,1,UPI_P2P,0
TXN_003280,11228.96,5321.78,2.11,0,0,0,0,1,UPI_P2M,0
TXN_002142,500.14,1219.85,0.41,0,0,0,0,2,UPI_P2M,0
TXN_002912,7969.21,4715.51,1.69,0,0,0,0,1,UPI_P2M,0
TXN_000315,414.03,530.81,0.78,0,0,0,0,1,UPI_P2M,0
TXN_003830,4056.2,2668.55,1.52,0,0,0,0,1,UPI_P2M,0
TXN_003256,1052.75,588.13,1.79,0,0,0,0,1,UPI_P2P,0
TXN_003849,3659.67,2273.09,1.61,0,1,0,0,1,UPI_P2M,0
TXN_004935,5581.16,8858.98,0.63,0,0,0,0,2,UPI_P2M,0
TXN_005075,7519.78,7230.56,1.04,0,0,0,0,1,UPI_P2P,0
TXN_002691,1624.57,1289.34,1.26,0,0,0,0,1,UPI_P2M,0
TXN_000535,1642.81,1932.72,0.85,0,0,0,0,1,UPI_P2P,0
TXN_004410,3241.19,3411.78,0.95,0,0,1,0,2,UPI_P2M,0
TXN_002837,3582.12,3980.13,0.9,0,0,0,0,1,UPI_P2M,0
TXN_003712,2324.1,2132.2,1.09,0,0,0,0,1,UPI_P2M,0
TXN_003093,874.36,477.79,1.83,0,0,0,0,1,UPI_P2P,0
TXN_004334,3006.02,4696.91,0.64,1,0,0,0,1,UPI_P2M,0
TXN_001464,13350.21,6152.17,2.17,0,0,0,0,1,UPI_P2P,0
TXN_002445,788.67,489.86,1.61,0,0,0,0,1,UPI_P2P,0
TXN_000951,1000.62,3227.81,0.31,1,0,0,0,1,UPI_P2M,0
TXN_002782,1220.69,1470.71,0.83,0,0,0,0,1,UPI_P2P,0
TXN_004970,13182.46,7664.22,1.72,0,0,0,0,1,UPI_P2P,0
TXN_004191,1817.9,2932.1,0.62,0,0,0,0,1,UPI_P2P,0
TXN_002805,2908.98,2486.31,1.17,0,0,0,0,2,UPI_P2M,0
TXN_000602,435.25,478.3,0.91,0,0,0,0,3,UPI_P2M,0
TXN_004438,4819.34,9449.69,0.51,0,0,0,0,3,UPI_P2M,0
TXN_005754,40635.27,6946.2,5.85,1,1,0,1,8,CRYPTO_ONRAMP,1
TXN_005185,5249.86,3620.59,1.45,0,0,0,0,1,UPI_P2P,0
TXN_000194,998.19,1559.67,0.64,0,1,0,0,1,BILL_PAY,0
TXN_000546,15927.35,10410.03,1.53,0,0,0,0,3,UPI_P2M,0
TXN_001243,5559.93,2574.04,2.16,0,0,0,0,2,UPI_P2M,0
TXN_002340,6568.31,4378.87,1.5,0,0,0,0,1,UPI_P2M,0
TXN_001865,1461.3,1021.89,1.43,0,0,0,0,1,UPI_P2M,0
TXN_003053,559.3,873.91,0.64,0,1,0,0,2,UPI_P2M,0
TXN_005986,5995.65,799.42,7.5,1,1,1,0,8,UPI_P2P,1
TXN_001501,7799.49,4309.11,1.81,0,0,0,0,1,UPI_P2M,0
TXN_001378,7761.99,9131.75,0.85,0,0,0,0,2,UPI_P2M,0
TXN_000961,1414.58,4563.15,0.31,0,0,0,0,1,BILL_PAY,0
TXN_000500,12536.98,10901.72,1.15,0,0,0,0,2,UPI_P2P,0
TXN_000817,7650.44,4226.76,1.81,0,0,0,0,1,UPI_P2P,0
TXN_000453,4630.3,2315.15,2.0,0,0,0,0,2,UPI_P2M,0
TXN_001198,7803.41,8128.55,0.96,0,0,0,0,1,UPI_P2M,0
TXN_002577,15281.5,8782.47,1.74,0,0,0,0,3,UPI_P2M,0
TXN_000050,245.06,490.12,0.5,0,0,0,0,1,UPI_P2M,0
TXN_004664,3726.6,5323.71,0.7,0,0,0,0,1,UPI_P2P,0
TXN_000008,716.55,1102.38,0.65,0,0,0,0,2,UPI_P2P,0
TXN_004039,5204.87,3691.4,1.41,0,0,0,0,2,UPI_P2M,0
TXN_003747,2535.93,1837.63,1.38,0,0,0,0,1,UPI_P2M,0
TXN_004557,3679.32,3118.07,1.18,0,0,0,0,1,UPI_P2P,0
TXN_000086,1439.29,4361.48,0.33,0,0,1,0,2,UPI_P2P,0
TXN_003297,4024.11,2095.89,1.92,0,0,0,0,1,BILL_PAY,0
TXN_000185,499.94,1162.64,0.43,0,0,0,0,3,UPI_P2P,0
TXN_003567,2619.45,4294.18,0.61,0,0,0,0,1,UPI_P2P,0
TXN_005923,60910.37,12558.84,4.85,1,1,0,0,6,CRYPTO_ONRAMP,1
TXN_001480,2783.54,1521.06,1.83,0,0,0,0,1,UPI_P2M,0
TXN_005813,4289.85,868.39,4.94,1,1,0,1,4,CRYPTO_ONRAMP,1
TXN_004870,2578.7,1707.75,1.51,0,0,0,0,1,BILL_PAY,0
TXN_000428,794.35,1203.56,0.66,0,0,0,0,1,UPI_P2M,0
TXN_004548,5722.81,2919.8,1.96,0,0,0,0,1,UPI_P2M,0
TXN_001252,7171.41,3382.74,2.12,0,0,0,0,1,IMPS_WIRE,0
TXN_001257,3151.82,2481.75,1.27,0,0,0,0,2,UPI_P2M,0
TXN_005537,782.92,2007.49,0.39,1,0,0,0,3,UPI_P2P,0
TXN_002967,3049.6,1398.9,2.18,0,0,0,0,1,UPI_P2M,0
TXN_000873,2762.93,2283.41,1.21,0,0,0,0,1,UPI_P2M,0
TXN_001048,2868.2,1584.64,1.81,0,0,0,0,3,UPI_P2M,0
TXN_002030,17707.51,8122.71,2.18,0,0,0,0,3,UPI_P2M,0
TXN_002721,1816.73,2558.78,0.71,0,0,1,0,3,UPI_P2M,0
TXN_001276,969.71,1901.39,0.51,0,0,0,0,2,UPI_P2M,0
TXN_002639,963.57,1036.1,0.93,0,0,0,0,3,UPI_P2P,0
TXN_000769,1748.19,1099.49,1.59,0,0,0,0,1,UPI_P2M,0
TXN_005379,1913.22,1105.91,1.73,0,0,0,0,1,UPI_P2P,0
TXN_000085,774.89,545.7,1.42,0,0,0,0,1,UPI_P2M,0
TXN_000526,9970.61,7669.7,1.3,0,0,0,0,3,UPI_P2M,0
TXN_002723,451.55,664.04,0.68,0,0,0,0,3,UPI_P2M,0
TXN_000859,985.46,608.31,1.62,0,0,0,0,2,UPI_P2M,0
TXN_000045,9645.46,8037.88,1.2,0,0,0,0,2,UPI_P2M,0
TXN_005595,2380.81,1566.32,1.52,0,0,0,0,1,UPI_P2P,0
TXN_005199,4381.22,2863.54,1.53,0,0,0,0,1,UPI_P2M,0
TXN_005557,569.0,508.04,1.12,0,0,0,0,1,UPI_P2M,0
TXN_002351,618.97,1406.76,0.44,1,0,0,0,1,UPI_P2M,0
TXN_005305,10195.71,5228.57,1.95,0,0,0,0,1,UPI_P2M,0
TXN_002327,5077.58,2658.42,1.91,0,1,0,0,1,UPI_P2M,0
TXN_001154,1056.81,718.92,1.47,0,0,0,0,1,UPI_P2P,0
TXN_000264,1865.84,2275.42,0.82,0,0,0,0,1,UPI_P2P,0
TXN_003111,9849.95,6006.07,1.64,0,1,0,0,1,UPI_P2P,0
TXN_005009,322.57,424.44,0.76,0,0,0,0,2,IMPS_WIRE,0
TXN_004838,3047.95,2177.11,1.4,1,0,0,0,1,UPI_P2M,0
TXN_005616,8706.36,5963.26,1.46,0,0,0,0,2,UPI_P2M,0
TXN_003247,1598.61,2251.56,0.71,0,0,0,0,1,UPI_P2M,0
TXN_002628,8900.98,7356.18,1.21,0,0,0,0,2,UPI_P2P,0
TXN_001826,5867.62,5535.49,1.06,0,0,0,0,1,UPI_P2M,0
TXN_005646,23588.69,3157.79,7.47,1,0,0,1,8,IMPS_WIRE,1
TXN_001928,1887.38,4194.18,0.45,0,0,0,0,1,UPI_P2P,0
TXN_005743,8708.13,1042.89,8.35,1,1,0,0,6,UPI_P2P,1
TXN_004053,8777.71,6053.59,1.45,0,0,0,0,2,UPI_P2M,0
TXN_001740,2911.18,2746.4,1.06,0,0,0,0,2,UPI_P2P,0
TXN_000257,19200.79,9846.56,1.95,1,0,0,0,1,UPI_P2P,0
TXN_001732,5668.6,3936.53,1.44,0,0,0,0,1,UPI_P2P,0
TXN_001073,4891.43,2629.8,1.86,0,0,0,0,2,UPI_P2M,0
TXN_002121,4557.94,4340.9,1.05,0,0,0,0,1,UPI_P2M,0
TXN_004059,3797.71,4996.99,0.76,0,0,0,0,1,UPI_P2P,0
TXN_000187,1195.55,747.22,1.6,0,0,0,0,1,UPI_P2M,0
TXN_004864,4431.12,6421.92,0.69,0,0,0,0,1,UPI_P2P,0
TXN_000358,3936.42,1901.65,2.07,0,0,0,0,1,UPI_P2M,0
TXN_002229,2577.75,4522.37,0.57,0,0,0,0,1,IMPS_WIRE,0
TXN_000098,1775.19,1849.16,0.96,0,0,0,0,1,UPI_P2P,0
TXN_001036,6898.73,5347.85,1.29,0,1,0,0,1,UPI_P2M,0
TXN_005165,5421.32,2765.98,1.96,0,0,0,0,1,UPI_P2P,0
TXN_000311,779.75,1113.93,0.7,0,0,0,0,1,UPI_P2M,0
TXN_001248,3603.25,2905.85,1.24,1,0,0,0,1,UPI_P2M,0
TXN_005504,7860.89,3990.3,1.97,0,0,0,0,3,UPI_P2P,0
TXN_002052,2003.64,3180.38,0.63,0,0,0,0,1,UPI_P2M,0
TXN_000278,8265.39,7724.66,1.07,0,0,0,0,1,UPI_P2P,0
TXN_000529,5831.42,5501.34,1.06,1,0,0,0,1,UPI_P2P,0
TXN_000183,10643.45,10333.45,1.03,0,0,0,0,2,UPI_P2P,0
TXN_000154,2677.24,2942.02,0.91,0,0,0,0,1,IMPS_WIRE,0
TXN_002776,1497.72,1454.1,1.03,0,1,0,0,1,UPI_P2M,0
TXN_000380,14852.81,8251.56,1.8,0,0,0,0,1,UPI_P2M,0
TXN_002930,663.56,470.61,1.41,0,0,0,0,1,UPI_P2M,0
TXN_001525,1739.19,2173.99,0.8,0,0,1,0,1,UPI_P2M,0
TXN_002242,4446.19,3221.88,1.38,0,0,0,0,1,UPI_P2M,0
TXN_005034,7614.2,4401.27,1.73,0,0,0,0,1,UPI_P2P,0
TXN_001711,8133.88,5458.98,1.49,0,0,0,0,3,UPI_P2P,0
TXN_002888,504.84,499.84,1.01,1,0,0,0,1,UPI_P2M,0
TXN_004969,4198.51,2640.57,1.59,0,0,0,0,1,IMPS_WIRE,0
TXN_004002,1542.19,752.29,2.05,1,0,1,0,2,UPI_P2M,0
TXN_003282,1555.25,1110.89,1.4,0,0,0,0,1,BILL_PAY,0
TXN_002087,3216.19,2455.11,1.31,0,1,0,0,1,BILL_PAY,0
TXN_000392,1358.68,1415.29,0.96,0,0,0,0,1,UPI_P2P,0
TXN_004961,3001.54,1539.25,1.95,1,0,0,0,2,UPI_P2P,0
TXN_005689,41367.52,4591.29,9.01,1,1,0,1,8,CRYPTO_ONRAMP,1
TXN_004543,1007.05,1798.3,0.56,0,0,0,0,1,BILL_PAY,0
TXN_000110,7775.06,4070.71,1.91,0,0,0,0,2,UPI_P2M,0
TXN_000108,3569.22,4758.96,0.75,0,0,0,0,2,UPI_P2M,0
TXN_003402,1494.92,1266.88,1.18,0,0,0,0,1,UPI_P2P,0
TXN_004000,4383.78,8767.57,0.5,0,0,0,0,2,UPI_P2M,0
TXN_005736,4372.85,681.13,6.42,1,1,1,1,8,IMPS_WIRE,1
TXN_003640,7788.57,5371.43,1.45,0,0,0,0,3,UPI_P2M,0
TXN_005603,17375.5,8517.4,2.04,0,0,0,0,1,UPI_P2M,0
TXN_003201,8780.03,4434.36,1.98,0,0,0,0,1,UPI_P2P,0
TXN_001370,5243.52,11917.09,0.44,0,0,1,0,1,UPI_P2M,0
TXN_003142,9008.74,5426.95,1.66,0,0,0,0,2,UPI_P2M,0
TXN_002999,4985.1,2848.63,1.75,1,0,0,0,1,UPI_P2M,0
TXN_001770,1815.63,4322.94,0.42,0,0,0,0,1,BILL_PAY,0
TXN_003345,1383.56,3144.46,0.44,0,0,0,0,1,UPI_P2P,0
TXN_000221,1541.33,710.29,2.17,0,0,0,0,1,UPI_P2P,0
TXN_000987,1940.79,1516.24,1.28,0,0,0,0,1,UPI_P2M,0
TXN_000664,1986.53,1103.63,1.8,0,0,0,0,1,UPI_P2P,0
TXN_001650,3747.18,2047.64,1.83,0,0,0,0,1,UPI_P2P,0
TXN_002064,9206.42,4384.01,2.1,0,0,0,0,2,UPI_P2M,0
TXN_002192,4671.99,3385.5,1.38,0,0,0,0,2,UPI_P2P,0
TXN_004375,422.21,861.65,0.49,0,0,0,0,1,UPI_P2M,0
TXN_003677,3724.24,2800.18,1.33,0,0,0,0,1,UPI_P2M,0
TXN_000431,6529.65,5629.01,1.16,0,0,1,0,1,UPI_P2M,0
TXN_000978,47235.66,22819.16,2.07,0,0,0,0,1,UPI_P2P,0
TXN_000844,11516.26,9362.81,1.23,0,0,0,0,1,UPI_P2M,0
TXN_003446,5146.46,2560.43,2.01,0,0,0,0,1,UPI_P2P,0
TXN_002484,20531.29,12368.25,1.66,0,0,0,0,1,UPI_P2M,0
TXN_001253,603.37,1183.08,0.51,0,0,0,0,2,UPI_P2M,0
TXN_000360,1461.09,864.55,1.69,0,0,0,0,1,UPI_P2P,0
TXN_000289,1970.99,956.79,2.06,0,0,0,0,1,UPI_P2P,0
TXN_004788,1949.53,2073.97,0.94,0,0,0,0,1,UPI_P2M,0
TXN_003346,4163.77,5864.46,0.71,0,0,0,0,1,UPI_P2M,0
TXN_003651,989.56,883.54,1.12,0,0,0,0,2,UPI_P2M,0
TXN_005546,20067.56,11087.05,1.81,0,0,0,0,1,UPI_P2M,0
TXN_003509,615.04,1366.75,0.45,1,0,0,0,1,UPI_P2P,0
TXN_003103,1536.57,731.7,2.1,0,0,1,0,2,UPI_P2M,0
TXN_001001,1125.69,1461.94,0.77,0,0,0,0,1,UPI_P2M,0
TXN_001734,3965.04,2525.5,1.57,0,0,0,0,1,BILL_PAY,0
TXN_002382,4093.77,5316.59,0.77,0,0,0,0,2,UPI_P2P,0
TXN_005447,6627.83,6694.78,0.99,0,0,0,0,1,UPI_P2M,0
TXN_003705,1539.17,1076.34,1.43,0,0,0,0,1,UPI_P2P,0
TXN_003726,3492.42,3090.64,1.13,0,0,0,0,1,BILL_PAY,0
TXN_000661,836.04,1393.4,0.6,0,0,0,0,1,BILL_PAY,0
TXN_004561,9636.51,8097.91,1.19,0,0,0,0,1,UPI_P2P,0
TXN_000492,349.59,794.52,0.44,0,0,0,0,2,UPI_P2P,0
TXN_003364,864.96,1840.33,0.47,0,0,0,0,3,UPI_P2P,0
TXN_000570,3850.55,2692.69,1.43,0,0,0,0,2,UPI_P2M,0
TXN_005260,8383.71,5112.02,1.64,0,0,0,0,3,UPI_P2M,0
TXN_005168,1856.36,1037.07,1.79,0,0,0,0,3,UPI_P2M,0
TXN_005703,61573.4,5989.63,10.28,1,0,1,0,8,IMPS_WIRE,1
TXN_004436,5013.45,9115.36,0.55,0,0,1,0,4,UPI_P2P,0
TXN_004623,5659.08,2774.06,2.04,0,0,0,0,1,UPI_P2M,0
TXN_003039,2348.83,1766.04,1.33,0,0,0,0,1,UPI_P2M,0
TXN_004758,2522.16,3821.46,0.66,0,0,0,0,1,UPI_P2P,0
TXN_004223,1759.92,1093.12,1.61,0,0,0,0,1,BILL_PAY,0
TXN_001259,565.74,467.55,1.21,0,0,0,0,1,UPI_P2M,0
TXN_003526,10101.42,7770.32,1.3,0,0,0,0,4,UPI_P2M,0
TXN_004682,1542.35,2302.02,0.67,0,0,0,0,2,UPI_P2M,0
TXN_000943,1192.44,1010.54,1.18,1,0,0,0,1,UPI_P2M,0
TXN_004977,1648.62,2113.61,0.78,0,0,0,0,2,UPI_P2M,0
TXN_005087,2218.62,2919.24,0.76,0,0,0,0,1,UPI_P2P,0
TXN_003897,3635.31,2360.59,1.54,0,0,0,0,1,UPI_P2M,0
TXN_004125,16297.66,8954.76,1.82,0,0,0,0,1,UPI_P2P,0
TXN_005006,13524.6,8002.72,1.69,1,0,0,0,1,IMPS_WIRE,0
TXN_003343,1500.21,4546.1,0.33,0,0,0,0,2,UPI_P2P,0
TXN_004857,1053.59,1443.27,0.73,0,0,0,0,1,UPI_P2M,0
TXN_004726,3699.92,2483.17,1.49,0,0,0,0,1,UPI_P2M,0
TXN_005213,10857.57,5714.51,1.9,0,0,0,0,3,UPI_P2M,0
TXN_004770,744.04,520.31,1.43,0,0,0,0,1,UPI_P2M,0
TXN_000259,3777.92,2053.22,1.84,0,0,0,0,1,UPI_P2M,0
TXN_001808,941.25,2002.66,0.47,0,0,0,0,2,UPI_P2M,0
TXN_005293,2767.22,3040.9,0.91,0,0,0,0,2,IMPS_WIRE,0
TXN_004798,1482.41,1467.73,1.01,0,0,0,0,1,BILL_PAY,0
TXN_000574,9281.83,5988.28,1.55,0,0,0,0,1,UPI_P2P,0
TXN_005367,7803.69,5344.99,1.46,0,0,0,0,1,UPI_P2P,0
TXN_002233,4555.6,4338.67,1.05,0,0,0,0,2,UPI_P2M,0
TXN_003382,862.86,1027.21,0.84,0,0,0,0,1,UPI_P2M,0
TXN_002595,8316.78,10142.42,0.82,0,0,0,0,1,UPI_P2M,0
TXN_004688,519.72,674.96,0.77,0,0,0,0,1,UPI_P2M,0
TXN_000707,615.12,1500.29,0.41,0,0,0,0,1,UPI_P2P,0
TXN_004783,1964.97,2068.39,0.95,0,0,0,0,1,UPI_P2M,0
TXN_005480,6240.33,3250.17,1.92,0,0,0,0,1,UPI_P2M,0
TXN_003619,7262.19,3724.2,1.95,0,0,1,0,2,UPI_P2P,0
TXN_005056,542.98,1467.52,0.37,0,0,0,0,1,UPI_P2M,0
TXN_002906,2251.57,1037.59,2.17,0,0,0,0,2,UPI_P2P,0
TXN_005657,33260.36,2375.74,14.0,1,1,1,1,4,IMPS_WIRE,1
TXN_005022,1756.66,1291.66,1.36,0,0,0,0,2,UPI_P2M,0
TXN_001910,7762.59,6415.36,1.21,0,0,0,0,1,BILL_PAY,0
TXN_003318,3731.53,3969.71,0.94,0,0,0,0,1,UPI_P2M,0
TXN_004416,2020.12,1870.48,1.08,0,0,0,0,1,BILL_PAY,0
TXN_005907,6731.42,1146.75,5.87,1,1,1,1,6,CRYPTO_ONRAMP,1
TXN_003455,8631.3,7074.84,1.22,0,0,0,0,1,UPI_P2P,0
TXN_001995,3589.62,1840.83,1.95,0,0,0,0,2,BILL_PAY,0
TXN_002876,2506.54,1377.22,1.82,0,0,0,0,1,BILL_PAY,0
TXN_003548,2780.11,1944.13,1.43,0,0,1,0,1,UPI_P2M,0
TXN_001720,19908.6,9617.68,2.07,0,0,0,0,1,UPI_P2M,0
TXN_004535,279.62,508.4,0.55,0,1,0,0,3,UPI_P2P,0
TXN_001069,1165.39,689.58,1.69,1,0,0,0,1,IMPS_WIRE,0
TXN_005824,15059.98,1803.59,8.35,0,1,1,0,6,CRYPTO_ONRAMP,1
TXN_000577,7289.4,4584.53,1.59,0,0,0,0,2,UPI_P2P,0
TXN_000584,8374.05,6646.07,1.26,0,0,0,0,1,UPI_P2M,0
TXN_005054,1853.63,1459.55,1.27,1,0,0,0,2,UPI_P2M,0
TXN_004228,6013.79,10550.51,0.57,0,0,0,0,2,UPI_P2P,0
TXN_005238,5401.55,4780.13,1.13,0,0,0,0,1,UPI_P2P,0
TXN_000973,7474.25,5839.26,1.28,0,0,0,0,1,UPI_P2M,0
TXN_005469,5859.88,8617.47,0.68,0,0,0,0,1,UPI_P2M,0
TXN_005357,17950.13,10257.22,1.75,1,0,0,0,1,UPI_P2M,0
TXN_001032,7191.91,6146.93,1.17,0,0,0,0,2,BILL_PAY,0
TXN_000125,23036.29,11998.07,1.92,0,0,0,0,1,UPI_P2M,0
TXN_003007,17390.69,13912.55,1.25,0,0,0,0,1,UPI_P2M,0
TXN_001373,6779.75,3808.85,1.78,0,0,0,0,2,BILL_PAY,0
TXN_003496,8112.79,10674.72,0.76,0,0,0,0,2,UPI_P2M,0
TXN_000041,10892.58,7359.85,1.48,0,0,0,0,1,UPI_P2M,0
TXN_005583,2354.0,1796.95,1.31,0,0,0,0,1,UPI_P2P,0
TXN_003008,4366.73,2524.12,1.73,0,0,0,0,1,UPI_P2P,0
TXN_005628,3785.11,1793.89,2.11,0,1,0,0,1,BILL_PAY,0
TXN_003098,2712.58,4520.97,0.6,0,0,0,0,1,UPI_P2M,0
TXN_001647,2828.4,2126.62,1.33,0,0,1,0,4,UPI_P2P,0
TXN_005685,24504.69,1789.97,13.69,1,1,0,0,4,CRYPTO_ONRAMP,1
TXN_001757,24714.98,13359.45,1.85,0,0,0,0,1,UPI_P2M,0
TXN_004989,5122.81,2724.9,1.88,0,0,0,0,1,UPI_P2M,0
TXN_003525,1480.64,1203.77,1.23,0,0,0,0,1,UPI_P2M,0
TXN_005292,3560.18,2637.17,1.35,0,0,0,0,1,UPI_P2P,0
TXN_005162,3955.87,11302.49,0.35,0,0,0,0,1,UPI_P2M,0
TXN_005312,7552.19,3738.71,2.02,0,0,0,0,1,UPI_P2P,0
TXN_001404,3267.1,5355.9,0.61,0,0,0,0,1,UPI_P2M,0
TXN_001265,948.55,431.16,2.2,0,0,0,0,1,UPI_P2M,0
TXN_004768,2618.35,2296.8,1.14,0,0,1,0,2,UPI_P2M,0
TXN_001683,15391.46,10193.02,1.51,0,0,0,0,2,UPI_P2M,0
TXN_002444,2991.79,1869.87,1.6,0,0,0,0,4,UPI_P2P,0
TXN_005930,62617.5,5213.78,12.01,1,1,1,1,6,UPI_P2P,1
TXN_004518,4207.92,2519.71,1.67,0,0,0,0,1,UPI_P2P,0
TXN_003755,7588.7,3666.04,2.07,0,1,0,0,1,UPI_P2M,0
TXN_003785,2373.29,6414.29,0.37,0,0,0,0,2,UPI_P2M,0
TXN_002884,610.66,1420.15,0.43,0,0,0,0,2,UPI_P2M,0
TXN_004455,6995.86,3223.9,2.17,0,0,0,0,2,UPI_P2M,0
TXN_004924,6992.91,6992.91,1.0,0,0,0,0,1,UPI_P2M,0
TXN_000450,205.07,445.81,0.46,0,0,0,0,1,UPI_P2M,0
TXN_001452,436.04,400.04,1.09,0,0,0,0,1,UPI_P2P,0
TXN_002822,1713.29,1784.68,0.96,0,0,0,0,1,IMPS_WIRE,0
TXN_005259,5039.52,3789.11,1.33,0,0,0,0,2,UPI_P2M,0
TXN_000853,1213.15,2426.31,0.5,1,0,0,0,3,UPI_P2M,0
TXN_005431,10310.19,10852.83,0.95,1,0,0,0,1,IMPS_WIRE,0
TXN_002384,3465.7,7220.2,0.48,0,0,0,0,3,UPI_P2M,0
TXN_000395,5396.33,2569.68,2.1,0,0,0,0,1,UPI_P2P,0
TXN_001205,18432.96,15890.48,1.16,0,1,0,0,1,UPI_P2M,0
TXN_004759,4372.63,2618.34,1.67,0,1,0,0,1,UPI_P2P,0
TXN_005446,3370.06,7170.33,0.47,0,0,0,0,2,BILL_PAY,0
TXN_002509,498.99,548.34,0.91,0,0,0,0,1,UPI_P2M,0
TXN_001342,460.85,451.81,1.02,0,0,0,0,1,UPI_P2M,0
TXN_003042,1625.97,2058.19,0.79,0,0,0,0,2,UPI_P2P,0
TXN_000142,983.17,2048.28,0.48,0,0,0,0,1,UPI_P2M,0
TXN_002900,7362.3,12069.34,0.61,0,0,0,0,2,UPI_P2P,0
TXN_005456,646.92,420.08,1.54,0,0,0,0,1,IMPS_WIRE,0
TXN_004679,4097.16,6716.66,0.61,0,0,0,0,1,UPI_P2P,0
TXN_003466,841.31,1752.72,0.48,0,0,0,0,1,UPI_P2M,0
TXN_003347,7971.06,4355.77,1.83,0,0,1,0,3,BILL_PAY,0
TXN_000804,1173.94,645.02,1.82,0,0,0,0,2,UPI_P2P,0
TXN_000413,6351.08,3098.09,2.05,0,0,0,0,1,UPI_P2M,0
TXN_005773,19684.52,2296.91,8.57,1,1,1,0,12,CRYPTO_ONRAMP,1
TXN_005025,11617.31,5353.6,2.17,0,0,0,0,1,UPI_P2M,0
TXN_005652,15581.32,2885.43,5.4,1,0,0,1,6,IMPS_WIRE,1
TXN_001519,5140.45,2379.84,2.16,1,0,0,0,1,UPI_P2M,0
TXN_005118,8435.94,6025.67,1.4,0,0,0,0,1,UPI_P2M,0
TXN_004826,967.2,1585.58,0.61,0,0,0,0,1,UPI_P2P,0
TXN_004174,2244.25,6234.04,0.36,0,0,0,0,2,UPI_P2M,0
TXN_004614,4384.29,2203.16,1.99,0,0,0,0,1,BILL_PAY,0
TXN_001139,6505.97,5163.47,1.26,0,0,0,0,2,UPI_P2P,0
TXN_001471,2129.98,1479.15,1.44,0,0,0,0,1,UPI_P2P,0
TXN_005248,2303.37,3715.12,0.62,0,0,0,0,3,UPI_P2P,0
TXN_001145,1810.68,2702.51,0.67,1,0,0,0,2,UPI_P2P,0
TXN_005608,5190.04,6740.31,0.77,0,0,0,0,2,UPI_P2M,0
TXN_001054,14567.39,7211.58,2.02,0,0,0,0,1,BILL_PAY,0
TXN_003372,6509.51,3355.42,1.94,0,0,0,0,1,UPI_P2M,0
TXN_003200,4695.96,2433.14,1.93,0,0,0,0,1,UPI_P2M,0
TXN_002503,3539.73,7531.35,0.47,0,0,0,0,1,UPI_P2P,0
TXN_004903,5890.5,3272.5,1.8,0,0,0,0,2,UPI_P2M,0
TXN_001469,8050.41,5709.51,1.41,0,0,0,0,1,UPI_P2P,0
TXN_005963,20453.54,1553.04,13.17,0,1,1,1,8,CRYPTO_ONRAMP,1
TXN_003736,2353.67,6361.28,0.37,0,1,0,0,3,UPI_P2M,0
TXN_004261,2783.05,2507.25,1.11,0,0,0,0,1,UPI_P2M,0
TXN_005088,467.51,1113.11,0.42,0,0,0,0,1,UPI_P2P,0
TXN_000048,6892.68,5558.61,1.24,0,0,0,0,1,UPI_P2P,0
TXN_005650,24160.06,3775.01,6.4,1,1,1,1,6,IMPS_WIRE,1
TXN_002240,4938.7,3553.02,1.39,0,0,0,0,1,UPI_P2M,0
TXN_000974,1409.75,2430.61,0.58,0,1,0,0,1,UPI_P2M,0
TXN_003900,1064.87,1331.09,0.8,0,0,0,0,3,UPI_P2P,0
TXN_005540,1660.5,892.74,1.86,0,0,0,0,1,BILL_PAY,0
TXN_000514,13932.4,7332.84,1.9,0,0,0,0,1,UPI_P2P,0
TXN_001699,12431.66,6508.72,1.91,0,0,0,0,1,UPI_P2M,0
TXN_002886,6529.83,3910.08,1.67,0,0,0,0,1,BILL_PAY,0
TXN_001705,519.62,1367.43,0.38,0,0,0,0,1,UPI_P2M,0
TXN_002067,6292.16,4194.77,1.5,0,0,0,0,1,UPI_P2M,0
TXN_001548,1787.33,1131.22,1.58,0,0,1,0,1,UPI_P2M,0
TXN_001869,7258.37,4195.59,1.73,0,0,0,0,1,UPI_P2P,0
TXN_001420,5463.74,5409.64,1.01,0,0,0,0,1,UPI_P2M,0
TXN_004225,1498.93,837.39,1.79,0,0,1,0,1,BILL_PAY,0
TXN_004347,471.01,1471.92,0.32,0,1,0,0,2,UPI_P2M,0
TXN_001637,6466.27,4898.69,1.32,0,0,0,0,1,BILL_PAY,0
TXN_003740,8720.23,7582.81,1.15,0,0,0,0,1,UPI_P2P,0
TXN_003246,3167.11,3640.36,0.87,0,0,0,0,2,UPI_P2M,0
TXN_004725,1607.33,1766.3,0.91,0,0,0,0,4,UPI_P2M,0
TXN_004667,4045.22,2436.88,1.66,0,0,0,0,2,UPI_P2P,0
TXN_002367,10106.59,4906.11,2.06,0,0,0,0,1,UPI_P2P,0
TXN_002698,4878.95,4830.64,1.01,0,0,0,0,1,UPI_P2M,0
TXN_001158,9721.83,17676.06,0.55,0,0,0,0,1,UPI_P2M,0
TXN_004171,8684.02,6432.61,1.35,0,0,0,0,1,UPI_P2M,0
TXN_004434,3143.45,2294.49,1.37,0,0,0,0,1,BILL_PAY,0
TXN_003697,8206.89,6217.34,1.32,0,0,0,0,1,BILL_PAY,0
TXN_005867,14536.64,1599.19,9.09,1,0,1,0,4,CRYPTO_ONRAMP,1
TXN_005730,99472.12,7564.42,13.15,1,1,0,1,6,IMPS_WIRE,1
TXN_002260,396.04,1164.83,0.34,0,0,0,0,2,UPI_P2M,0
TXN_002288,4801.54,5394.99,0.89,0,0,0,0,2,UPI_P2P,0
TXN_005433,1527.98,714.01,2.14,0,0,0,0,1,UPI_P2P,0
TXN_000026,22345.93,12624.82,1.77,0,1,0,0,2,UPI_P2P,0
TXN_001536,6850.5,4692.12,1.46,0,0,0,0,1,BILL_PAY,0
TXN_001964,5638.95,3638.03,1.55,0,0,1,0,1,UPI_P2M,0
TXN_004655,999.12,1030.02,0.97,0,0,0,0,1,BILL_PAY,0
TXN_000014,1509.86,1179.58,1.28,0,0,1,0,1,UPI_P2M,0
TXN_002685,3457.6,5576.77,0.62,1,0,0,0,1,UPI_P2P,0
TXN_005516,454.65,1515.5,0.3,1,0,0,0,1,BILL_PAY,0
TXN_001923,1573.75,1015.32,1.55,1,0,0,0,1,UPI_P2M,0
TXN_003339,3054.37,3915.86,0.78,0,0,0,0,1,UPI_P2P,0
TXN_004536,13872.18,8018.6,1.73,1,0,0,0,2,UPI_P2M,0
TXN_001418,4459.34,2175.29,2.05,0,0,0,0,2,UPI_P2P,0
TXN_000234,3076.4,1577.64,1.95,1,0,0,0,1,UPI_P2M,0
TXN_002949,8480.09,9021.37,0.94,0,0,0,0,2,UPI_P2M,0
TXN_001916,3824.86,2078.73,1.84,0,0,0,0,1,UPI_P2P,0
TXN_005746,64662.9,8956.08,7.22,1,1,1,0,4,IMPS_WIRE,1
TXN_001280,849.9,679.92,1.25,0,0,0,0,2,BILL_PAY,0
TXN_001022,1556.73,2993.71,0.52,0,0,0,0,1,UPI_P2M,0
TXN_001306,2107.87,6799.59,0.31,0,0,0,0,1,UPI_P2M,0
TXN_004809,9309.04,4475.5,2.08,0,0,0,0,2,UPI_P2M,0
TXN_003917,2380.25,1208.25,1.97,0,0,0,0,1,UPI_P2M,0
TXN_000332,2743.44,3657.92,0.75,0,0,1,0,3,UPI_P2M,0
TXN_002763,1122.2,3032.97,0.37,1,0,0,0,1,UPI_P2M,0
TXN_000767,3942.22,4807.59,0.82,0,0,0,0,1,BILL_PAY,0
TXN_002430,18185.81,9138.6,1.99,0,0,0,0,1,UPI_P2P,0
TXN_002370,3025.16,2044.03,1.48,0,0,0,0,1,UPI_P2P,0
TXN_005212,3326.73,3616.01,0.92,0,0,0,0,1,BILL_PAY,0
TXN_003927,5045.28,5866.6,0.86,0,0,0,0,2,UPI_P2M,0
TXN_002972,924.84,469.46,1.97,0,0,0,0,1,BILL_PAY,0
TXN_000331,4211.36,1940.72,2.17,0,0,0,0,1,UPI_P2M,0
TXN_003362,7273.16,6552.4,1.11,1,0,0,0,3,UPI_P2P,0
TXN_000290,2189.3,2771.26,0.79,0,0,0,0,1,UPI_P2M,0
TXN_000964,4241.39,3505.28,1.21,0,0,0,0,2,UPI_P2P,0
TXN_002371,2468.09,4839.39,0.51,0,0,0,0,1,IMPS_WIRE,0
TXN_001505,1729.29,4323.22,0.4,0,0,0,0,1,UPI_P2P,0
TXN_005602,6375.33,3663.98,1.74,0,1,0,0,3,UPI_P2M,0
TXN_002516,2177.57,1662.27,1.31,0,0,0,0,1,UPI_P2P,0
TXN_002135,13129.02,6281.83,2.09,0,0,1,0,1,UPI_P2M,0
TXN_000324,5646.73,3551.4,1.59,0,0,0,0,1,BILL_PAY,0
TXN_000947,4163.65,6034.27,0.69,1,0,0,0,2,UPI_P2P,0
TXN_002665,3081.82,2426.63,1.27,0,0,0,0,2,BILL_PAY,0
TXN_004448,247.45,434.12,0.57,0,0,0,0,2,UPI_P2M,0
TXN_001871,15937.88,8615.07,1.85,0,0,0,0,1,UPI_P2M,0
TXN_004126,20097.53,9304.41,2.16,0,0,0,0,1,UPI_P2P,0
TXN_003702,3609.7,3373.55,1.07,0,1,0,0,1,UPI_P2P,0
TXN_001443,1359.04,650.26,2.09,0,0,1,0,1,UPI_P2P,0
TXN_004173,21547.17,12455.01,1.73,0,0,0,0,1,BILL_PAY,0
TXN_003590,1534.21,1227.37,1.25,0,0,0,0,1,BILL_PAY,0
TXN_005291,4895.76,2245.76,2.18,0,0,0,0,1,UPI_P2P,0
TXN_000740,6774.33,5994.98,1.13,0,0,0,0,1,UPI_P2M,0
TXN_001124,1184.68,630.15,1.88,0,0,1,0,1,UPI_P2M,0
TXN_004832,542.4,1465.95,0.37,0,0,0,0,1,BILL_PAY,0
TXN_003763,2823.54,1933.93,1.46,0,0,0,0,2,UPI_P2P,0
TXN_003022,1434.93,2352.35,0.61,0,0,0,0,2,UPI_P2P,0
TXN_005988,13274.18,1016.4,13.06,1,1,1,0,12,CRYPTO_ONRAMP,1
TXN_001959,4763.15,4961.61,0.96,1,0,0,0,2,UPI_P2M,0
TXN_004629,849.81,1370.66,0.62,0,0,0,0,1,UPI_P2M,0
TXN_005987,20890.35,1968.93,10.61,1,1,1,0,8,CRYPTO_ONRAMP,1
TXN_001747,15541.85,7849.42,1.98,0,0,0,0,1,UPI_P2M,0
TXN_004928,8903.12,7357.95,1.21,0,0,0,0,3,UPI_P2M,0
TXN_002250,1606.2,1460.18,1.1,0,0,0,0,2,BILL_PAY,0
TXN_004705,1493.37,1175.88,1.27,0,0,0,0,2,BILL_PAY,0
TXN_003417,5960.66,2907.64,2.05,0,1,0,0,1,UPI_P2P,0
TXN_003183,3563.61,2527.38,1.41,0,0,0,0,1,UPI_P2M,0
TXN_004715,4454.64,2382.16,1.87,0,1,1,0,1,UPI_P2M,0
TXN_002567,253.15,767.13,0.33,0,0,0,0,2,UPI_P2M,0
TXN_002747,2738.66,3339.83,0.82,0,0,0,0,1,UPI_P2M,0
TXN_004631,3170.66,2516.4,1.26,0,0,0,0,3,UPI_P2M,0
TXN_002655,16088.92,8044.46,2.0,0,0,0,0,1,IMPS_WIRE,0
TXN_001562,732.4,625.98,1.17,0,0,0,0,2,UPI_P2M,0
TXN_003719,896.56,1228.16,0.73,0,1,0,0,1,UPI_P2P,0
TXN_000782,4680.41,5707.82,0.82,0,1,0,0,3,UPI_P2M,0
TXN_002362,1319.57,1199.61,1.1,0,1,0,0,1,UPI_P2M,0
TXN_002095,7396.92,4537.99,1.63,0,0,0,0,1,UPI_P2P,0
TXN_003801,2726.0,4259.38,0.64,0,0,0,0,2,UPI_P2M,0
TXN_003257,12624.81,6936.71,1.82,0,0,0,0,1,BILL_PAY,0
TXN_004517,3728.77,1983.39,1.88,0,0,0,0,1,UPI_P2M,0
TXN_002259,5957.9,2978.95,2.0,0,0,1,0,1,UPI_P2P,0
TXN_003298,4295.19,5238.04,0.82,0,0,0,0,1,UPI_P2M,0
TXN_004142,7103.18,7637.83,0.93,0,1,0,0,1,UPI_P2M,0
TXN_004189,770.41,1055.36,0.73,0,0,0,0,4,UPI_P2M,0
TXN_002276,3348.27,9847.84,0.34,0,0,0,0,1,UPI_P2M,0
TXN_005550,10900.33,5000.15,2.18,0,1,0,0,1,UPI_P2M,0
TXN_004617,11142.51,9605.61,1.16,0,0,0,0,1,UPI_P2M,0
TXN_005994,8805.54,1467.59,6.0,1,0,1,1,8,UPI_P2P,1
TXN_001307,2380.49,1392.1,1.71,0,0,0,0,1,UPI_P2P,0
TXN_002257,1095.98,735.56,1.49,0,0,0,0,2,UPI_P2M,0
TXN_005283,929.8,566.95,1.64,0,0,0,0,1,UPI_P2M,0
TXN_000959,11449.24,8006.46,1.43,0,0,0,0,1,IMPS_WIRE,0
TXN_002922,245.45,743.8,0.33,0,0,0,0,1,UPI_P2P,0
TXN_002907,5327.22,6418.34,0.83,0,0,0,0,1,UPI_P2P,0
TXN_003087,1126.78,596.18,1.89,0,0,0,0,1,UPI_P2M,0
TXN_003906,526.24,1283.51,0.41,0,0,0,0,1,UPI_P2M,0
TXN_004498,2084.79,1628.74,1.28,0,0,0,0,1,UPI_P2M,0
TXN_003083,1757.33,1428.72,1.23,0,0,0,0,1,UPI_P2M,0
TXN_004997,4890.7,2629.41,1.86,0,0,1,0,2,UPI_P2M,0
TXN_003458,1013.0,1607.93,0.63,0,0,0,0,2,UPI_P2P,0
TXN_001989,2738.24,2043.46,1.34,0,0,0,0,1,UPI_P2M,0
TXN_000729,7145.14,4493.8,1.59,0,0,0,0,1,UPI_P2M,0
TXN_005454,2885.57,2647.31,1.09,1,0,0,0,1,BILL_PAY,0
TXN_000850,16012.79,11949.84,1.34,0,0,0,0,1,UPI_P2P,0
TXN_002749,6826.77,3430.54,1.99,0,0,1,0,3,BILL_PAY,0
TXN_002428,2546.21,3857.9,0.66,0,0,0,0,1,UPI_P2P,0
TXN_002179,1894.98,1271.8,1.49,0,0,0,0,1,UPI_P2M,0
TXN_002730,28529.67,13521.17,2.11,0,0,0,0,2,BILL_PAY,0
TXN_003322,5576.8,2788.4,2.0,0,1,0,0,1,UPI_P2M,0
TXN_003052,3526.58,1745.83,2.02,1,0,0,0,1,UPI_P2M,0
TXN_005552,5437.92,5492.85,0.99,0,0,0,0,3,UPI_P2M,0
TXN_000266,13786.1,6266.41,2.2,0,0,0,0,2,UPI_P2P,0
TXN_005731,6623.77,1314.24,5.04,1,1,1,1,12,CRYPTO_ONRAMP,1
TXN_001186,7825.98,4097.37,1.91,0,0,0,0,2,UPI_P2M,0
TXN_005091,5212.85,4380.55,1.19,0,0,0,0,1,UPI_P2M,0
TXN_004859,1023.06,1247.63,0.82,1,1,0,0,1,UPI_P2P,0
TXN_004713,19261.77,10821.22,1.78,0,0,0,0,1,BILL_PAY,0
TXN_001133,5504.41,3669.61,1.5,0,0,0,0,1,UPI_P2P,0
TXN_001412,2823.42,3921.41,0.72,0,0,0,0,1,BILL_PAY,0
TXN_005551,2966.89,1513.72,1.96,0,0,0,0,1,UPI_P2M,0
TXN_004836,4118.1,2526.44,1.63,0,0,0,0,3,UPI_P2M,0
TXN_001893,3025.12,6050.24,0.5,0,0,0,0,1,UPI_P2P,0
TXN_005554,7665.05,5851.18,1.31,0,0,0,0,2,UPI_P2M,0
TXN_001162,3272.42,3676.88,0.89,0,0,0,0,2,UPI_P2M,0
TXN_000593,1619.36,778.54,2.08,0,0,0,0,3,UPI_P2M,0
TXN_005679,11664.59,851.43,13.7,1,0,0,0,8,IMPS_WIRE,1
TXN_003959,2329.03,4394.4,0.53,0,0,0,0,2,UPI_P2M,0
TXN_002020,5837.86,4169.9,1.4,0,0,0,0,1,UPI_P2M,0
TXN_004377,890.55,1413.57,0.63,0,0,0,0,4,BILL_PAY,0
TXN_002928,3898.35,2227.63,1.75,0,1,0,0,1,UPI_P2M,0
TXN_002451,513.9,421.23,1.22,0,0,0,0,1,UPI_P2M,0
TXN_003090,1065.53,1170.91,0.91,0,1,0,0,1,UPI_P2P,0
TXN_003293,4613.07,4271.36,1.08,0,0,0,0,3,UPI_P2M,0
TXN_005284,7892.53,7046.9,1.12,0,0,0,0,1,UPI_P2M,0
TXN_002758,1403.63,793.01,1.77,0,0,0,0,3,UPI_P2M,0
TXN_005579,6674.85,10429.46,0.64,0,0,0,0,1,UPI_P2P,0
TXN_000077,1165.87,947.86,1.23,0,0,0,0,1,UPI_P2M,0
TXN_005864,13550.2,1141.55,11.87,0,1,0,0,8,IMPS_WIRE,1
TXN_003500,2788.68,1884.24,1.48,0,0,0,0,3,UPI_P2M,0
TXN_001518,1277.65,1539.34,0.83,0,0,0,0,1,BILL_PAY,0
TXN_003242,1219.31,3810.35,0.32,0,0,0,0,2,UPI_P2P,0
TXN_003615,11780.45,10709.5,1.1,0,0,0,0,1,UPI_P2M,0
TXN_000147,6323.68,6452.73,0.98,0,0,0,0,1,UPI_P2P,0
TXN_005710,45930.31,4754.69,9.66,0,1,1,0,8,IMPS_WIRE,1
TXN_000896,1648.17,969.51,1.7,0,0,0,0,1,BILL_PAY,0
TXN_005528,15302.24,15939.83,0.96,0,0,0,0,2,UPI_P2P,0
TXN_000988,3431.78,1642.0,2.09,0,0,1,0,2,UPI_P2M,0
TXN_004984,2447.82,4799.65,0.51,1,0,0,0,1,BILL_PAY,0
TXN_005466,7446.89,7373.16,1.01,0,0,0,0,2,UPI_P2P,0
TXN_002819,6653.51,3501.85,1.9,1,0,0,0,1,UPI_P2M,0
TXN_003453,586.3,1465.76,0.4,0,0,0,0,1,UPI_P2P,0
TXN_001197,1351.28,2370.67,0.57,0,0,0,0,1,UPI_P2P,0
TXN_004159,12830.12,7459.37,1.72,0,0,0,0,1,UPI_P2M,0
TXN_005952,33399.22,3929.32,8.5,1,1,0,0,4,IMPS_WIRE,1
TXN_001385,4500.08,2830.24,1.59,0,0,0,0,1,UPI_P2P,0
TXN_002664,413.96,701.63,0.59,0,0,0,0,1,UPI_P2P,0
TXN_001839,1088.27,1066.93,1.02,0,0,0,0,1,UPI_P2M,0
TXN_000163,19113.71,11243.36,1.7,0,0,0,0,1,UPI_P2P,0
TXN_004279,919.6,643.08,1.43,1,0,0,0,1,UPI_P2M,0
TXN_005356,2748.93,3234.03,0.85,0,0,0,0,1,UPI_P2P,0
TXN_003536,2228.49,1989.72,1.12,0,0,0,0,2,UPI_P2P,0
TXN_001994,870.89,750.77,1.16,0,0,0,0,3,BILL_PAY,0
TXN_004878,1034.38,1277.01,0.81,0,0,0,0,1,UPI_P2P,0
TXN_003544,6089.53,4114.55,1.48,0,0,0,0,1,UPI_P2M,0
TXN_003669,468.76,578.72,0.81,0,0,0,0,1,UPI_P2P,0
TXN_003591,1437.79,1331.29,1.08,0,0,0,0,1,UPI_P2P,0
TXN_005027,9280.93,8593.45,1.08,0,0,0,0,1,UPI_P2M,0
TXN_004628,5111.78,5556.28,0.92,0,0,0,0,1,UPI_P2M,0
TXN_005639,2258.82,1557.81,1.45,0,0,1,0,3,UPI_P2M,0
TXN_000213,814.04,607.49,1.34,0,0,0,0,1,UPI_P2M,0
TXN_001239,1602.07,890.04,1.8,0,0,0,0,1,UPI_P2M,0
TXN_001925,2059.87,4790.4,0.43,0,0,0,0,3,UPI_P2P,0
TXN_005737,174324.5,20129.85,8.66,1,1,1,1,4,CRYPTO_ONRAMP,1
TXN_001619,2687.33,1267.61,2.12,0,0,0,0,1,UPI_P2M,0
TXN_002902,2793.0,1509.73,1.85,0,0,1,0,1,UPI_P2P,0
TXN_001748,2916.21,4166.02,0.7,0,0,0,0,1,UPI_P2M,0
TXN_003686,6487.52,4325.01,1.5,0,0,0,0,1,UPI_P2P,0
TXN_005511,1765.68,4646.52,0.38,0,0,0,0,1,UPI_P2P,0
TXN_002893,933.19,459.7,2.03,0,0,0,0,2,BILL_PAY,0
TXN_002621,15319.29,13926.63,1.1,0,0,0,0,1,BILL_PAY,0
TXN_005983,25572.39,2883.02,8.87,1,1,0,1,4,UPI_P2P,1
TXN_002193,10559.08,7764.03,1.36,0,0,1,0,1,BILL_PAY,0
TXN_003078,405.39,1126.08,0.36,0,0,0,0,3,UPI_P2M,0
TXN_002417,2418.0,4030.0,0.6,0,0,0,0,1,BILL_PAY,0
TXN_004862,8129.81,4782.24,1.7,0,0,0,0,1,UPI_P2M,0
TXN_002708,594.24,576.93,1.03,0,0,0,0,1,UPI_P2P,0
TXN_004904,7597.08,5098.71,1.49,0,0,0,0,1,UPI_P2P,0
TXN_002599,2140.0,5095.24,0.42,0,0,0,0,1,UPI_P2P,0
TXN_004745,760.02,767.7,0.99,1,0,0,0,1,UPI_P2P,0
TXN_004378,22044.67,11481.6,1.92,0,0,0,0,1,UPI_P2P,0
TXN_002998,1059.74,662.34,1.6,0,0,0,0,1,UPI_P2P,0
TXN_004343,2591.61,1838.02,1.41,0,0,0,0,1,UPI_P2M,0
TXN_002536,5500.63,3216.74,1.71,0,0,0,0,3,UPI_P2M,0
TXN_004190,3738.86,3398.96,1.1,1,0,0,0,1,IMPS_WIRE,0
TXN_003166,886.47,534.02,1.66,0,0,0,0,1,UPI_P2M,0
TXN_001274,730.7,682.9,1.07,0,0,0,0,2,BILL_PAY,0
TXN_000122,9022.28,9022.28,1.0,0,0,0,0,1,UPI_P2M,0
TXN_001577,5192.8,4678.2,1.11,0,0,0,0,1,UPI_P2M,0
TXN_005712,87297.71,9037.03,9.66,1,0,1,0,8,CRYPTO_ONRAMP,1
TXN_001836,526.09,1348.94,0.39,0,0,0,0,1,BILL_PAY,0
TXN_003333,14335.79,8238.96,1.74,0,0,0,0,1,UPI_P2M,0
TXN_000162,3467.63,4177.87,0.83,0,0,0,0,1,UPI_P2M,0
TXN_003277,1114.78,3483.69,0.32,0,0,0,0,1,UPI_P2M,0
TXN_001807,3717.31,2042.48,1.82,0,0,0,0,2,UPI_P2M,0
TXN_001737,6019.46,3692.92,1.63,0,0,0,0,1,UPI_P2P,0
TXN_002200,567.91,1051.68,0.54,0,0,0,0,1,UPI_P2P,0
TXN_005691,25905.67,2162.41,11.98,1,1,0,0,6,IMPS_WIRE,1
TXN_005134,2786.98,2629.23,1.06,0,0,0,0,4,UPI_P2M,0
TXN_001037,2368.77,1202.42,1.97,0,0,0,0,1,UPI_P2M,0
TXN_003610,20534.55,10115.54,2.03,0,0,0,0,1,UPI_P2P,0
TXN_004982,3641.56,2717.58,1.34,1,0,0,0,2,UPI_P2M,0
TXN_005886,2804.3,525.15,5.34,1,1,1,1,8,UPI_P2P,1
TXN_003421,5590.89,9017.56,0.62,0,0,0,0,1,UPI_P2P,0
TXN_003840,266.97,667.43,0.4,0,0,0,0,1,UPI_P2M,0
TXN_005057,5785.72,4665.9,1.24,0,0,0,0,1,UPI_P2P,0
TXN_001283,1896.03,2204.69,0.86,0,0,0,0,1,BILL_PAY,0
TXN_005798,82972.02,6685.9,12.41,1,1,1,1,8,IMPS_WIRE,1
TXN_004569,3809.14,4185.87,0.91,0,1,0,0,1,UPI_P2P,0
TXN_005441,919.09,2042.42,0.45,0,0,0,0,1,BILL_PAY,0
TXN_000648,4109.46,6043.32,0.68,0,0,0,0,1,UPI_P2P,0
TXN_003197,8511.93,5254.28,1.62,0,0,1,0,1,UPI_P2P,0
TXN_000995,4072.46,2409.74,1.69,0,0,0,0,1,UPI_P2M,0
TXN_005719,35202.11,2554.58,13.78,1,1,1,0,4,IMPS_WIRE,1
TXN_005514,1149.87,966.28,1.19,0,0,1,0,1,IMPS_WIRE,0
TXN_003415,4649.74,4345.55,1.07,0,0,0,0,3,UPI_P2P,0
TXN_001953,8427.04,6907.41,1.22,0,1,0,0,3,UPI_P2M,0
TXN_001610,8179.03,4839.66,1.69,0,0,0,0,1,UPI_P2P,0
TXN_003862,720.28,418.77,1.72,0,0,0,0,4,UPI_P2P,0
TXN_000714,880.57,417.33,2.11,0,0,0,0,1,UPI_P2M,0
TXN_005184,6373.57,6373.57,1.0,0,0,0,0,3,UPI_P2M,0
TXN_002063,9379.38,5898.98,1.59,0,0,0,0,3,BILL_PAY,0
TXN_005188,26522.88,21389.42,1.24,0,0,0,0,1,UPI_P2M,0
TXN_001028,11051.78,7039.35,1.57,0,0,0,0,1,UPI_P2P,0
TXN_004193,1776.29,1444.14,1.23,0,0,0,0,1,UPI_P2M,0
TXN_004971,4066.16,10165.39,0.4,0,0,0,0,1,UPI_P2M,0
TXN_001500,3133.92,1598.94,1.96,0,0,0,0,1,UPI_P2M,0
TXN_002375,3895.6,2140.44,1.82,0,0,0,0,1,BILL_PAY,0
TXN_001932,1608.75,2036.39,0.79,1,0,0,0,1,UPI_P2M,0
TXN_001400,9440.98,14304.52,0.66,0,0,0,0,1,UPI_P2M,0
TXN_003299,653.25,837.5,0.78,0,0,0,0,2,UPI_P2P,0
TXN_002944,6773.39,3320.29,2.04,0,0,0,0,2,UPI_P2P,0
TXN_000839,744.0,695.33,1.07,0,0,0,0,1,UPI_P2M,0
TXN_001784,5320.68,3388.97,1.57,0,0,0,0,1,UPI_P2M,0
TXN_004383,1882.32,1028.59,1.83,0,0,0,0,1,UPI_P2M,0
TXN_002578,3783.5,4348.85,0.87,0,0,0,0,1,UPI_P2M,0
TXN_005560,5995.43,5305.69,1.13,0,0,0,0,2,UPI_P2M,0
TXN_001563,7276.51,5018.28,1.45,0,0,0,0,1,UPI_P2P,0
TXN_000806,12047.77,7823.23,1.54,0,0,0,0,1,UPI_P2P,0
TXN_000780,13690.11,6811.0,2.01,0,0,0,0,3,UPI_P2P,0
TXN_000209,1485.41,1614.58,0.92,0,0,0,0,1,UPI_P2P,0
TXN_004395,1132.8,721.53,1.57,0,0,0,0,1,UPI_P2M,0
TXN_001225,577.43,607.82,0.95,0,0,1,0,1,UPI_P2M,0
TXN_001568,1737.89,1182.24,1.47,0,0,0,0,2,UPI_P2M,0
TXN_002568,12244.44,12004.35,1.02,1,0,0,0,1,UPI_P2P,0
TXN_001014,10785.57,4993.32,2.16,0,0,0,0,2,UPI_P2P,0
TXN_002238,5211.9,4272.05,1.22,0,1,0,0,1,UPI_P2M,0
TXN_002558,2362.74,1575.16,1.5,0,0,0,0,3,UPI_P2P,0
TXN_003411,3487.84,2703.75,1.29,0,0,0,0,1,BILL_PAY,0
TXN_000834,2522.17,1218.44,2.07,0,0,0,0,1,UPI_P2P,0
TXN_002679,2265.02,1048.62,2.16,0,0,0,0,2,UPI_P2M,0
TXN_003745,6589.28,3600.7,1.83,0,0,0,0,1,UPI_P2M,0
TXN_003159,6859.78,4899.84,1.4,0,0,0,0,1,BILL_PAY,0
TXN_002026,15997.59,9936.39,1.61,0,0,0,0,1,UPI_P2P,0
TXN_001021,9664.42,7054.32,1.37,0,0,1,0,3,UPI_P2P,0
TXN_005693,13696.22,1495.22,9.16,1,1,1,0,4,IMPS_WIRE,1
TXN_003796,2177.88,1146.25,1.9,0,0,0,0,3,UPI_P2P,0
TXN_001204,1410.93,1987.22,0.71,0,0,0,0,1,UPI_P2P,0
TXN_004360,9820.81,7920.01,1.24,0,0,0,0,1,UPI_P2P,0
TXN_005365,1622.95,1081.97,1.5,1,0,0,0,2,UPI_P2M,0
TXN_005544,11744.93,8635.98,1.36,0,0,0,0,1,UPI_P2P,0
TXN_005800,13442.33,1226.49,10.96,1,1,1,0,4,IMPS_WIRE,1
TXN_003204,1617.16,1796.84,0.9,0,0,0,0,1,UPI_P2P,0
TXN_004123,2852.88,1817.12,1.57,0,0,0,0,1,UPI_P2P,0
TXN_003571,5830.68,10601.24,0.55,0,0,0,0,1,UPI_P2M,0
TXN_002517,4764.59,3308.74,1.44,0,0,0,0,1,UPI_P2P,0
TXN_004646,3901.02,2911.21,1.34,0,0,1,0,1,UPI_P2M,0
TXN_000424,1559.83,712.25,2.19,0,0,0,0,1,UPI_P2M,0
TXN_001247,5583.87,5421.23,1.03,1,1,0,0,1,UPI_P2P,0
TXN_005684,30515.93,2132.49,14.31,0,1,1,0,4,CRYPTO_ONRAMP,1
TXN_004266,2907.48,8810.56,0.33,0,0,0,0,1,UPI_P2M,0
TXN_003689,3234.19,3022.61,1.07,0,0,0,0,1,UPI_P2P,0
TXN_000886,4570.0,2553.07,1.79,1,0,0,0,1,IMPS_WIRE,0
TXN_004600,6033.59,4372.17,1.38,0,0,0,0,1,UPI_P2M,0
TXN_001330,1912.5,1233.87,1.55,0,0,1,0,1,BILL_PAY,0
TXN_004467,1660.65,1057.74,1.57,0,0,0,0,1,UPI_P2M,0
TXN_000047,7406.73,5406.37,1.37,0,0,0,0,1,UPI_P2M,0
TXN_001261,2535.6,4527.85,0.56,0,0,0,0,1,UPI_P2M,0
TXN_005590,1438.75,3996.54,0.36,0,0,0,0,1,BILL_PAY,0
TXN_005055,1083.67,1747.85,0.62,0,0,0,0,2,UPI_P2M,0
TXN_001380,1976.17,4705.17,0.42,0,0,0,0,2,UPI_P2M,0
TXN_005818,13458.73,1655.44,8.13,1,1,1,0,4,CRYPTO_ONRAMP,1
TXN_000992,3104.8,2544.92,1.22,0,0,0,0,3,UPI_P2M,0
TXN_001553,1635.99,1447.78,1.13,0,0,0,0,2,UPI_P2P,0
TXN_003251,533.77,1186.15,0.45,0,0,0,0,2,UPI_P2P,0
TXN_004818,1074.36,1579.94,0.68,1,0,0,0,3,UPI_P2P,0
TXN_001773,4365.91,7399.85,0.59,0,0,0,0,1,UPI_P2M,0
TXN_000689,3152.23,2462.68,1.28,0,0,0,0,1,UPI_P2M,0
TXN_000057,17833.89,9692.33,1.84,0,0,0,0,1,UPI_P2M,0
TXN_005225,5829.34,2661.8,2.19,0,0,0,0,3,UPI_P2P,0
TXN_005615,1695.66,1487.42,1.14,0,0,1,0,1,UPI_P2M,0
TXN_002378,14269.57,7317.73,1.95,0,0,0,0,3,BILL_PAY,0
TXN_000925,12284.31,8028.96,1.53,0,0,0,0,2,UPI_P2P,0
TXN_004127,647.57,437.55,1.48,0,0,0,0,1,UPI_P2P,0
TXN_002215,1984.62,1090.45,1.82,0,0,0,0,2,UPI_P2M,0
TXN_005558,6599.34,3349.92,1.97,0,0,0,0,1,UPI_P2M,0
TXN_002320,9710.93,5277.68,1.84,0,1,0,0,2,UPI_P2P,0
TXN_000841,4056.62,1886.8,2.15,0,0,0,0,1,IMPS_WIRE,0
TXN_000952,2001.47,5409.39,0.37,0,0,0,0,1,UPI_P2M,0
TXN_000702,902.29,530.76,1.7,0,0,0,0,1,BILL_PAY,0
TXN_001395,24060.68,10986.61,2.19,0,0,0,0,1,UPI_P2M,0
TXN_001461,2932.35,1777.18,1.65,0,0,1,0,1,UPI_P2M,0
TXN_002491,10371.24,13646.37,0.76,0,0,0,0,1,UPI_P2M,0
TXN_001456,395.0,1316.67,0.3,0,0,0,0,1,IMPS_WIRE,0
TXN_002697,10556.39,7486.8,1.41,0,0,0,0,2,UPI_P2P,0
TXN_000488,408.7,510.88,0.8,0,0,1,0,2,UPI_P2M,0
TXN_004216,1671.33,1176.99,1.42,0,0,0,0,1,UPI_P2M,0
TXN_003879,2897.75,1463.51,1.98,0,0,0,0,3,UPI_P2P,0
TXN_003058,2445.41,1500.25,1.63,0,0,0,0,1,UPI_P2P,0
TXN_000811,1062.13,2590.56,0.41,0,0,0,0,1,UPI_P2M,0
TXN_003599,1569.5,891.76,1.76,0,0,0,0,2,UPI_P2M,0
TXN_000955,1035.69,1785.68,0.58,0,0,0,0,1,UPI_P2M,0
TXN_004861,6543.36,5545.22,1.18,0,0,0,0,2,UPI_P2P,0
TXN_003532,7754.36,4356.38,1.78,0,0,0,0,4,UPI_P2M,0
TXN_002694,5273.0,2464.02,2.14,0,0,0,0,2,UPI_P2M,0
TXN_004209,7765.49,5627.17,1.38,0,0,0,0,1,UPI_P2M,0
TXN_004238,12512.4,7629.51,1.64,0,0,0,0,3,BILL_PAY,0
TXN_001151,8449.23,6078.58,1.39,1,0,0,0,1,UPI_P2M,0
TXN_004562,8299.24,4149.62,2.0,0,0,0,0,1,UPI_P2P,0
TXN_002947,1857.9,2772.99,0.67,0,0,0,0,1,BILL_PAY,0
TXN_003212,488.01,610.01,0.8,0,0,1,0,1,UPI_P2P,0
TXN_003562,6053.36,3072.77,1.97,0,0,0,0,2,UPI_P2M,0
TXN_004678,1233.27,685.15,1.8,0,0,0,0,1,BILL_PAY,0
TXN_001789,1426.7,1159.92,1.23,0,0,0,0,3,UPI_P2M,0
TXN_001571,4147.79,2023.31,2.05,0,0,0,0,1,UPI_P2M,0
TXN_000999,4894.14,11381.71,0.43,0,0,0,0,4,UPI_P2M,0
TXN_004948,2439.01,4977.57,0.49,0,0,0,0,3,UPI_P2M,0
TXN_002751,1183.91,2959.77,0.4,0,0,0,0,1,UPI_P2M,0
TXN_000704,12638.84,6906.47,1.83,0,0,1,0,1,UPI_P2P,0
TXN_002074,829.07,782.14,1.06,0,0,0,0,1,UPI_P2M,0
TXN_004546,1025.86,2385.72,0.43,0,0,0,0,1,UPI_P2M,0
TXN_002765,2062.57,2398.34,0.86,1,0,0,0,1,IMPS_WIRE,0
TXN_000341,5012.8,6345.32,0.79,0,0,0,0,1,UPI_P2M,0
TXN_005497,8496.32,7021.75,1.21,0,0,0,0,1,UPI_P2P,0
TXN_000552,16342.23,7933.12,2.06,1,0,0,0,2,UPI_P2M,0
TXN_004926,8673.38,4034.13,2.15,0,0,0,0,1,BILL_PAY,0
TXN_002769,1872.29,950.4,1.97,0,0,0,0,1,BILL_PAY,0
TXN_003995,11149.03,5898.96,1.89,0,0,0,0,1,UPI_P2P,0
TXN_005896,23918.79,5614.74,4.26,1,1,1,1,4,UPI_P2P,1
TXN_005488,5884.29,5116.77,1.15,0,0,0,0,1,UPI_P2P,0
TXN_001356,7157.77,5592.01,1.28,0,0,0,0,1,UPI_P2M,0
TXN_001397,2646.62,3350.15,0.79,0,0,0,0,1,IMPS_WIRE,0
TXN_000004,1188.41,609.44,1.95,0,0,0,0,2,UPI_P2M,0
TXN_005970,7299.34,794.27,9.19,1,1,0,1,6,IMPS_WIRE,1
TXN_000700,6166.97,3760.35,1.64,0,0,0,0,1,UPI_P2M,0
TXN_002128,1578.3,1018.26,1.55,0,0,0,0,1,IMPS_WIRE,0
TXN_000611,6458.16,10946.04,0.59,0,0,0,0,1,UPI_P2M,0
TXN_001094,13329.1,7573.35,1.76,0,0,0,0,3,UPI_P2P,0
TXN_004917,2235.88,1020.95,2.19,1,0,0,0,1,UPI_P2P,0
TXN_005839,16999.43,1611.32,10.55,1,1,0,0,12,IMPS_WIRE,1
TXN_003205,6085.39,2911.67,2.09,0,0,0,0,1,UPI_P2M,0
TXN_000888,5229.93,5811.03,0.9,1,0,0,0,1,UPI_P2P,0
TXN_002929,301.98,943.69,0.32,0,0,0,0,1,UPI_P2M,0
TXN_003617,751.54,565.07,1.33,0,0,0,0,2,BILL_PAY,0
TXN_004934,1600.77,2354.08,0.68,0,0,0,0,1,UPI_P2M,0
TXN_000631,2723.92,1496.66,1.82,0,0,0,0,1,UPI_P2M,0
TXN_002047,5518.43,2678.85,2.06,0,1,0,0,2,UPI_P2M,0
TXN_004879,2993.25,1373.05,2.18,0,0,0,0,1,UPI_P2P,0
TXN_003418,5163.64,8606.07,0.6,0,0,0,0,1,UPI_P2P,0
TXN_000415,5894.28,5081.28,1.16,0,0,0,0,1,UPI_P2M,0
TXN_005405,8068.77,5642.5,1.43,0,0,1,0,1,UPI_P2M,0
TXN_003869,6308.48,9012.11,0.7,0,0,0,0,1,UPI_P2M,0
TXN_002124,747.82,1410.99,0.53,0,0,0,0,1,UPI_P2P,0
TXN_002790,10056.16,8899.26,1.13,0,0,0,0,2,UPI_P2M,0
TXN_005230,613.01,471.55,1.3,0,0,0,0,1,UPI_P2M,0
TXN_004549,733.0,1593.48,0.46,0,0,0,0,1,IMPS_WIRE,0
TXN_003154,2051.69,2051.69,1.0,0,0,0,0,1,UPI_P2P,0
TXN_002263,6961.39,6215.53,1.12,0,0,0,0,3,UPI_P2P,0
TXN_001877,2766.7,1718.45,1.61,0,0,0,0,2,UPI_P2P,0
TXN_002418,1490.78,3171.87,0.47,0,0,0,0,1,UPI_P2M,0
TXN_002017,1525.38,696.52,2.19,0,0,1,0,3,UPI_P2P,0
TXN_003644,2650.36,3155.19,0.84,0,0,0,0,1,BILL_PAY,0
TXN_000683,2762.79,5023.26,0.55,0,0,0,0,1,UPI_P2P,0
TXN_004016,2928.31,1926.52,1.52,0,0,0,0,1,BILL_PAY,0
TXN_000033,2067.23,1554.31,1.33,1,0,0,0,3,BILL_PAY,0
TXN_004658,1585.62,3235.96,0.49,0,0,0,0,2,UPI_P2M,0
TXN_002048,2138.15,1811.99,1.18,0,0,0,0,1,UPI_P2M,0
TXN_001181,485.33,441.21,1.1,0,0,0,0,1,UPI_P2P,0
TXN_004622,7540.75,4598.02,1.64,0,0,0,0,1,UPI_P2M,0
TXN_003190,24740.26,12432.29,1.99,0,0,0,0,1,UPI_P2M,0
TXN_002054,4865.53,12163.83,0.4,0,0,0,0,2,UPI_P2M,0
TXN_002800,6970.16,4198.89,1.66,0,0,1,0,2,BILL_PAY,0
TXN_001889,8860.87,6420.92,1.38,0,0,0,0,2,IMPS_WIRE,0
TXN_004796,1565.06,2898.25,0.54,0,0,0,0,2,UPI_P2P,0
TXN_004968,849.64,1665.96,0.51,0,0,0,0,3,UPI_P2P,0
TXN_005708,15531.51,2113.13,7.35,1,1,1,0,6,UPI_P2P,1
TXN_001333,3160.94,3675.51,0.86,0,0,0,0,1,UPI_P2M,0
TXN_003410,11993.83,7268.99,1.65,0,0,0,0,1,UPI_P2P,0
TXN_005247,750.25,1339.74,0.56,0,0,0,0,1,UPI_P2M,0
TXN_002649,3780.22,2607.05,1.45,0,0,0,0,1,UPI_P2M,0
TXN_004677,5248.28,7718.06,0.68,0,0,0,0,1,UPI_P2M,0
TXN_002474,6525.77,3816.24,1.71,0,0,0,0,1,UPI_P2M,0
TXN_005159,1925.63,2674.48,0.72,1,0,0,0,1,UPI_P2M,0
TXN_003149,878.02,1908.74,0.46,0,0,1,0,1,UPI_P2M,0
TXN_001322,8707.44,5728.58,1.52,0,0,0,0,1,BILL_PAY,0
TXN_002346,1972.08,2012.33,0.98,1,0,0,0,1,UPI_P2M,0
TXN_003376,2156.88,1585.94,1.36,0,0,0,0,1,UPI_P2M,0
TXN_000758,360.4,1162.58,0.31,0,0,0,0,2,UPI_P2M,0
TXN_000436,1648.8,2035.56,0.81,0,0,0,0,2,UPI_P2M,0
TXN_005226,10483.45,4968.46,2.11,0,0,0,0,2,UPI_P2P,0
TXN_005093,4930.55,3976.25,1.24,0,0,0,0,3,UPI_P2P,0
TXN_005856,34188.01,6319.41,5.41,1,1,0,0,4,UPI_P2P,1
TXN_002455,6882.11,5135.9,1.34,0,0,0,0,1,UPI_P2M,0
TXN_001546,5287.39,2494.05,2.12,0,1,0,0,1,UPI_P2M,0
TXN_004424,15293.29,9866.64,1.55,0,0,0,0,1,BILL_PAY,0
TXN_005906,147222.05,10599.14,13.89,1,1,1,0,6,IMPS_WIRE,1
TXN_002662,4877.38,2216.99,2.2,0,0,1,0,2,UPI_P2P,0
TXN_000731,3314.51,2152.28,1.54,0,0,0,0,1,UPI_P2P,0
TXN_000826,465.44,528.91,0.88,1,0,0,0,2,BILL_PAY,0
TXN_000636,8792.77,4555.84,1.93,0,0,0,0,1,UPI_P2P,0
TXN_005139,7183.82,3821.18,1.88,0,0,0,0,1,UPI_P2M,0
TXN_002513,12630.38,9715.68,1.3,0,0,0,0,1,UPI_P2P,0
TXN_001722,2698.69,1232.28,2.19,0,0,0,0,1,BILL_PAY,0
TXN_004615,3562.33,2095.49,1.7,0,0,0,0,2,IMPS_WIRE,0
TXN_005362,5750.32,2889.61,1.99,0,1,0,0,2,UPI_P2M,0
TXN_003029,3240.63,2634.66,1.23,0,0,0,0,4,BILL_PAY,0
TXN_002011,1713.39,2254.46,0.76,0,1,0,0,2,UPI_P2M,0
TXN_001275,958.72,2229.59,0.43,0,0,0,0,3,UPI_P2M,0
TXN_001755,2931.39,6979.5,0.42,0,1,0,0,1,UPI_P2M,0
TXN_000931,8747.24,5643.38,1.55,0,0,0,0,1,UPI_P2M,0
TXN_003406,2242.08,5605.19,0.4,0,0,1,0,1,BILL_PAY,0
TXN_004137,926.78,652.66,1.42,0,0,0,0,1,UPI_P2P,0
TXN_005109,3428.81,3809.79,0.9,0,0,0,0,1,UPI_P2P,0
TXN_000875,3023.52,5399.14,0.56,0,0,0,0,1,UPI_P2M,0
TXN_000012,1609.3,1609.3,1.0,0,0,0,0,1,UPI_P2M,0
TXN_000940,2241.5,1636.13,1.37,0,0,0,0,2,BILL_PAY,0
TXN_001231,35890.72,18218.64,1.97,0,0,0,0,1,UPI_P2P,0
TXN_004537,2974.59,2323.9,1.28,0,0,0,0,2,UPI_P2M,0
TXN_005747,25999.21,2112.04,12.31,1,0,1,0,6,IMPS_WIRE,1
TXN_004896,1817.91,1420.24,1.28,0,0,0,0,1,UPI_P2P,0
TXN_002134,1703.84,4056.76,0.42,0,0,0,0,2,UPI_P2M,0
TXN_003883,6213.15,4169.9,1.49,0,0,0,0,1,BILL_PAY,0
TXN_003988,1735.57,2941.64,0.59,0,0,0,0,1,IMPS_WIRE,0
TXN_004964,5413.91,2460.87,2.2,0,0,0,0,3,UPI_P2M,0
TXN_002457,2061.39,3076.7,0.67,0,0,0,0,3,BILL_PAY,0
TXN_000129,16247.84,10029.53,1.62,0,0,0,0,1,BILL_PAY,0
TXN_000553,11894.51,18880.17,0.63,0,0,0,0,1,IMPS_WIRE,0
TXN_005564,7120.77,6717.71,1.06,0,0,0,0,1,UPI_P2P,0
TXN_000870,2185.12,2004.7,1.09,0,0,0,0,1,UPI_P2M,0
TXN_002180,2188.56,3367.01,0.65,0,0,0,0,2,UPI_P2M,0
TXN_005981,139753.9,10808.5,12.93,1,1,0,0,6,UPI_P2P,1
TXN_001867,3089.47,2471.58,1.25,0,0,0,0,1,UPI_P2M,0
TXN_002231,2843.04,2203.91,1.29,0,0,0,0,1,UPI_P2P,0
TXN_005968,12056.92,1973.31,6.11,1,0,1,0,4,IMPS_WIRE,1
TXN_000136,11409.49,6200.81,1.84,0,0,0,0,1,UPI_P2M,0
TXN_002659,3272.05,1543.42,2.12,0,0,0,0,1,UPI_P2P,0
TXN_002584,671.57,1221.03,0.55,0,1,0,0,1,UPI_P2M,0
TXN_005884,6593.91,1391.12,4.74,1,1,0,0,8,IMPS_WIRE,1
TXN_000040,1015.88,1953.62,0.52,0,0,1,0,4,UPI_P2P,0
TXN_003774,4439.76,5692.0,0.78,0,0,0,0,1,UPI_P2M,0
TXN_003094,5013.52,5829.67,0.86,0,0,0,0,1,UPI_P2P,0
TXN_003334,3098.76,1812.14,1.71,0,1,0,0,3,UPI_P2M,0
TXN_000823,1264.49,726.72,1.74,1,0,0,0,2,BILL_PAY,0
TXN_001635,6222.7,3865.03,1.61,0,0,0,0,1,UPI_P2P,0
TXN_001615,568.52,789.61,0.72,0,0,0,0,4,BILL_PAY,0
TXN_002102,1852.16,869.56,2.13,0,0,0,0,1,BILL_PAY,0
TXN_001528,8865.16,4142.6,2.14,0,0,0,0,1,UPI_P2M,0
TXN_003422,391.93,852.02,0.46,0,0,0,0,2,UPI_P2M,0
TXN_005273,9344.54,8652.35,1.08,0,0,1,0,2,UPI_P2M,0
TXN_003693,4112.69,4470.32,0.92,0,0,0,0,1,UPI_P2M,0
TXN_003057,12578.38,9386.85,1.34,0,0,0,0,1,UPI_P2M,0
TXN_003118,3925.04,2065.81,1.9,0,0,0,0,2,UPI_P2M,0
TXN_001541,10035.47,5068.42,1.98,0,0,0,0,1,UPI_P2M,0
TXN_000284,2421.52,2142.94,1.13,0,0,0,0,3,UPI_P2M,0
TXN_004413,6767.15,7778.33,0.87,0,0,0,0,2,BILL_PAY,0
TXN_002226,3229.25,2306.61,1.4,0,0,0,0,2,UPI_P2M,0
TXN_000411,1885.83,6083.33,0.31,1,0,0,0,1,IMPS_WIRE,0
TXN_001294,1057.1,660.69,1.6,0,0,0,0,2,UPI_P2P,0
TXN_003764,4665.0,3481.34,1.34,0,0,0,0,1,UPI_P2P,0
TXN_001153,10286.02,9796.21,1.05,0,0,0,0,1,BILL_PAY,0
TXN_005574,2512.65,2617.34,0.96,0,0,0,0,1,BILL_PAY,0
TXN_004482,798.67,2495.85,0.32,0,0,0,0,1,UPI_P2P,0
TXN_004366,1843.26,1077.93,1.71,0,0,0,0,1,BILL_PAY,0
TXN_002707,2027.04,5067.6,0.4,1,0,0,0,1,UPI_P2M,0
TXN_000563,5571.71,4127.19,1.35,0,0,0,0,1,UPI_P2P,0
TXN_000627,451.83,836.73,0.54,0,0,0,0,1,UPI_P2M,0
TXN_004120,2284.21,3871.55,0.59,1,0,0,0,2,UPI_P2M,0
TXN_005642,45478.64,10625.85,4.28,1,1,1,0,12,IMPS_WIRE,1
TXN_002866,6237.6,6430.52,0.97,0,0,0,0,1,UPI_P2P,0
TXN_001691,2248.9,2007.95,1.12,0,0,0,0,3,UPI_P2P,0
TXN_002616,4647.46,4224.96,1.1,0,0,0,0,1,UPI_P2M,0
TXN_002473,12390.5,5928.47,2.09,1,0,0,0,1,BILL_PAY,0
TXN_001735,4189.28,6756.91,0.62,0,0,0,0,1,UPI_P2P,0
TXN_002468,2667.67,2750.18,0.97,0,0,0,0,1,BILL_PAY,0
TXN_001029,2777.28,2571.56,1.08,0,0,0,0,1,UPI_P2P,0
TXN_000608,3269.49,4540.96,0.72,0,0,0,0,1,UPI_P2M,0
TXN_004944,14944.71,8166.51,1.83,0,0,0,0,1,UPI_P2M,0
TXN_002463,456.68,578.07,0.79,0,0,0,0,2,UPI_P2P,0
TXN_003758,6865.0,3690.86,1.86,0,0,0,0,1,UPI_P2M,0
TXN_000647,5367.64,3333.94,1.61,0,0,0,0,1,UPI_P2M,0
TXN_005237,3376.09,6138.34,0.55,0,0,0,0,1,UPI_P2P,0
TXN_005024,397.35,1324.49,0.3,0,0,1,0,2,BILL_PAY,0
TXN_003952,2740.0,1497.27,1.83,0,0,0,0,1,UPI_P2M,0
TXN_005464,7364.71,6695.19,1.1,0,0,0,0,1,UPI_P2M,0
TXN_002591,3982.63,2118.42,1.88,1,0,0,0,1,BILL_PAY,0
TXN_005374,15090.87,7738.91,1.95,0,0,0,0,1,UPI_P2M,0
TXN_003060,2334.96,1477.82,1.58,0,0,0,0,1,UPI_P2M,0
TXN_003600,20646.76,9831.79,2.1,0,0,1,0,2,IMPS_WIRE,0
TXN_002269,3448.61,2345.99,1.47,0,0,0,0,1,UPI_P2M,0
TXN_002002,3184.38,5397.25,0.59,0,0,0,0,1,UPI_P2M,0
TXN_000067,796.07,846.88,0.94,0,0,0,0,1,BILL_PAY,0
TXN_005632,4199.59,3716.45,1.13,0,0,0,0,2,UPI_P2P,0
TXN_003535,642.73,988.81,0.65,0,0,0,0,4,UPI_P2M,0
TXN_004184,4455.9,2475.5,1.8,0,0,0,0,1,UPI_P2P,0
TXN_003770,2325.9,2215.14,1.05,0,0,0,0,1,UPI_P2M,0
TXN_003609,5510.29,3319.45,1.66,0,0,0,0,2,UPI_P2M,0
TXN_004772,2257.22,1896.82,1.19,0,0,0,0,1,UPI_P2P,0
TXN_005204,2127.15,1497.99,1.42,0,0,0,0,1,UPI_P2M,0
TXN_004957,1097.55,756.93,1.45,0,0,1,0,2,UPI_P2P,0
TXN_001045,6571.79,6442.93,1.02,0,0,0,0,1,UPI_P2P,0
TXN_001354,678.59,848.24,0.8,0,0,1,0,1,UPI_P2M,0
TXN_001891,2010.27,2185.08,0.92,0,1,0,0,1,UPI_P2M,0
TXN_005866,26766.01,4215.12,6.35,1,1,1,0,6,CRYPTO_ONRAMP,1
TXN_001002,6687.53,8685.1,0.77,0,0,0,0,3,UPI_P2M,0
TXN_004839,4623.09,10751.38,0.43,0,0,0,0,1,UPI_P2M,0
TXN_002379,774.05,434.86,1.78,0,0,0,0,2,UPI_P2M,0
TXN_005098,2692.49,1300.72,2.07,0,0,0,0,1,UPI_P2M,0
TXN_003304,1166.43,883.66,1.32,0,0,0,0,1,UPI_P2M,0
TXN_001292,3274.82,2847.67,1.15,0,0,0,0,1,UPI_P2M,0
TXN_005040,1306.41,604.82,2.16,0,0,0,0,1,UPI_P2M,0
TXN_000932,1452.05,1083.62,1.34,0,0,0,0,1,UPI_P2M,0
TXN_001015,2213.73,1437.49,1.54,0,1,0,0,1,UPI_P2M,0
TXN_004131,463.58,713.2,0.65,1,0,0,0,1,BILL_PAY,0
TXN_003933,3722.1,1731.21,2.15,0,0,0,0,1,BILL_PAY,0
TXN_005545,3817.21,2494.91,1.53,0,0,0,0,1,UPI_P2M,0
TXN_004432,10740.86,7306.71,1.47,0,0,0,0,1,UPI_P2M,0
TXN_002268,4593.61,3234.94,1.42,0,0,0,0,1,UPI_P2M,0
TXN_001113,527.99,443.69,1.19,0,0,0,0,1,UPI_P2M,0
TXN_004947,10432.52,6247.02,1.67,0,0,0,0,1,UPI_P2M,0
TXN_001407,2589.11,4244.45,0.61,0,0,0,0,1,UPI_P2P,0
TXN_003470,2502.4,2811.68,0.89,0,0,0,0,1,BILL_PAY,0
TXN_001458,2010.73,1288.93,1.56,0,0,0,0,1,BILL_PAY,0
TXN_002716,1725.7,3671.7,0.47,0,0,0,0,1,BILL_PAY,0
TXN_002699,865.24,739.52,1.17,0,0,0,0,1,UPI_P2P,0
TXN_004865,605.33,1120.99,0.54,0,0,0,0,2,UPI_P2P,0
TXN_001902,13838.91,6377.38,2.17,0,0,0,0,1,IMPS_WIRE,0
TXN_003064,2518.45,2894.77,0.87,0,0,0,0,1,UPI_P2P,0
TXN_003912,3792.97,2257.72,1.68,0,0,0,0,1,UPI_P2P,0
TXN_004224,6396.04,3314.01,1.93,1,0,0,0,1,UPI_P2M,0
TXN_005561,3586.35,5197.61,0.69,1,0,0,0,1,IMPS_WIRE,0
TXN_005878,19133.28,2028.98,9.43,1,1,1,0,6,CRYPTO_ONRAMP,1
TXN_003223,4707.03,3565.93,1.32,0,0,0,0,1,UPI_P2M,0
TXN_002630,4510.26,2289.47,1.97,0,0,0,0,2,UPI_P2M,0
TXN_000325,7310.6,5848.48,1.25,0,0,0,0,1,UPI_P2M,0
TXN_001776,3416.15,6100.26,0.56,0,0,1,0,4,UPI_P2M,0
TXN_003919,5888.16,3657.24,1.61,0,0,0,0,1,UPI_P2P,0
TXN_002010,1209.77,1634.82,0.74,0,0,0,0,2,UPI_P2P,0
TXN_000626,7227.27,5972.95,1.21,0,0,0,0,1,UPI_P2M,0
TXN_001744,773.74,1934.36,0.4,0,0,0,0,3,UPI_P2M,0
TXN_000308,15658.86,7638.47,2.05,0,0,0,0,1,UPI_P2P,0
TXN_004921,15818.41,7256.15,2.18,0,0,0,0,2,UPI_P2M,0
TXN_003028,8677.82,6998.24,1.24,0,0,0,0,1,UPI_P2M,0
TXN_001728,6415.18,10347.06,0.62,1,0,0,0,2,IMPS_WIRE,0
TXN_004470,1913.25,2125.83,0.9,0,0,0,0,1,UPI_P2P,0
TXN_005112,9587.91,12136.59,0.79,0,0,0,0,2,BILL_PAY,0
TXN_000730,1937.9,1250.26,1.55,0,0,0,0,1,BILL_PAY,0
TXN_000917,5945.18,3456.5,1.72,0,0,0,0,1,UPI_P2P,0
TXN_004502,5556.55,4917.3,1.13,0,0,0,0,1,BILL_PAY,0
TXN_003126,1626.3,2581.43,0.63,0,0,0,0,2,BILL_PAY,0
TXN_001219,1999.16,2104.38,0.95,0,0,0,0,1,UPI_P2M,0
TXN_001009,3805.85,1893.46,2.01,0,0,0,0,1,UPI_P2M,0
TXN_003489,9786.63,5233.49,1.87,0,0,0,0,3,UPI_P2M,0
TXN_002083,3816.81,3670.01,1.04,1,0,0,0,1,UPI_P2M,0
TXN_003113,1179.2,791.41,1.49,0,0,0,0,2,UPI_P2P,0
TXN_000505,1728.57,1405.34,1.23,0,0,0,0,1,UPI_P2M,0
TXN_001640,3277.22,1820.68,1.8,0,0,0,0,1,UPI_P2M,0
TXN_000658,3810.96,2507.21,1.52,0,0,0,0,1,BILL_PAY,0
TXN_005111,7352.52,4376.5,1.68,0,0,1,0,1,UPI_P2M,0
TXN_001185,3162.23,1871.14,1.69,0,0,0,0,1,UPI_P2M,0
TXN_005764,10925.39,851.55,12.83,1,1,0,1,6,IMPS_WIRE,1
TXN_001454,9527.86,13051.86,0.73,0,0,0,0,1,UPI_P2M,0
TXN_005472,1550.65,1704.01,0.91,0,0,0,0,4,UPI_P2M,0
TXN_003848,15932.96,10020.73,1.59,0,0,0,0,2,BILL_PAY,0
TXN_003168,2364.91,1374.95,1.72,0,0,0,0,1,UPI_P2M,0
TXN_003055,2431.63,1163.46,2.09,0,0,1,0,1,UPI_P2M,0
TXN_001927,7739.28,3720.81,2.08,0,0,0,0,1,UPI_P2M,0
TXN_004400,1057.0,873.55,1.21,0,0,0,0,2,UPI_P2P,0
TXN_001771,2258.18,1227.27,1.84,0,0,0,0,1,UPI_P2M,0
TXN_005032,2562.61,3462.98,0.74,0,0,0,0,2,UPI_P2M,0
TXN_002729,2078.67,1998.72,1.04,0,0,0,0,1,UPI_P2M,0
TXN_003063,10870.76,6073.05,1.79,0,0,0,0,1,IMPS_WIRE,0
TXN_001956,442.97,540.21,0.82,0,0,1,0,2,BILL_PAY,0
TXN_003696,1425.56,4073.02,0.35,0,0,0,0,1,IMPS_WIRE,0
TXN_005814,44052.64,4788.33,9.2,1,1,0,0,8,UPI_P2P,1
TXN_002312,1537.92,955.23,1.61,0,0,0,0,1,UPI_P2M,0
TXN_003681,5413.41,4666.73,1.16,0,0,0,0,1,BILL_PAY,0
TXN_004175,3990.19,2607.97,1.53,0,0,0,0,2,UPI_P2M,0
TXN_002148,1863.15,2166.45,0.86,0,0,0,0,1,UPI_P2M,0
TXN_005577,2185.56,2005.1,1.09,0,0,0,0,1,UPI_P2M,0
TXN_005769,71606.22,7601.51,9.42,1,1,0,0,6,IMPS_WIRE,1
TXN_000926,2920.41,1578.6,1.85,0,0,0,0,1,UPI_P2P,0
TXN_001071,8490.23,6383.63,1.33,0,0,0,0,1,BILL_PAY,0
TXN_000989,1624.6,1450.54,1.12,0,0,0,0,1,UPI_P2P,0
TXN_004435,3943.24,4065.2,0.97,0,0,0,0,2,IMPS_WIRE,0
TXN_004596,2838.42,8601.26,0.33,0,0,0,0,3,UPI_P2M,0
TXN_005070,4496.69,3330.88,1.35,0,0,0,0,1,UPI_P2P,0
TXN_003874,1808.38,1057.53,1.71,0,0,0,0,1,UPI_P2M,0
TXN_005221,7902.45,4541.64,1.74,1,0,0,0,1,UPI_P2M,0
TXN_005705,21735.3,2615.56,8.31,1,1,1,0,4,IMPS_WIRE,1
TXN_002177,4815.3,2271.37,2.12,0,0,0,0,1,UPI_P2P,0
TXN_005322,5578.8,2656.57,2.1,0,0,0,0,1,UPI_P2M,0
TXN_004912,2972.85,4371.84,0.68,0,0,0,0,1,UPI_P2M,0
TXN_000868,1762.75,890.28,1.98,0,0,0,0,1,UPI_P2P,0
TXN_002924,2093.91,1231.71,1.7,0,0,0,0,1,UPI_P2M,0
TXN_004064,1811.48,875.11,2.07,0,0,0,0,2,UPI_P2P,0
TXN_000400,9378.85,4575.05,2.05,0,0,0,0,1,UPI_P2M,0
TXN_005523,3313.38,2008.11,1.65,0,1,0,0,1,UPI_P2P,0
TXN_005674,52766.33,9273.52,5.69,1,1,0,0,6,CRYPTO_ONRAMP,1
TXN_001432,15393.46,10917.35,1.41,0,0,0,0,1,UPI_P2P,0
TXN_005364,2376.12,2030.87,1.17,0,0,0,0,1,UPI_P2M,0
TXN_002313,16884.82,10553.01,1.6,0,0,0,0,2,UPI_P2M,0
TXN_003765,3144.58,3980.48,0.79,0,0,0,0,2,UPI_P2M,0
TXN_001968,2257.4,1684.63,1.34,0,0,0,0,1,BILL_PAY,0
TXN_003288,1121.4,683.78,1.64,0,1,0,0,3,UPI_P2P,0
TXN_004647,4254.04,3105.14,1.37,0,0,0,0,1,UPI_P2M,0
TXN_005092,2139.18,2118.0,1.01,0,0,0,0,1,UPI_P2M,0
TXN_000985,638.86,1825.32,0.35,0,0,0,0,2,UPI_P2M,0
TXN_002901,806.29,1645.48,0.49,0,0,0,0,2,UPI_P2M,0
TXN_000303,1002.94,849.95,1.18,0,0,0,0,3,UPI_P2M,0
TXN_001224,971.98,1450.72,0.67,0,0,0,0,1,UPI_P2P,0
TXN_001371,1455.04,1993.21,0.73,0,0,0,0,1,UPI_P2M,0
TXN_000919,826.97,879.76,0.94,0,0,0,0,4,UPI_P2P,0
TXN_003198,13903.01,16750.61,0.83,0,0,1,0,1,UPI_P2P,0
TXN_002966,638.56,686.62,0.93,0,0,0,0,1,UPI_P2P,0
TXN_002605,4818.07,7528.24,0.64,0,0,0,0,1,UPI_P2M,0
TXN_001658,1964.29,1259.16,1.56,0,0,0,0,3,BILL_PAY,0
TXN_003684,3890.68,2779.06,1.4,0,0,0,0,3,UPI_P2P,0
TXN_004520,3540.31,5057.58,0.7,0,0,0,0,1,UPI_P2P,0
TXN_000231,1281.51,837.59,1.53,0,0,0,0,1,UPI_P2P,0
TXN_003556,9913.48,4859.55,2.04,0,0,0,0,2,BILL_PAY,0
TXN_005001,1894.79,2037.41,0.93,1,0,0,0,2,UPI_P2M,0
TXN_003287,1351.75,686.17,1.97,0,0,0,0,1,UPI_P2M,0
TXN_003497,625.73,1360.29,0.46,0,0,0,0,1,BILL_PAY,0
TXN_002752,1633.18,1327.79,1.23,0,0,0,0,1,UPI_P2M,0
TXN_000862,815.74,1664.78,0.49,0,0,0,0,2,UPI_P2M,0
TXN_000824,1642.29,878.23,1.87,0,0,0,0,1,UPI_P2M,0
TXN_001061,7681.8,6096.67,1.26,0,0,0,0,1,UPI_P2P,0
TXN_004150,936.14,500.61,1.87,0,1,0,0,2,UPI_P2M,0
TXN_004579,14271.28,9842.26,1.45,0,0,0,0,1,UPI_P2P,0
TXN_005263,3960.49,2263.14,1.75,0,0,0,0,1,UPI_P2M,0
TXN_003803,2748.68,1750.75,1.57,0,0,0,0,1,UPI_P2M,0
TXN_002274,686.76,448.86,1.53,0,0,0,0,1,BILL_PAY,0
TXN_005342,2356.79,1394.55,1.69,0,0,0,0,2,BILL_PAY,0
TXN_000408,9723.99,7537.98,1.29,0,0,0,0,1,UPI_P2P,0
TXN_004937,1028.87,1469.81,0.7,0,0,0,0,2,UPI_P2M,0
TXN_004022,896.18,546.45,1.64,0,0,0,0,1,UPI_P2M,0
TXN_003809,2996.91,1752.58,1.71,0,0,0,0,1,UPI_P2P,0
TXN_005220,2403.95,2530.47,0.95,0,0,0,0,3,UPI_P2P,0
TXN_004292,5738.65,7970.35,0.72,0,0,0,0,1,UPI_P2M,0
TXN_002824,840.46,494.39,1.7,0,0,0,0,1,UPI_P2M,0
TXN_000198,3847.24,1858.57,2.07,0,0,0,0,2,UPI_P2M,0
TXN_004321,7263.64,6543.82,1.11,0,0,0,0,3,UPI_P2M,0
TXN_001377,1395.28,1453.42,0.96,0,0,0,0,2,UPI_P2M,0
TXN_003328,1479.82,1357.63,1.09,0,0,0,0,1,UPI_P2M,0
TXN_005065,5781.6,3613.5,1.6,0,0,0,0,2,UPI_P2M,0
TXN_001114,2382.75,1654.69,1.44,0,0,0,0,1,UPI_P2P,0
TXN_005598,704.24,880.3,0.8,1,0,0,0,2,UPI_P2M,0
TXN_004533,3371.05,2856.82,1.18,0,0,0,0,1,UPI_P2M,0
TXN_000402,4937.92,3405.46,1.45,0,0,0,0,1,UPI_P2M,0
TXN_005572,2217.01,1252.55,1.77,1,0,0,0,2,IMPS_WIRE,0
TXN_000551,1302.28,608.54,2.14,0,0,0,0,2,BILL_PAY,0
TXN_000029,485.27,724.29,0.67,0,0,0,0,2,UPI_P2M,0
TXN_002281,4128.75,4857.35,0.85,0,0,0,0,2,UPI_P2P,0
TXN_000558,4964.09,3545.78,1.4,0,0,0,0,1,UPI_P2M,0
TXN_005411,1113.82,2784.56,0.4,0,0,0,0,2,UPI_P2P,0
TXN_003572,4492.57,5615.71,0.8,0,0,0,0,2,UPI_P2P,0
TXN_001805,20472.27,9566.48,2.14,0,0,0,0,1,BILL_PAY,0
TXN_000217,1847.38,3770.17,0.49,0,0,0,0,1,UPI_P2M,0
TXN_005246,444.96,1390.49,0.32,0,0,0,0,1,BILL_PAY,0
TXN_000164,4714.06,3228.81,1.46,0,0,1,0,2,UPI_P2P,0
TXN_005234,2307.2,2330.5,0.99,0,0,0,0,1,UPI_P2M,0
TXN_003573,16519.37,9891.84,1.67,0,0,0,0,1,UPI_P2M,0
TXN_000994,6145.51,4956.06,1.24,0,0,0,0,1,UPI_P2P,0
TXN_000532,6014.28,5517.69,1.09,0,0,0,0,1,UPI_P2P,0
TXN_003138,5433.12,3528.0,1.54,0,0,0,0,2,UPI_P2M,0
TXN_001055,3330.41,1534.75,2.17,0,0,0,0,1,UPI_P2M,0
TXN_000214,4853.49,2438.94,1.99,0,0,0,0,1,IMPS_WIRE,0
TXN_005606,1541.41,934.19,1.65,0,0,0,0,2,UPI_P2P,0
TXN_001312,4853.61,2390.94,2.03,0,0,0,0,1,BILL_PAY,0
TXN_000907,502.46,1477.82,0.34,0,0,0,0,3,UPI_P2M,0
TXN_003688,383.06,851.24,0.45,0,0,0,0,1,UPI_P2M,0
TXN_005556,2794.09,3991.56,0.7,0,0,0,0,1,UPI_P2P,0
TXN_001206,2553.43,4479.71,0.57,0,0,0,0,1,UPI_P2M,0
TXN_003485,4975.0,4180.67,1.19,0,0,0,0,1,UPI_P2M,0
TXN_002625,3043.85,2536.54,1.2,0,0,0,0,2,UPI_P2P,0
TXN_004408,6799.48,4120.9,1.65,0,0,0,0,1,BILL_PAY,0
TXN_005838,3958.49,612.77,6.46,1,1,1,0,4,UPI_P2P,1
TXN_000102,2044.23,1017.03,2.01,0,0,0,0,1,UPI_P2M,0
TXN_005249,4305.99,3032.39,1.42,0,0,0,0,1,UPI_P2P,0
TXN_003211,18867.92,15989.76,1.18,1,0,0,0,2,UPI_P2M,0
TXN_002138,5108.23,3622.86,1.41,0,0,0,0,1,BILL_PAY,0
TXN_000055,589.19,1309.32,0.45,0,0,0,0,3,UPI_P2M,0
TXN_004881,5497.42,9478.31,0.58,0,0,0,0,2,UPI_P2P,0
TXN_003131,1630.71,849.33,1.92,0,0,0,0,1,UPI_P2P,0
TXN_004076,5748.66,3074.15,1.87,0,0,0,0,1,UPI_P2P,0
TXN_000176,5496.72,2848.04,1.93,0,0,0,0,1,UPI_P2M,0
TXN_003827,1225.86,666.23,1.84,0,0,0,0,1,UPI_P2M,0
TXN_005984,35591.56,6805.27,5.23,1,1,0,1,4,IMPS_WIRE,1
TXN_004710,3871.91,3024.93,1.28,0,0,0,0,1,BILL_PAY,0
TXN_002737,1010.5,619.94,1.63,0,0,0,0,1,UPI_P2M,0
TXN_001223,2115.94,2432.12,0.87,0,0,0,0,1,UPI_P2M,0
TXN_002908,268.25,654.26,0.41,0,0,0,0,3,UPI_P2P,0
TXN_002425,2777.75,5446.56,0.51,0,0,0,0,3,BILL_PAY,0
TXN_002871,11256.09,8156.59,1.38,0,0,0,0,2,UPI_P2M,0
TXN_003160,1458.59,4051.65,0.36,0,0,0,0,2,UPI_P2M,0
TXN_000354,3242.01,1761.96,1.84,0,0,0,0,1,UPI_P2M,0
TXN_005258,5014.54,4043.98,1.24,0,0,0,0,1,UPI_P2M,0
TXN_002112,15433.04,8387.52,1.84,0,0,0,0,1,UPI_P2P,0
TXN_004253,1660.76,982.7,1.69,0,1,0,0,1,UPI_P2M,0
TXN_000229,523.56,439.97,1.19,0,0,0,0,1,UPI_P2M,0
TXN_004093,923.85,1592.85,0.58,0,0,1,0,2,UPI_P2M,0
TXN_004784,7550.5,3794.22,1.99,1,0,0,0,1,UPI_P2M,0
TXN_003079,8617.52,5160.19,1.67,0,0,0,0,1,UPI_P2M,0
TXN_001736,832.43,467.66,1.78,0,0,0,0,1,UPI_P2M,0
TXN_005962,11587.48,810.88,14.29,1,1,1,0,6,IMPS_WIRE,1
TXN_000604,5087.89,4424.25,1.15,0,0,0,0,1,UPI_P2M,0
TXN_002027,8793.8,6466.03,1.36,0,0,0,0,2,UPI_P2M,0
TXN_005578,5913.27,6644.12,0.89,0,0,0,0,1,BILL_PAY,0
TXN_004491,8141.01,5320.92,1.53,0,0,0,0,3,BILL_PAY,0
TXN_005785,9777.57,816.84,11.97,1,0,1,0,12,UPI_P2P,1
TXN_000688,2718.28,1393.99,1.95,0,0,0,0,1,UPI_P2P,0
TXN_005840,18004.27,2791.36,6.45,1,0,0,1,4,UPI_P2P,1
TXN_002844,5745.61,2830.35,2.03,0,0,0,0,2,UPI_P2M,0
TXN_005849,32619.81,2372.35,13.75,1,1,0,0,8,CRYPTO_ONRAMP,1
TXN_000567,500.99,695.82,0.72,0,0,0,0,1,UPI_P2M,0
TXN_000251,6062.13,4592.52,1.32,0,0,0,0,2,BILL_PAY,0
TXN_001958,12819.41,12208.96,1.05,0,0,0,0,1,UPI_P2M,0
TXN_005346,2117.19,4923.69,0.43,0,0,0,0,3,UPI_P2P,0
TXN_004044,18467.93,10927.77,1.69,0,0,0,0,1,UPI_P2M,0
TXN_000774,8288.34,6139.51,1.35,1,0,1,0,1,UPI_P2M,0
TXN_002905,4225.81,3876.89,1.09,0,0,0,0,1,BILL_PAY,0
TXN_000302,508.46,1081.84,0.47,1,0,0,0,1,UPI_P2M,0
TXN_003072,1571.1,801.58,1.96,0,0,0,0,1,UPI_P2P,0
TXN_005758,48459.3,4541.64,10.67,1,1,0,0,4,IMPS_WIRE,1
TXN_003102,14232.37,9241.8,1.54,0,0,0,0,1,UPI_P2M,0
TXN_003720,835.83,1547.83,0.54,0,0,0,0,2,UPI_P2P,0
TXN_000889,5060.3,4478.14,1.13,0,0,0,0,1,UPI_P2M,0
TXN_004336,5987.75,10692.41,0.56,0,0,0,0,1,BILL_PAY,0
TXN_003119,6186.15,4016.98,1.54,0,0,0,0,1,UPI_P2M,0
TXN_004867,4689.42,2619.79,1.79,0,0,0,0,1,UPI_P2M,0
TXN_004417,6172.94,4860.58,1.27,0,0,0,0,1,BILL_PAY,0
TXN_003679,31673.19,15082.47,2.1,0,0,0,0,2,UPI_P2M,0
TXN_000759,8138.93,4049.22,2.01,0,0,0,0,3,UPI_P2P,0
TXN_003856,518.99,518.99,1.0,0,0,0,0,1,UPI_P2P,0
TXN_001739,15506.73,11747.52,1.32,0,1,0,0,1,UPI_P2M,0
TXN_005919,38678.99,3165.22,12.22,1,0,0,0,8,UPI_P2P,1
TXN_005099,8441.06,4823.46,1.75,0,0,0,0,1,IMPS_WIRE,0
TXN_005905,3125.6,591.97,5.28,1,1,1,0,6,UPI_P2P,1
TXN_002794,2794.6,2348.4,1.19,0,0,0,0,1,UPI_P2P,0
TXN_001507,1631.94,1682.41,0.97,0,0,0,0,1,UPI_P2M,0
TXN_000912,6621.41,3740.91,1.77,0,0,0,0,1,UPI_P2M,0
TXN_004891,2090.34,1990.8,1.05,0,0,0,0,1,BILL_PAY,0
TXN_003612,777.54,893.72,0.87,0,0,0,0,1,UPI_P2P,0
TXN_005586,11433.58,6887.7,1.66,0,0,0,0,1,UPI_P2M,0
TXN_005500,1973.54,1440.54,1.37,0,0,0,0,1,UPI_P2M,0
TXN_005495,11992.19,7542.26,1.59,0,0,0,0,3,UPI_P2P,0
TXN_005817,56872.7,4272.93,13.31,1,1,0,1,4,CRYPTO_ONRAMP,1
TXN_005630,6818.31,8315.01,0.82,0,0,0,0,1,UPI_P2M,0
TXN_005085,3291.32,2813.09,1.17,0,0,0,0,1,UPI_P2M,0
TXN_003678,1819.31,1045.58,1.74,0,0,0,0,1,UPI_P2M,0
TXN_003694,1608.97,748.36,2.15,0,0,0,0,1,UPI_P2M,0
TXN_001912,5643.73,6134.49,0.92,0,0,1,0,1,UPI_P2M,0
TXN_005197,5411.7,4038.58,1.34,0,0,0,0,1,UPI_P2M,0
TXN_003323,1609.56,1490.33,1.08,0,0,0,0,1,UPI_P2P,0
TXN_000980,7050.47,3938.81,1.79,0,0,0,0,1,UPI_P2M,0
TXN_002309,12134.38,6191.01,1.96,0,0,0,0,1,UPI_P2M,0
TXN_004426,11001.59,9245.03,1.19,0,0,0,0,2,UPI_P2M,0
TXN_000024,2202.56,1707.41,1.29,0,0,0,0,1,UPI_P2M,0
TXN_000434,643.8,990.46,0.65,0,0,1,0,1,BILL_PAY,0
TXN_003814,9251.7,8115.53,1.14,0,0,0,0,1,UPI_P2M,0
TXN_001586,3259.93,4126.5,0.79,0,0,0,0,3,UPI_P2P,0
TXN_002480,1929.99,1122.09,1.72,0,0,0,0,1,UPI_P2M,0
TXN_003018,2976.02,3968.03,0.75,1,0,1,0,1,UPI_P2M,0
TXN_005706,7490.22,882.24,8.49,0,1,0,1,4,IMPS_WIRE,1
TXN_002587,175.5,474.32,0.37,0,0,0,0,2,UPI_P2M,0
TXN_000054,3913.24,2248.99,1.74,0,0,0,0,1,UPI_P2M,0
TXN_001951,2422.93,2375.42,1.02,0,0,0,0,1,UPI_P2M,0
TXN_001664,7790.04,6085.97,1.28,0,0,0,0,4,UPI_P2M,0
TXN_003414,829.96,1168.96,0.71,0,1,0,0,1,UPI_P2M,0
TXN_001838,3054.88,3680.58,0.83,0,0,0,0,1,UPI_P2P,0
TXN_002031,1133.17,1618.82,0.7,1,0,0,0,1,UPI_P2M,0
TXN_002991,1328.65,4026.21,0.33,0,0,0,0,2,UPI_P2P,0
TXN_003206,554.22,571.36,0.97,0,0,0,0,1,UPI_P2M,0
TXN_002331,4211.8,2904.69,1.45,0,1,0,0,2,UPI_P2P,0
TXN_001560,993.52,1399.32,0.71,0,0,0,0,1,IMPS_WIRE,0
TXN_005680,47988.63,4672.7,10.27,1,0,0,1,12,CRYPTO_ONRAMP,1
TXN_000409,3743.39,3531.5,1.06,0,0,0,0,2,UPI_P2P,0
TXN_000808,2853.3,1817.39,1.57,0,0,0,0,1,UPI_P2P,0
TXN_002590,6335.06,3105.42,2.04,0,0,0,0,1,UPI_P2P,0
TXN_000269,5414.41,7031.7,0.77,0,0,0,0,1,UPI_P2P,0
TXN_005328,4339.92,2086.5,2.08,0,0,0,0,2,UPI_P2P,0
TXN_005940,45867.77,3522.87,13.02,0,1,1,1,8,UPI_P2P,1
TXN_002497,2850.42,1863.02,1.53,0,0,0,0,1,BILL_PAY,0
TXN_002646,1013.12,1558.65,0.65,0,0,1,0,1,UPI_P2M,0
TXN_000531,16581.4,7641.2,2.17,0,0,0,0,1,UPI_P2M,0
TXN_000564,776.0,718.52,1.08,0,0,1,0,1,UPI_P2M,0
TXN_002496,18582.92,13369.01,1.39,0,0,0,0,2,UPI_P2P,0
TXN_000283,2713.49,1910.91,1.42,0,0,0,0,1,UPI_P2M,0
TXN_001169,2532.34,2532.34,1.0,0,0,0,0,1,UPI_P2M,0
TXN_000202,5353.77,2862.98,1.87,0,0,0,0,2,UPI_P2M,0
TXN_000905,524.07,1069.53,0.49,0,0,0,0,1,UPI_P2P,0
TXN_004695,3444.54,2570.55,1.34,0,0,0,0,1,UPI_P2M,0
TXN_005916,28830.59,2315.71,12.45,1,1,0,0,6,IMPS_WIRE,1
TXN_005372,1703.23,1310.18,1.3,0,0,0,0,1,UPI_P2M,0
TXN_003378,465.75,405.0,1.15,1,0,1,0,1,UPI_P2P,0
TXN_005750,20969.2,1447.15,14.49,1,1,0,1,6,IMPS_WIRE,1
TXN_003244,11248.1,10920.49,1.03,0,0,0,0,1,UPI_P2P,0
TXN_005670,53344.07,6380.87,8.36,1,1,0,1,4,UPI_P2P,1
TXN_002224,1999.07,1098.39,1.82,0,0,0,0,1,UPI_P2M,0
TXN_001212,6247.94,5340.12,1.17,0,0,0,0,1,UPI_P2M,0
TXN_000263,8065.43,6777.67,1.19,0,0,0,0,1,UPI_P2M,0
TXN_001862,6495.43,9992.97,0.65,0,0,0,0,1,UPI_P2P,0
TXN_004326,1261.12,1167.7,1.08,0,0,0,0,1,UPI_P2P,0
TXN_000887,17367.95,8192.43,2.12,0,0,0,0,1,UPI_P2P,0
TXN_005338,795.23,449.28,1.77,0,0,0,0,2,UPI_P2P,0
TXN_001543,7357.3,4627.23,1.59,0,0,1,0,1,BILL_PAY,0
TXN_002432,611.35,650.37,0.94,0,0,0,0,2,UPI_P2M,0
TXN_005019,7006.99,8243.52,0.85,0,0,0,0,1,BILL_PAY,0
TXN_000460,3105.3,5447.89,0.57,0,0,0,0,1,UPI_P2M,0
TXN_004735,2854.01,2912.26,0.98,1,0,1,0,1,UPI_P2M,0
TXN_002711,1021.09,1147.29,0.89,0,0,0,0,1,UPI_P2M,0
TXN_003430,13217.66,8811.77,1.5,1,0,0,0,1,BILL_PAY,0
TXN_000671,1702.66,1442.93,1.18,0,0,0,0,1,BILL_PAY,0
TXN_002619,7049.05,4518.62,1.56,0,0,0,0,3,UPI_P2M,0
TXN_002310,3205.19,1660.72,1.93,0,0,0,0,1,BILL_PAY,0
TXN_004340,1750.15,3070.43,0.57,1,0,0,0,1,UPI_P2P,0
TXN_005010,609.8,771.9,0.79,0,0,0,0,1,UPI_P2P,0
TXN_005444,503.82,599.79,0.84,0,0,0,0,2,UPI_P2M,0
TXN_000137,15224.17,7462.83,2.04,0,0,0,0,1,UPI_P2M,0
TXN_001896,535.73,1245.89,0.43,0,0,0,0,1,UPI_P2M,0
TXN_001882,2595.42,3053.43,0.85,1,0,0,0,2,UPI_P2M,0
TXN_001538,6994.01,3586.67,1.95,0,0,0,0,1,BILL_PAY,0
TXN_002990,4308.29,3099.49,1.39,0,0,0,0,1,BILL_PAY,0
TXN_001974,6038.74,4193.57,1.44,0,0,0,0,1,UPI_P2P,0
TXN_004812,3639.0,2128.07,1.71,1,0,0,0,1,UPI_P2M,0
TXN_001660,10819.28,6112.59,1.77,0,0,0,0,1,UPI_P2P,0
TXN_004746,1077.48,2835.48,0.38,0,1,0,0,1,UPI_P2M,0
TXN_003139,1419.1,1433.43,0.99,0,0,0,0,2,UPI_P2M,0
TXN_000749,4462.58,3781.85,1.18,1,0,0,0,2,UPI_P2M,0
TXN_004281,2119.32,1054.39,2.01,0,0,0,0,1,UPI_P2M,0
TXN_006000,66173.86,8870.49,7.46,1,1,1,0,6,CRYPTO_ONRAMP,1
TXN_001457,10644.75,4974.18,2.14,0,0,0,0,1,UPI_P2M,0
TXN_000582,3126.75,1828.51,1.71,0,0,0,0,3,UPI_P2M,0
TXN_000623,8060.71,5409.87,1.49,0,0,0,0,1,UPI_P2M,0
TXN_003788,266.2,429.36,0.62,1,0,0,0,2,IMPS_WIRE,0
TXN_002615,1405.44,976.0,1.44,1,0,1,0,1,UPI_P2M,0
TXN_000023,2259.04,1448.1,1.56,0,0,0,0,1,BILL_PAY,0
TXN_003492,18819.15,9957.22,1.89,0,0,0,0,4,UPI_P2M,0
TXN_005458,3265.93,7257.63,0.45,0,0,0,0,2,UPI_P2M,0
TXN_003994,6684.96,5762.9,1.16,0,0,0,0,1,UPI_P2M,0
TXN_004505,3938.13,2812.95,1.4,0,1,0,0,1,UPI_P2M,0
TXN_005334,317.15,411.88,0.77,0,0,0,0,1,UPI_P2M,0
TXN_002919,8660.28,8018.78,1.08,0,1,1,0,1,UPI_P2P,0
TXN_004729,4065.49,2074.23,1.96,0,0,0,0,1,UPI_P2M,0
TXN_005144,1153.64,2354.36,0.49,0,0,0,0,1,UPI_P2P,0
TXN_000924,580.31,853.39,0.68,0,0,0,0,3,UPI_P2P,0
TXN_002573,4384.27,2225.52,1.97,0,0,0,0,1,UPI_P2M,0
TXN_003725,2122.99,4082.67,0.52,0,0,1,0,1,UPI_P2P,0
TXN_001180,1751.18,3072.25,0.57,0,0,0,0,1,UPI_P2M,0
TXN_000471,2053.32,1520.98,1.35,0,0,0,0,1,UPI_P2M,0
TXN_005452,9083.11,5860.07,1.55,0,0,0,0,2,UPI_P2P,0
TXN_003320,819.32,712.45,1.15,0,0,1,0,1,BILL_PAY,0
TXN_001983,791.6,439.78,1.8,0,0,0,0,1,UPI_P2P,0
TXN_005418,6148.58,2873.17,2.14,0,0,0,0,3,UPI_P2P,0
TXN_001138,15728.31,10922.44,1.44,1,0,0,0,1,UPI_P2M,0
TXN_005812,3307.55,702.24,4.71,0,1,1,0,6,IMPS_WIRE,1
TXN_003449,1907.25,6152.43,0.31,0,0,0,0,1,UPI_P2M,0
TXN_001228,1926.48,3440.15,0.56,0,0,0,0,1,IMPS_WIRE,0
TXN_002772,14001.31,7487.33,1.87,0,0,0,0,1,UPI_P2M,0
TXN_002718,6110.57,3573.43,1.71,0,0,0,0,1,UPI_P2P,0
TXN_002670,2731.75,8812.11,0.31,0,0,0,0,1,UPI_P2P,0
TXN_003717,806.72,1152.45,0.7,0,0,0,0,1,UPI_P2M,0
TXN_002053,2539.8,1628.08,1.56,0,0,0,0,1,UPI_P2M,0
TXN_001193,2459.03,1743.99,1.41,1,0,0,0,1,UPI_P2P,0
TXN_003429,3165.72,3860.63,0.82,0,0,0,0,1,UPI_P2M,0
TXN_000182,3410.77,2545.35,1.34,0,0,0,0,1,UPI_P2P,0
TXN_004180,351.44,585.74,0.6,0,0,0,0,1,UPI_P2P,0
TXN_002784,7686.82,4575.49,1.68,1,0,0,0,1,UPI_P2P,0
TXN_002915,2600.98,1970.44,1.32,0,0,0,0,2,UPI_P2M,0
TXN_003391,2360.52,1934.85,1.22,0,0,0,0,1,UPI_P2M,0
TXN_000709,286.45,540.48,0.53,0,0,0,0,2,UPI_P2M,0
TXN_003291,16450.66,7871.13,2.09,0,0,1,0,1,UPI_P2M,0
TXN_001649,1785.34,4057.6,0.44,0,0,0,0,3,UPI_P2P,0
TXN_001816,3100.89,5255.75,0.59,0,0,1,0,2,UPI_P2M,0
TXN_001438,6903.38,5705.27,1.21,0,0,0,0,1,UPI_P2M,0
TXN_004831,2554.77,3275.35,0.78,0,0,0,0,1,UPI_P2P,0
TXN_003262,3897.2,5904.85,0.66,1,0,0,0,2,UPI_P2P,0
TXN_004811,1074.86,2442.87,0.44,0,0,0,0,1,UPI_P2M,0
TXN_005533,243.89,518.91,0.47,0,0,0,0,1,UPI_P2P,0
TXN_003482,16954.72,11154.42,1.52,0,0,0,0,2,BILL_PAY,0
TXN_005810,45096.82,7995.89,5.64,1,1,0,0,4,IMPS_WIRE,1
TXN_001472,2707.79,1631.2,1.66,1,0,0,0,2,UPI_P2P,0
TXN_005898,31711.61,2406.04,13.18,1,0,1,1,4,IMPS_WIRE,1
TXN_002040,4031.31,5522.34,0.73,0,1,0,0,1,UPI_P2P,0
TXN_002311,12622.47,7212.84,1.75,0,0,0,0,1,UPI_P2P,0
TXN_005358,4802.36,12979.34,0.37,0,0,0,0,1,UPI_P2P,0
TXN_005375,824.76,2499.28,0.33,0,0,0,0,1,UPI_P2P,0
TXN_005468,1575.01,2386.38,0.66,0,0,0,0,1,UPI_P2M,0
TXN_002014,1302.23,2170.39,0.6,1,0,0,0,1,UPI_P2P,0
TXN_005059,1136.8,778.63,1.46,0,0,0,0,2,UPI_P2P,0
TXN_005090,6465.11,3848.28,1.68,0,0,0,0,3,UPI_P2P,0
TXN_001270,9328.62,5300.35,1.76,0,0,0,0,2,UPI_P2P,0
TXN_005555,2495.53,1610.02,1.55,0,0,0,0,1,UPI_P2M,0
TXN_003662,4435.61,2704.64,1.64,0,0,0,0,2,UPI_P2M,0
TXN_002315,5120.5,4031.89,1.27,0,0,0,0,2,BILL_PAY,0
TXN_000904,2723.48,4189.97,0.65,0,0,0,0,2,UPI_P2M,0
TXN_003768,11122.68,6823.73,1.63,0,0,0,0,1,UPI_P2P,0
TXN_001648,5355.34,12454.27,0.43,0,0,0,0,1,UPI_P2M,0
TXN_002779,1390.14,817.73,1.7,0,0,0,0,1,UPI_P2P,0
TXN_002356,2691.39,2300.33,1.17,0,0,0,0,1,UPI_P2P,0
TXN_003734,10380.94,6740.87,1.54,0,0,0,0,1,UPI_P2P,0
TXN_004504,2315.82,1654.16,1.4,0,0,0,0,1,UPI_P2M,0
TXN_003289,7485.79,9241.72,0.81,0,0,0,0,1,UPI_P2M,0
TXN_000891,1079.65,537.14,2.01,0,1,1,0,2,UPI_P2M,0
TXN_001147,1551.01,1211.73,1.28,0,0,0,0,1,UPI_P2M,0
TXN_001255,13939.8,6969.9,2.0,0,0,0,0,1,UPI_P2P,0
TXN_000089,4645.03,4509.74,1.03,0,0,0,0,3,BILL_PAY,0
TXN_000630,891.5,632.27,1.41,0,0,0,0,2,UPI_P2M,0
TXN_003508,5540.62,2855.99,1.94,0,0,0,0,2,BILL_PAY,0
TXN_000329,1552.49,1568.17,0.99,0,0,0,0,1,UPI_P2M,0
TXN_001810,3756.35,5962.46,0.63,0,0,0,0,2,UPI_P2M,0
TXN_001012,4026.53,10066.32,0.4,0,0,0,0,3,UPI_P2M,0
TXN_003001,2555.9,4056.99,0.63,0,0,0,0,1,UPI_P2M,0
TXN_005484,1353.51,966.79,1.4,0,0,0,0,2,UPI_P2M,0
TXN_003965,3461.13,5582.47,0.62,0,0,0,0,2,UPI_P2M,0
TXN_000052,2185.53,1720.89,1.27,0,0,0,0,1,BILL_PAY,0
TXN_002557,5890.75,3613.96,1.63,0,0,0,0,1,UPI_P2M,0
TXN_000367,5456.38,4229.75,1.29,0,0,0,0,3,BILL_PAY,0
TXN_001588,426.3,655.85,0.65,0,0,0,0,1,UPI_P2P,0
TXN_004128,4368.75,2263.6,1.93,0,0,0,0,1,UPI_P2M,0
TXN_004863,1970.66,920.87,2.14,0,0,0,0,2,UPI_P2P,0
TXN_001766,2806.15,1541.84,1.82,0,0,0,0,1,UPI_P2P,0
TXN_002376,2121.44,1860.91,1.14,0,0,0,0,1,UPI_P2P,0
TXN_000927,13973.2,7315.81,1.91,0,0,1,0,2,UPI_P2M,0
TXN_000784,2042.13,4254.43,0.48,0,0,0,0,2,UPI_P2M,0
TXN_003517,4913.48,3484.74,1.41,0,0,0,0,3,UPI_P2M,0
TXN_002879,4352.21,3885.9,1.12,0,0,0,0,3,BILL_PAY,0
TXN_001477,5646.5,4785.17,1.18,0,0,0,0,2,UPI_P2M,0
TXN_000156,1090.32,2422.94,0.45,0,0,0,0,1,UPI_P2M,0
TXN_005585,1254.94,2728.14,0.46,0,0,1,0,4,UPI_P2M,0
TXN_001088,2460.74,1301.98,1.89,0,0,0,0,2,UPI_P2M,0
TXN_002735,6783.65,6922.09,0.98,1,0,0,0,1,UPI_P2M,0
TXN_000172,1193.56,1065.68,1.12,0,0,0,0,1,UPI_P2P,0
TXN_005833,39821.04,5066.29,7.86,1,1,0,0,8,UPI_P2P,1
TXN_005021,5316.2,9326.67,0.57,0,0,0,0,2,UPI_P2M,0
TXN_005695,119837.14,14283.33,8.39,1,1,0,1,8,UPI_P2P,1
TXN_002421,23852.94,11304.71,2.11,0,0,0,0,1,UPI_P2M,0
TXN_003762,5504.03,3276.21,1.68,0,0,0,0,1,IMPS_WIRE,0
TXN_002864,572.66,1168.7,0.49,0,0,0,0,2,UPI_P2M,0
TXN_005515,2186.29,6625.13,0.33,0,0,1,0,2,UPI_P2M,0
TXN_004332,658.65,526.92,1.25,1,0,0,0,1,UPI_P2P,0
TXN_000668,20454.65,13282.24,1.54,0,0,0,0,1,UPI_P2M,0
TXN_001040,26720.91,15096.56,1.77,0,0,0,0,2,UPI_P2P,0
TXN_001238,5982.39,3067.89,1.95,0,0,0,0,2,UPI_P2P,0
TXN_005161,2509.22,3216.95,0.78,0,0,0,0,1,UPI_P2P,0
TXN_000313,3770.51,3770.51,1.0,0,0,0,0,1,IMPS_WIRE,0
TXN_000355,2271.49,1428.61,1.59,0,0,0,0,1,BILL_PAY,0
TXN_004023,1224.37,2498.71,0.49,0,0,0,0,1,UPI_P2M,0
TXN_000635,3066.12,3607.2,0.85,1,0,0,0,2,UPI_P2M,0
TXN_004141,3936.26,1830.82,2.15,1,0,0,0,1,UPI_P2P,0
TXN_000333,457.66,775.7,0.59,0,0,0,0,1,UPI_P2M,0
TXN_005423,1703.51,882.65,1.93,0,0,0,0,2,UPI_P2M,0
TXN_000013,4530.97,2531.27,1.79,0,0,0,0,1,UPI_P2P,0
TXN_000785,4433.83,3822.27,1.16,0,0,0,0,1,UPI_P2P,0
TXN_004489,2997.87,1795.13,1.67,0,0,0,0,1,UPI_P2M,0
TXN_001675,1305.82,1718.19,0.76,1,0,0,0,1,UPI_P2M,0
TXN_001698,18599.32,8492.84,2.19,0,0,1,0,1,UPI_P2P,0
TXN_001056,632.93,930.78,0.68,1,1,0,0,1,UPI_P2M,0
TXN_004985,2938.2,5246.79,0.56,0,0,0,0,1,UPI_P2P,0
TXN_000391,6043.53,4544.01,1.33,0,0,0,0,1,UPI_P2P,0
TXN_004842,3188.23,1714.1,1.86,0,0,0,0,2,UPI_P2M,0
TXN_004014,4763.13,6524.83,0.73,0,0,0,0,3,UPI_P2M,0
TXN_005448,2192.15,3715.51,0.59,0,0,0,0,1,BILL_PAY,0
TXN_001678,507.85,1128.55,0.45,0,0,0,0,3,UPI_P2M,0
TXN_005778,33078.42,3301.24,10.02,1,1,1,0,4,IMPS_WIRE,1
TXN_005308,2701.86,2127.45,1.27,0,0,1,0,1,UPI_P2P,0
TXN_005604,4121.87,5646.4,0.73,0,0,0,0,1,UPI_P2M,0
TXN_004102,10274.82,10073.35,1.02,0,0,1,0,1,UPI_P2M,0
TXN_004610,3758.63,6960.43,0.54,0,0,0,0,1,UPI_P2P,0
TXN_001523,8341.7,5086.4,1.64,0,0,0,0,1,UPI_P2M,0
TXN_005042,5124.71,4132.83,1.24,0,0,0,0,1,UPI_P2M,0
TXN_005548,2363.1,2625.67,0.9,1,0,0,0,1,BILL_PAY,0
TXN_002156,3209.3,1535.55,2.09,0,0,1,0,1,UPI_P2M,0
TXN_000718,333.53,926.46,0.36,0,0,0,0,3,IMPS_WIRE,0
TXN_005071,610.84,513.31,1.19,1,0,0,0,3,UPI_P2P,0
TXN_000407,1775.32,866.01,2.05,0,0,0,0,3,UPI_P2P,0
TXN_002618,886.18,2858.63,0.31,0,0,1,0,1,UPI_P2M,0
TXN_004484,6012.85,3536.97,1.7,0,0,0,0,1,UPI_P2P,0
TXN_002594,4307.71,4351.22,0.99,0,0,0,0,2,UPI_P2M,0
TXN_001834,4145.65,6796.15,0.61,1,0,0,0,1,UPI_P2M,0
TXN_001929,2609.5,1932.96,1.35,0,0,0,0,1,UPI_P2M,0
TXN_000830,2495.88,2170.33,1.15,0,0,0,0,1,UPI_P2M,0
TXN_003065,818.19,974.03,0.84,0,0,0,0,1,UPI_P2P,0
TXN_003350,5324.78,6191.6,0.86,0,0,0,0,1,UPI_P2P,0
TXN_005805,4917.44,601.89,8.17,1,1,0,1,4,IMPS_WIRE,1
TXN_005596,2167.88,3674.37,0.59,0,0,0,0,1,UPI_P2M,0
TXN_002848,4735.05,5320.28,0.89,0,0,0,0,1,UPI_P2M,0
TXN_004323,3552.35,3089.0,1.15,0,0,0,0,4,BILL_PAY,0
TXN_004683,1982.52,1573.43,1.26,0,0,0,0,4,UPI_P2M,0
TXN_005043,750.53,514.06,1.46,0,0,0,0,1,UPI_P2M,0
TXN_005799,14822.33,2670.69,5.55,1,1,1,0,6,UPI_P2P,1
TXN_000679,9332.07,8483.7,1.1,0,0,0,0,1,UPI_P2M,0
TXN_002669,2521.61,1827.25,1.38,0,0,0,0,3,BILL_PAY,0
TXN_002045,2740.54,7027.03,0.39,0,0,0,0,1,UPI_P2M,0
TXN_000416,1496.79,1290.34,1.16,0,0,0,0,1,BILL_PAY,0
TXN_001125,1871.01,3598.09,0.52,0,0,0,0,1,UPI_P2M,0
TXN_003021,1917.68,3551.25,0.54,0,0,0,0,1,UPI_P2P,0
TXN_000818,7176.8,9569.07,0.75,0,0,0,0,1,UPI_P2M,0
TXN_003735,3471.91,3733.24,0.93,0,0,0,0,2,UPI_P2M,0
TXN_005892,49892.08,4264.28,11.7,1,1,0,1,8,UPI_P2P,1
TXN_003630,5540.46,4860.05,1.14,1,0,0,0,1,UPI_P2P,0
TXN_003534,652.69,522.15,1.25,0,0,0,0,3,UPI_P2M,0
TXN_004179,2042.5,1559.16,1.31,0,0,0,0,1,UPI_P2M,0
TXN_000720,1878.81,1189.12,1.58,0,0,0,0,2,BILL_PAY,0
TXN_001237,14707.12,8806.66,1.67,0,0,0,0,1,UPI_P2M,0
TXN_002391,427.14,647.18,0.66,0,0,0,0,2,UPI_P2M,0
TXN_000504,8642.64,4524.94,1.91,0,1,0,0,2,UPI_P2P,0
TXN_000347,2188.57,2879.7,0.76,0,0,0,0,1,UPI_P2P,0
TXN_001455,1469.09,1669.42,0.88,0,0,0,0,1,UPI_P2M,0
TXN_005735,15846.83,1216.18,13.03,1,1,1,1,12,UPI_P2P,1
TXN_002059,9761.1,9122.52,1.07,0,0,0,0,1,IMPS_WIRE,0
TXN_001581,834.34,2453.95,0.34,0,0,0,0,1,UPI_P2M,0
TXN_002910,11961.19,9646.12,1.24,0,0,0,0,1,UPI_P2M,0
TXN_003559,2627.48,6110.43,0.43,0,0,0,0,1,UPI_P2M,0
TXN_005286,7410.7,3879.95,1.91,0,0,0,0,1,UPI_P2M,0
TXN_000880,1081.15,806.83,1.34,0,0,0,0,2,UPI_P2M,0
TXN_003368,1389.65,1014.34,1.37,0,0,0,0,2,UPI_P2P,0
TXN_003012,3521.4,7186.53,0.49,0,0,0,0,2,UPI_P2P,0
TXN_000299,2680.34,4254.51,0.63,0,0,0,0,1,IMPS_WIRE,0
TXN_005826,18681.11,1835.08,10.18,1,0,0,0,4,IMPS_WIRE,1
TXN_001357,1916.47,1897.5,1.01,0,0,0,0,2,UPI_P2P,0
TXN_005879,70433.18,5485.45,12.84,1,1,1,0,4,IMPS_WIRE,1
TXN_003394,18616.63,10173.02,1.83,0,0,1,0,2,UPI_P2M,0
TXN_001760,460.52,657.89,0.7,0,0,0,0,2,UPI_P2M,0
TXN_002163,13095.88,6206.58,2.11,0,0,1,0,2,UPI_P2P,0
TXN_002093,1350.53,900.35,1.5,0,0,0,0,2,UPI_P2M,0
TXN_002140,909.65,874.66,1.04,0,0,0,0,1,UPI_P2P,0
TXN_003477,766.3,2471.95,0.31,0,0,0,0,1,UPI_P2M,0
TXN_003924,8241.86,6646.66,1.24,0,0,0,0,1,UPI_P2M,0
TXN_005890,71047.67,6354.89,11.18,1,1,1,0,6,CRYPTO_ONRAMP,1
TXN_001080,4290.82,2494.66,1.72,1,0,0,0,1,BILL_PAY,0
TXN_000550,5522.05,5692.84,0.97,0,0,0,0,1,UPI_P2M,0
TXN_002764,1784.57,3965.71,0.45,1,0,0,0,3,UPI_P2M,0
TXN_005413,5776.36,4584.41,1.26,0,0,0,0,1,UPI_P2M,0
TXN_005435,3006.3,3006.3,1.0,0,0,0,0,1,UPI_P2P,0
TXN_000018,22442.87,12197.21,1.84,0,0,0,0,1,UPI_P2M,0
TXN_004601,12074.63,10591.78,1.14,1,1,0,0,1,UPI_P2M,0
TXN_003157,3473.31,4288.04,0.81,0,0,0,0,3,UPI_P2M,0
TXN_004116,1385.18,1194.12,1.16,0,0,0,0,2,UPI_P2M,0
TXN_003772,7691.96,3528.42,2.18,0,0,0,0,1,BILL_PAY,0
TXN_005697,38547.6,3671.2,10.5,0,1,1,1,12,CRYPTO_ONRAMP,1
TXN_003272,10023.22,12374.34,0.81,1,0,0,0,1,UPI_P2P,0
TXN_003682,5963.97,3122.5,1.91,0,0,0,0,1,BILL_PAY,0
TXN_002667,632.23,718.44,0.88,0,0,0,0,1,UPI_P2M,0
TXN_005755,13346.27,1744.61,7.65,1,0,1,0,4,IMPS_WIRE,1
TXN_004786,1078.24,2200.49,0.49,0,0,0,0,2,UPI_P2M,0
TXN_002686,2014.76,2098.71,0.96,0,0,0,0,2,BILL_PAY,0
TXN_005130,3511.22,7633.09,0.46,0,0,0,0,1,UPI_P2P,0
TXN_002175,9778.64,6519.09,1.5,0,0,0,0,1,UPI_P2P,0
TXN_000422,2313.63,1086.21,2.13,0,0,0,0,1,UPI_P2P,0
TXN_002004,2125.32,1967.89,1.08,0,0,0,0,1,UPI_P2P,0
TXN_004108,2608.31,2070.09,1.26,0,0,0,0,1,UPI_P2M,0
TXN_004062,1292.41,839.23,1.54,0,0,0,0,1,UPI_P2M,0
TXN_002677,2094.14,1586.47,1.32,0,0,0,0,1,UPI_P2M,0
TXN_004267,5850.05,3250.03,1.8,0,0,0,0,1,UPI_P2M,0
TXN_002465,10593.85,5167.73,2.05,0,0,0,0,2,UPI_P2M,0
TXN_004030,3635.7,2693.11,1.35,0,0,0,0,2,UPI_P2P,0
TXN_003389,5883.37,5071.87,1.16,0,0,0,0,1,UPI_P2P,0
TXN_004217,1225.4,631.65,1.94,0,0,0,0,1,IMPS_WIRE,0
TXN_001670,5516.6,3582.21,1.54,0,0,0,0,1,UPI_P2M,0
TXN_000527,18551.21,10192.97,1.82,0,0,0,0,1,UPI_P2P,0
TXN_003169,689.52,1044.73,0.66,0,0,1,0,3,BILL_PAY,0
TXN_000437,4336.07,4014.88,1.08,1,0,0,0,2,UPI_P2M,0
TXN_002211,1616.8,762.64,2.12,0,0,0,0,1,UPI_P2P,0
TXN_004572,15002.05,11812.64,1.27,1,0,0,0,3,UPI_P2P,0
TXN_005339,11288.14,7679.01,1.47,0,0,0,0,1,UPI_P2P,0
TXN_005660,25421.16,1821.0,13.96,1,1,0,1,4,IMPS_WIRE,1
TXN_001703,9564.86,5226.7,1.83,0,0,0,0,2,UPI_P2M,0
TXN_003832,7082.31,5665.85,1.25,0,0,0,0,2,UPI_P2M,0
TXN_001856,724.06,436.18,1.66,0,0,0,0,1,UPI_P2M,0
TXN_000430,1391.1,3312.15,0.42,0,0,0,0,2,UPI_P2M,0
TXN_005573,740.24,471.49,1.57,0,0,0,0,1,IMPS_WIRE,0
TXN_001126,1512.25,744.95,2.03,0,0,0,0,1,UPI_P2M,0
TXN_004020,4060.88,1888.78,2.15,1,0,0,0,1,IMPS_WIRE,0
TXN_004590,1022.5,3298.39,0.31,0,0,0,0,1,UPI_P2P,0
TXN_005117,8753.05,7294.21,1.2,0,0,1,0,1,UPI_P2M,0
TXN_002182,7029.43,5449.17,1.29,0,0,0,0,1,UPI_P2P,0
TXN_001118,6087.67,4257.11,1.43,0,0,0,0,1,UPI_P2M,0
TXN_005078,6492.65,5956.56,1.09,0,0,0,0,3,UPI_P2M,0
TXN_005425,4048.97,10122.43,0.4,0,1,0,0,3,UPI_P2M,0
TXN_004724,21149.21,12740.49,1.66,0,0,0,0,1,UPI_P2M,0
TXN_001140,1685.14,3918.92,0.43,0,0,0,0,2,UPI_P2M,0
TXN_001492,8641.72,4671.2,1.85,0,0,0,0,2,UPI_P2P,0
TXN_004406,1266.13,1194.46,1.06,0,0,0,0,1,UPI_P2M,0
TXN_000998,8170.56,5271.33,1.55,0,0,0,0,1,IMPS_WIRE,0
TXN_000524,464.89,1328.25,0.35,0,0,0,0,1,BILL_PAY,0
TXN_004255,7706.87,9066.91,0.85,0,1,0,0,1,BILL_PAY,0
TXN_003427,15604.41,8766.52,1.78,0,0,0,0,2,IMPS_WIRE,0
TXN_003199,2616.42,2813.36,0.93,0,0,0,0,2,UPI_P2P,0
TXN_003184,1186.08,1944.39,0.61,0,0,0,0,2,UPI_P2P,0
TXN_004827,1024.63,1403.6,0.73,1,0,0,0,1,UPI_P2M,0
TXN_002198,20166.24,10613.81,1.9,0,0,0,0,2,BILL_PAY,0
TXN_003073,3565.05,5750.08,0.62,0,0,0,0,3,UPI_P2P,0
TXN_004632,6704.7,4469.8,1.5,0,0,0,0,1,UPI_P2M,0
TXN_004551,6131.57,3406.43,1.8,0,0,0,0,3,BILL_PAY,0
TXN_000092,18619.79,9451.67,1.97,0,0,0,0,1,UPI_P2M,0
TXN_005752,29939.47,3883.2,7.71,1,1,1,0,4,CRYPTO_ONRAMP,1
TXN_003104,1360.23,1447.05,0.94,0,0,0,0,3,UPI_P2M,0
TXN_001251,11464.5,6551.14,1.75,1,0,0,0,2,UPI_P2P,0
TXN_000084,1140.0,1753.84,0.65,1,0,0,0,2,UPI_P2M,0
TXN_002287,2359.84,1356.23,1.74,0,0,0,0,1,UPI_P2P,0
TXN_001606,1598.58,1011.76,1.58,0,0,0,0,1,UPI_P2M,0
TXN_001182,1980.85,1623.65,1.22,0,0,0,0,1,UPI_P2M,0
TXN_002548,634.73,561.71,1.13,0,0,0,0,1,UPI_P2M,0
TXN_003305,8946.62,10052.38,0.89,0,0,0,0,1,UPI_P2M,0
TXN_003582,6312.17,3872.5,1.63,0,0,0,0,1,BILL_PAY,0
TXN_002706,3668.71,4474.04,0.82,0,0,0,0,2,UPI_P2P,0
TXN_002680,8897.74,7118.19,1.25,0,0,1,0,1,BILL_PAY,0
TXN_000753,2198.68,2074.23,1.06,0,0,0,0,1,UPI_P2P,0
TXN_002043,518.18,1263.85,0.41,0,0,0,0,1,UPI_P2P,0
TXN_002744,2016.85,1292.85,1.56,0,0,0,0,1,UPI_P2M,0
TXN_004662,4164.65,3751.94,1.11,0,0,0,0,1,UPI_P2M,0
TXN_001780,819.57,700.49,1.17,1,0,0,0,2,UPI_P2M,0
TXN_005918,14568.53,2785.57,5.23,0,0,0,0,8,CRYPTO_ONRAMP,1
TXN_003146,976.81,939.24,1.04,0,0,0,0,1,UPI_P2P,0
TXN_002108,7354.83,3954.21,1.86,1,1,0,0,1,UPI_P2M,0
TXN_002507,4654.77,3082.63,1.51,0,0,0,0,2,UPI_P2P,0
TXN_000724,8559.64,4528.91,1.89,0,0,0,0,2,UPI_P2P,0
TXN_005531,2501.55,5322.44,0.47,0,0,0,0,3,UPI_P2P,0
TXN_004313,684.6,472.14,1.45,0,0,0,0,1,UPI_P2M,0
TXN_003180,16673.06,10552.57,1.58,0,0,0,0,1,UPI_P2M,0
TXN_002549,5522.0,6902.5,0.8,0,0,0,0,1,UPI_P2P,0
TXN_005201,879.56,1059.71,0.83,0,0,0,0,1,BILL_PAY,0
TXN_004641,4795.11,2294.31,2.09,0,0,0,0,2,UPI_P2P,0
TXN_004993,10270.14,7551.57,1.36,0,0,0,0,1,UPI_P2M,0
TXN_002234,539.73,899.55,0.6,0,0,0,0,1,BILL_PAY,0
TXN_002477,3474.18,2198.85,1.58,0,0,0,0,1,UPI_P2M,0
TXN_005278,6669.85,5251.85,1.27,0,0,0,0,1,UPI_P2M,0
TXN_003887,1289.8,1401.96,0.92,0,0,0,0,2,BILL_PAY,0
TXN_004503,3686.2,3880.21,0.95,0,0,0,0,1,UPI_P2M,0
TXN_000762,939.08,1916.49,0.49,0,0,0,0,1,UPI_P2M,0
TXN_005759,10809.18,1913.13,5.65,1,1,0,0,4,CRYPTO_ONRAMP,1
TXN_002681,2653.94,3635.53,0.73,0,1,0,0,3,UPI_P2M,0
TXN_004866,1584.62,921.29,1.72,0,0,0,0,1,UPI_P2P,0
TXN_003624,8273.98,4264.94,1.94,0,0,0,0,1,UPI_P2M,0
TXN_001963,5822.73,16636.38,0.35,0,0,0,0,1,UPI_P2M,0
TXN_003330,780.45,907.5,0.86,1,0,0,0,1,UPI_P2P,0
TXN_003557,1475.17,2235.11,0.66,0,0,0,0,1,UPI_P2M,0
TXN_004910,1926.61,1986.2,0.97,0,0,0,0,1,UPI_P2P,0
TXN_004055,9056.96,5146.0,1.76,0,0,0,0,2,UPI_P2M,0
TXN_001364,465.62,637.83,0.73,0,0,0,0,1,UPI_P2M,0
TXN_001591,688.13,809.57,0.85,0,1,0,0,1,BILL_PAY,0
TXN_004578,566.13,1048.38,0.54,0,1,0,0,1,UPI_P2P,0
TXN_003794,3872.09,2291.18,1.69,0,0,0,0,1,UPI_P2P,0
TXN_002111,2480.52,1687.43,1.47,0,0,0,0,1,UPI_P2M,0
TXN_005140,2200.28,1964.54,1.12,0,0,0,0,1,UPI_P2P,0
TXN_005676,8485.12,1996.5,4.25,1,1,0,0,6,IMPS_WIRE,1
TXN_002515,2614.11,4932.28,0.53,0,0,0,0,1,UPI_P2M,0
TXN_005277,4795.07,3400.76,1.41,0,0,0,0,1,UPI_P2M,0
TXN_001220,1845.86,3128.58,0.59,0,0,0,0,3,UPI_P2M,0
TXN_002279,6689.35,4207.14,1.59,0,0,0,0,1,UPI_P2P,0
TXN_003939,4276.85,4112.36,1.04,0,0,1,0,1,UPI_P2M,0
TXN_002393,2336.68,2290.86,1.02,0,0,0,0,3,UPI_P2M,0
TXN_003564,544.26,655.73,0.83,0,0,0,0,1,BILL_PAY,0
TXN_003316,1264.87,2258.7,0.56,0,0,0,0,3,UPI_P2P,0
TXN_001527,1270.29,1494.46,0.85,0,0,1,0,1,UPI_P2M,0
TXN_002409,16362.27,8796.92,1.86,0,0,0,0,1,UPI_P2P,0
TXN_001521,2336.6,1091.87,2.14,1,0,0,0,1,BILL_PAY,0
TXN_000760,2835.8,1376.6,2.06,0,0,0,0,1,UPI_P2P,0
TXN_005296,8416.13,5648.41,1.49,0,0,0,0,1,BILL_PAY,0
TXN_005609,3738.36,2381.12,1.57,0,0,0,0,1,UPI_P2M,0
TXN_001906,5290.65,4521.92,1.17,0,0,0,0,1,UPI_P2M,0
TXN_004454,5895.07,3956.42,1.49,0,0,0,0,1,UPI_P2P,0
TXN_000065,539.01,424.42,1.27,0,0,0,0,2,UPI_P2M,0
TXN_001107,987.47,463.6,2.13,0,0,0,0,1,UPI_P2M,0
TXN_002237,1193.22,1217.57,0.98,1,0,0,0,1,UPI_P2M,0
TXN_005862,25632.23,2540.36,10.09,0,1,1,1,4,CRYPTO_ONRAMP,1
TXN_003312,3621.66,2723.05,1.33,0,0,0,0,2,UPI_P2P,0
TXN_005854,136843.8,9457.07,14.47,0,1,1,1,6,CRYPTO_ONRAMP,1
TXN_003710,1185.89,714.39,1.66,0,0,0,0,1,UPI_P2P,0
TXN_003377,768.19,1669.97,0.46,0,0,0,0,3,UPI_P2P,0
TXN_000814,1564.32,1185.09,1.32,0,0,0,0,2,UPI_P2M,0
TXN_005965,15859.86,2381.36,6.66,1,1,1,1,4,IMPS_WIRE,1
TXN_003685,2278.42,1133.54,2.01,0,0,0,0,1,UPI_P2P,0
TXN_002322,3984.34,7244.25,0.55,0,0,0,0,2,UPI_P2P,0
TXN_002435,6616.04,3576.24,1.85,0,0,0,0,1,UPI_P2P,0
TXN_004328,2329.05,2025.26,1.15,0,0,1,0,1,IMPS_WIRE,0
TXN_001731,916.16,1526.93,0.6,0,0,0,0,3,UPI_P2M,0
TXN_005038,12012.66,14649.58,0.82,0,0,0,0,1,UPI_P2M,0
TXN_004361,2967.38,1715.25,1.73,0,0,0,0,1,UPI_P2M,0
TXN_004585,1265.13,1506.11,0.84,0,0,0,0,1,UPI_P2M,0
TXN_005183,415.65,407.5,1.02,0,0,0,0,1,BILL_PAY,0
TXN_005729,15848.66,2153.35,7.36,0,1,0,0,8,CRYPTO_ONRAMP,1
TXN_004250,947.48,1052.76,0.9,0,0,0,0,1,UPI_P2P,0
TXN_003667,13386.07,10376.8,1.29,0,0,0,0,1,UPI_P2M,0
TXN_005621,2585.57,1319.17,1.96,0,0,0,0,1,UPI_P2M,0
TXN_004452,9931.5,5707.76,1.74,0,0,0,0,1,UPI_P2M,0
TXN_001935,1787.48,4156.94,0.43,0,0,0,0,1,BILL_PAY,0
TXN_000020,5055.48,4434.63,1.14,0,0,0,0,3,BILL_PAY,0
TXN_001516,1282.49,1176.6,1.09,0,0,0,0,2,UPI_P2M,0
TXN_000349,2228.76,1591.97,1.4,0,0,0,0,2,BILL_PAY,0
TXN_004813,1962.01,2109.69,0.93,0,0,0,0,1,UPI_P2P,0
TXN_004095,2940.36,2970.06,0.99,0,0,0,0,1,UPI_P2M,0
TXN_001991,12171.06,6650.85,1.83,0,0,0,0,1,UPI_P2P,0
TXN_003551,293.92,432.23,0.68,0,0,0,0,3,UPI_P2M,0
TXN_004675,7886.71,4086.38,1.93,0,0,0,0,1,BILL_PAY,0
TXN_001779,1868.36,1518.99,1.23,0,0,0,0,1,UPI_P2P,0
TXN_005542,3060.97,2082.29,1.47,0,0,0,0,1,UPI_P2M,0
TXN_001556,3004.57,3953.38,0.76,0,0,0,0,1,UPI_P2M,0
TXN_005721,15244.94,1554.02,9.81,1,1,0,0,4,CRYPTO_ONRAMP,1
TXN_000271,16212.13,11180.78,1.45,0,0,0,0,2,UPI_P2P,0
TXN_000398,909.38,463.97,1.96,0,0,0,0,1,BILL_PAY,0
TXN_002336,3897.37,1978.36,1.97,0,0,0,0,1,UPI_P2M,0
TXN_003326,1407.22,725.37,1.94,0,0,0,0,3,UPI_P2P,0
TXN_001326,1220.08,1220.08,1.0,0,0,0,0,1,UPI_P2P,0
TXN_000359,14089.14,6614.62,2.13,0,0,0,0,3,UPI_P2P,0
TXN_001419,6979.58,17896.35,0.39,0,0,0,0,1,UPI_P2P,0
TXN_001677,11018.39,8744.75,1.26,0,0,0,0,2,UPI_P2P,0
TXN_003027,3239.46,3085.2,1.05,0,0,0,0,3,UPI_P2M,0
TXN_000885,2152.49,2049.99,1.05,0,0,0,0,1,UPI_P2P,0
TXN_000761,1284.52,617.56,2.08,0,1,0,0,1,BILL_PAY,0
TXN_005748,28203.65,2869.14,9.83,1,1,0,1,4,CRYPTO_ONRAMP,1
TXN_005491,6476.14,4528.77,1.43,0,0,0,0,1,UPI_P2M,0
TXN_001614,1326.58,1367.61,0.97,0,0,0,0,1,UPI_P2M,0
TXN_005802,118556.25,9484.5,12.5,1,0,1,1,6,CRYPTO_ONRAMP,1
TXN_005443,4735.11,2922.91,1.62,0,0,0,0,1,UPI_P2M,0
TXN_003020,1705.41,874.57,1.95,0,0,0,0,1,UPI_P2M,0
TXN_000274,1298.59,821.89,1.58,0,0,0,0,1,BILL_PAY,0
TXN_000721,6078.1,12662.71,0.48,0,0,0,0,1,UPI_P2M,0
TXN_000201,1569.67,780.93,2.01,0,0,0,0,3,UPI_P2M,0
TXN_002870,630.93,539.26,1.17,0,0,0,0,1,UPI_P2M,0
TXN_004476,2848.65,1523.34,1.87,0,0,0,0,1,UPI_P2M,0
TXN_004147,433.92,657.45,0.66,0,0,0,0,1,BILL_PAY,0
TXN_004241,316.15,410.59,0.77,0,0,0,0,1,UPI_P2P,0
TXN_004717,3933.15,4627.24,0.85,0,0,0,0,2,UPI_P2M,0
TXN_004289,2748.05,4361.99,0.63,0,0,0,0,2,BILL_PAY,0
TXN_005738,25181.66,4141.72,6.08,1,0,1,0,4,CRYPTO_ONRAMP,1
TXN_003443,21607.72,10438.51,2.07,0,0,0,0,1,BILL_PAY,0
TXN_000562,13496.38,7334.99,1.84,0,0,1,0,2,UPI_P2M,0
TXN_001988,3047.47,1508.65,2.02,0,0,0,0,2,BILL_PAY,0
TXN_005047,3873.9,2028.22,1.91,0,0,0,0,1,UPI_P2P,0
TXN_000379,4961.25,3787.21,1.31,0,0,0,0,1,UPI_P2M,0
TXN_003144,8377.6,7480.0,1.12,0,0,0,0,2,UPI_P2M,0
TXN_004555,2127.32,1281.52,1.66,0,0,0,0,2,UPI_P2P,0
TXN_003203,1225.2,615.68,1.99,0,0,0,0,4,UPI_P2P,0
TXN_001828,350.71,508.28,0.69,0,0,0,0,1,UPI_P2P,0
TXN_001897,6055.77,3562.22,1.7,0,0,0,0,4,BILL_PAY,0
TXN_004777,7590.05,5026.52,1.51,0,0,0,0,1,UPI_P2P,0
TXN_003743,3512.68,2209.23,1.59,0,0,0,0,1,UPI_P2M,0
TXN_004744,272.85,419.77,0.65,0,0,0,0,1,UPI_P2M,0
TXN_005389,2843.42,1653.15,1.72,0,0,0,0,1,UPI_P2M,0
TXN_001300,863.83,1570.6,0.55,0,0,0,0,1,BILL_PAY,0
TXN_002631,2241.23,1198.52,1.87,0,0,0,0,1,UPI_P2M,0
TXN_005725,7240.96,553.59,13.08,1,1,1,0,4,UPI_P2P,1
TXN_003863,4883.46,8567.48,0.57,0,0,0,0,3,UPI_P2M,0
TXN_002701,2951.02,1378.98,2.14,0,0,0,0,1,IMPS_WIRE,0
TXN_003036,9534.89,10835.1,0.88,0,0,0,0,1,UPI_P2M,0
TXN_005624,2571.54,2651.07,0.97,0,0,0,0,1,UPI_P2P,0
TXN_003881,1753.25,3730.32,0.47,0,0,0,0,2,UPI_P2M,0
TXN_000651,1065.67,512.34,2.08,0,0,0,0,1,UPI_P2M,0
TXN_001646,1265.98,642.63,1.97,0,0,0,0,3,UPI_P2M,0
TXN_002407,567.19,446.61,1.27,0,0,0,0,2,UPI_P2M,0
TXN_000417,596.08,931.37,0.64,0,0,0,0,1,UPI_P2M,0
TXN_003420,2156.52,1007.72,2.14,0,0,0,0,1,UPI_P2M,0
TXN_004119,8409.26,4646.0,1.81,0,0,0,0,1,UPI_P2P,0
TXN_005517,3831.68,2280.76,1.68,0,0,0,0,2,UPI_P2P,0
TXN_000751,3584.26,2962.2,1.21,0,0,0,0,1,UPI_P2M,0
TXN_004756,4129.78,3152.5,1.31,0,0,0,0,1,UPI_P2P,0
TXN_002471,2087.81,1864.12,1.12,0,1,0,0,2,UPI_P2P,0
TXN_000064,12345.0,6363.4,1.94,0,0,0,0,1,BILL_PAY,0
TXN_002918,8537.71,5970.43,1.43,0,0,0,0,1,IMPS_WIRE,0
TXN_005020,1614.58,3295.07,0.49,1,0,0,0,2,UPI_P2M,0
TXN_004592,1301.0,823.42,1.58,0,0,1,0,1,UPI_P2M,0
TXN_000443,3860.2,6031.56,0.64,0,0,0,0,2,UPI_P2M,0
TXN_005847,67936.42,4937.24,13.76,1,1,0,1,4,CRYPTO_ONRAMP,1
TXN_003398,2188.08,2604.86,0.84,0,0,0,0,3,UPI_P2M,0
TXN_003397,1961.13,2179.03,0.9,0,0,0,0,2,UPI_P2M,0
TXN_003963,8216.14,10270.17,0.8,0,0,0,0,2,UPI_P2M,0
TXN_003056,13661.36,13526.1,1.01,0,0,0,0,1,IMPS_WIRE,0
TXN_001668,13998.25,8138.52,1.72,0,0,0,0,1,UPI_P2M,0
TXN_001759,732.65,711.31,1.03,1,0,0,0,1,UPI_P2P,0
TXN_004574,2070.96,1935.48,1.07,0,0,0,0,1,UPI_P2M,0
TXN_005807,16942.15,1193.95,14.19,1,0,0,1,8,UPI_P2P,1
TXN_001008,3305.5,3060.65,1.08,0,0,0,0,2,UPI_P2P,0
TXN_001535,2229.47,1411.06,1.58,0,0,0,0,2,UPI_P2M,0
TXN_003565,3723.49,1773.09,2.1,0,0,0,0,1,UPI_P2M,0
TXN_002979,1693.24,1693.24,1.0,0,0,0,0,2,UPI_P2M,0
TXN_002755,1705.02,1444.93,1.18,1,0,0,0,1,UPI_P2P,0
TXN_005424,6962.21,3498.6,1.99,0,0,0,0,1,UPI_P2M,0
TXN_002914,1698.35,3949.65,0.43,0,0,0,0,1,UPI_P2M,0
TXN_005403,7247.66,15420.56,0.47,0,0,1,0,1,UPI_P2P,0
TXN_002374,420.68,1136.98,0.37,0,0,0,0,1,BILL_PAY,0
TXN_001972,742.95,707.57,1.05,1,0,0,0,1,UPI_P2P,0
TXN_004553,772.9,909.29,0.85,0,0,0,0,1,UPI_P2M,0
TXN_002756,1855.34,900.65,2.06,0,0,0,0,1,UPI_P2M,0
TXN_005733,17417.85,3845.0,4.53,1,1,1,1,4,CRYPTO_ONRAMP,1
TXN_002318,1934.68,916.91,2.11,1,0,0,0,1,UPI_P2M,0
TXN_002777,15221.1,10425.41,1.46,0,0,0,0,1,UPI_P2M,0
TXN_000458,3628.14,3210.74,1.13,0,0,0,0,1,UPI_P2P,0
TXN_000405,1298.85,2497.78,0.52,0,0,0,0,2,UPI_P2P,0
TXN_004067,12907.93,12780.13,1.01,0,0,0,0,2,UPI_P2M,0
TXN_000846,1340.77,1072.62,1.25,0,0,0,0,1,UPI_P2M,0
TXN_002264,10657.64,5250.07,2.03,0,0,0,0,1,BILL_PAY,0
TXN_001655,2377.42,2014.76,1.18,0,0,0,0,3,UPI_P2P,0
TXN_005255,3910.86,4769.34,0.82,0,0,0,0,1,UPI_P2P,0
TXN_000928,7170.85,9193.4,0.78,0,0,0,0,2,UPI_P2M,0
TXN_003014,4142.61,7671.5,0.54,0,0,0,0,4,UPI_P2M,0
TXN_005911,89413.76,8158.19,10.96,1,1,1,0,12,CRYPTO_ONRAMP,1
TXN_005795,57108.95,5103.57,11.19,1,1,1,0,4,IMPS_WIRE,1
TXN_005980,36014.92,2646.21,13.61,1,1,1,0,6,IMPS_WIRE,1
TXN_002953,1132.85,765.44,1.48,0,0,0,0,1,BILL_PAY,0
TXN_003255,11435.04,7146.9,1.6,0,0,0,0,1,UPI_P2M,0
TXN_003955,2675.35,2157.54,1.24,0,0,0,0,1,UPI_P2M,0
TXN_001209,775.87,2096.95,0.37,1,0,0,0,1,UPI_P2M,0
TXN_004021,11377.18,14045.9,0.81,0,0,0,0,1,UPI_P2M,0
TXN_001254,8060.98,7133.61,1.13,0,0,0,0,2,UPI_P2M,0
TXN_001269,2919.07,5121.17,0.57,0,0,0,0,1,UPI_P2M,0
TXN_005310,570.57,905.67,0.63,0,0,0,0,1,UPI_P2M,0
TXN_002467,13575.12,11804.45,1.15,0,0,0,0,1,UPI_P2M,0
TXN_003077,243.9,580.72,0.42,0,0,0,0,1,BILL_PAY,0
TXN_000171,3321.37,2767.81,1.2,0,1,0,0,1,BILL_PAY,0
TXN_005113,623.37,465.2,1.34,0,0,0,0,1,UPI_P2M,0
TXN_002159,1854.89,4881.3,0.38,0,0,0,0,2,UPI_P2P,0
TXN_003660,5137.67,2446.51,2.1,0,0,0,0,1,UPI_P2M,0
TXN_003531,13474.77,10445.56,1.29,0,0,0,0,3,UPI_P2M,0
TXN_003690,1649.91,3510.45,0.47,0,0,1,0,3,UPI_P2M,0
TXN_001383,1917.88,904.66,2.12,0,0,1,0,1,UPI_P2M,0
TXN_000245,21718.84,10913.99,1.99,0,0,0,0,1,UPI_P2P,0
TXN_002815,1488.72,3167.48,0.47,0,0,0,0,2,UPI_P2P,0
TXN_001811,3103.03,4309.76,0.72,0,0,0,0,1,UPI_P2M,0
TXN_004802,401.33,1056.14,0.38,0,0,0,0,1,BILL_PAY,0
TXN_005834,39130.44,3061.85,12.78,1,1,1,0,4,UPI_P2P,1
TXN_002703,3794.54,1897.27,2.0,0,0,0,0,1,UPI_P2M,0
TXN_001262,1612.43,1645.34,0.98,0,0,0,0,1,BILL_PAY,0
TXN_005404,1621.04,1604.99,1.01,0,0,0,0,2,UPI_P2P,0
TXN_004003,3308.07,3341.48,0.99,0,0,0,0,1,UPI_P2P,0
TXN_003456,4931.09,2282.91,2.16,0,0,0,0,1,BILL_PAY,0
TXN_002793,1020.96,2552.4,0.4,0,0,0,0,2,UPI_P2P,0
TXN_004618,5041.32,5041.32,1.0,0,0,0,0,2,UPI_P2M,0
TXN_001618,1580.62,2135.97,0.74,0,0,0,0,1,BILL_PAY,0
TXN_001087,2070.5,1072.8,1.93,0,1,0,0,3,UPI_P2P,0
TXN_003493,6045.53,6869.92,0.88,0,0,0,0,1,UPI_P2M,0
TXN_003575,3599.18,2448.42,1.47,0,0,0,0,3,UPI_P2P,0
TXN_000865,9241.11,6286.47,1.47,0,0,0,0,2,UPI_P2M,0
TXN_002173,3398.46,3503.57,0.97,0,0,0,0,1,UPI_P2M,0
TXN_003784,3693.76,9234.41,0.4,0,0,0,0,1,UPI_P2P,0
TXN_003409,2774.15,1340.17,2.07,0,0,0,0,2,BILL_PAY,0
TXN_004663,2308.53,1104.56,2.09,0,0,0,0,1,UPI_P2P,0
TXN_002544,2320.44,5524.85,0.42,1,0,0,0,1,UPI_P2M,0
TXN_004485,1446.87,3364.82,0.43,0,0,0,0,1,UPI_P2M,0
TXN_002329,9027.66,6737.06,1.34,0,0,0,0,1,UPI_P2M,0
TXN_004914,3511.13,2659.95,1.32,0,1,0,0,1,UPI_P2P,0
TXN_002984,4108.65,8741.81,0.47,0,0,0,0,2,UPI_P2M,0
TXN_002712,14361.52,13297.7,1.08,0,0,0,0,1,UPI_P2M,0
TXN_002335,6951.55,4291.08,1.62,0,0,0,0,2,UPI_P2P,0
TXN_000509,1513.9,1097.03,1.38,0,0,0,0,1,BILL_PAY,0
TXN_004043,6897.95,4421.76,1.56,0,0,0,0,3,UPI_P2P,0
TXN_000140,8392.84,4636.93,1.81,0,0,0,0,1,UPI_P2M,0
TXN_000316,9546.44,4773.22,2.0,0,0,0,0,1,BILL_PAY,0
TXN_005044,5240.59,4807.88,1.09,0,0,0,0,2,BILL_PAY,0
TXN_003850,1556.64,1875.47,0.83,0,0,0,0,1,UPI_P2P,0
TXN_004884,6857.29,3918.45,1.75,0,0,0,0,3,UPI_P2M,0
TXN_003953,1216.48,558.02,2.18,0,0,0,0,1,UPI_P2M,0
TXN_002035,8253.63,4321.27,1.91,0,0,0,0,1,UPI_P2P,0
TXN_005331,1023.91,2625.41,0.39,0,0,0,0,2,UPI_P2P,0
TXN_002364,17153.07,9027.93,1.9,0,0,0,0,1,UPI_P2M,0
TXN_001216,6793.45,3632.86,1.87,0,0,0,0,1,BILL_PAY,0
TXN_003665,1575.98,1133.8,1.39,0,0,0,0,2,UPI_P2P,0
TXN_004214,1811.99,835.02,2.17,0,1,0,0,1,UPI_P2M,0
TXN_001777,4337.02,3442.08,1.26,0,0,0,0,1,UPI_P2M,0
TXN_001034,937.71,1186.97,0.79,0,0,0,0,1,BILL_PAY,0
TXN_005395,4566.94,4807.31,0.95,1,0,0,0,1,UPI_P2M,0
TXN_002326,984.28,592.94,1.66,0,0,0,0,1,UPI_P2M,0
TXN_003031,2053.89,2208.48,0.93,0,0,0,0,1,UPI_P2M,0
TXN_001474,3713.95,2924.37,1.27,0,0,0,0,1,UPI_P2P,0
TXN_004706,1568.95,999.33,1.57,0,0,0,0,1,UPI_P2M,0
TXN_003049,1128.83,587.93,1.92,0,0,0,0,1,UPI_P2P,0
TXN_005776,12784.14,1096.41,11.66,1,1,1,0,12,IMPS_WIRE,1
TXN_004040,2459.12,2015.67,1.22,0,0,1,0,1,UPI_P2M,0
TXN_004069,4613.73,2166.07,2.13,0,0,0,0,1,UPI_P2P,0
TXN_005142,17747.65,9490.72,1.87,0,0,0,0,1,UPI_P2M,0
TXN_005658,112421.83,9192.3,12.23,1,1,1,0,4,CRYPTO_ONRAMP,1
TXN_005355,2183.17,4198.41,0.52,0,0,0,0,2,UPI_P2P,0
TXN_002458,2114.03,1036.29,2.04,0,0,0,0,2,UPI_P2M,0
TXN_002702,8860.26,11506.83,0.77,0,0,0,0,1,UPI_P2M,0
TXN_003594,3613.44,3542.59,1.02,0,0,0,0,1,UPI_P2M,0
TXN_003659,832.06,540.3,1.54,0,0,0,0,1,BILL_PAY,0
TXN_001250,15219.59,14223.92,1.07,0,0,0,0,1,UPI_P2M,0
TXN_001099,4964.4,2558.97,1.94,0,0,0,0,3,UPI_P2M,0
TXN_004160,8960.2,7225.97,1.24,1,1,0,0,1,UPI_P2P,0
TXN_000508,9639.89,4679.56,2.06,0,1,0,0,2,UPI_P2M,0
TXN_000638,1346.08,2692.16,0.5,0,0,0,0,1,UPI_P2M,0
TXN_004185,1923.39,3771.35,0.51,0,0,0,0,1,UPI_P2P,0
TXN_005803,23682.12,1922.25,12.32,1,1,1,1,4,IMPS_WIRE,1
TXN_002725,1703.47,3154.57,0.54,0,0,0,0,1,UPI_P2P,0
TXN_003017,4324.72,5844.21,0.74,0,0,0,0,1,UPI_P2P,0
TXN_005822,25866.23,2212.68,11.69,1,1,0,0,4,IMPS_WIRE,1
TXN_004927,835.0,600.72,1.39,0,0,0,0,1,BILL_PAY,0
TXN_002887,2405.52,1440.43,1.67,0,0,0,0,1,IMPS_WIRE,0
TXN_005366,3810.8,1984.79,1.92,0,1,0,0,1,BILL_PAY,0
TXN_002959,23552.17,15001.38,1.57,0,0,0,0,2,BILL_PAY,0
TXN_005949,9510.32,708.14,13.43,1,1,1,0,6,IMPS_WIRE,1
TXN_003384,9859.24,13323.3,0.74,0,0,0,0,3,UPI_P2M,0
TXN_003635,2639.95,2721.6,0.97,0,0,0,0,3,BILL_PAY,0
TXN_005876,36335.31,2786.45,13.04,1,0,1,0,4,CRYPTO_ONRAMP,1
TXN_002724,2806.12,1896.03,1.48,0,0,0,0,4,UPI_P2M,0
TXN_001945,4149.66,3878.19,1.07,0,0,0,0,1,UPI_P2M,0
TXN_005314,8806.2,6774.0,1.3,0,0,0,0,1,IMPS_WIRE,0
TXN_002380,5583.87,2561.41,2.18,0,0,1,0,1,UPI_P2P,0
TXN_003336,3448.21,1884.27,1.83,0,0,0,0,1,UPI_P2P,0
TXN_002361,752.4,1881.01,0.4,0,0,0,0,1,UPI_P2P,0
TXN_002092,3970.86,4412.07,0.9,0,0,0,0,1,UPI_P2M,0
TXN_001116,2011.62,5158.01,0.39,0,0,0,0,1,UPI_P2M,0
TXN_004687,1136.33,579.76,1.96,0,0,0,0,1,UPI_P2M,0
TXN_004182,1543.09,1330.25,1.16,0,0,0,0,1,IMPS_WIRE,0
TXN_000250,28703.37,13227.36,2.17,0,0,0,0,2,UPI_P2P,0
TXN_002666,1303.34,1448.16,0.9,0,0,0,0,1,UPI_P2M,0
TXN_000944,333.26,432.81,0.77,0,0,0,0,1,UPI_P2P,0
TXN_004794,1174.19,1097.37,1.07,0,0,1,0,4,UPI_P2M,0
TXN_002308,1260.07,1400.08,0.9,0,0,1,0,1,UPI_P2P,0
TXN_004542,3124.07,1805.82,1.73,0,0,0,0,1,UPI_P2M,0
TXN_004199,4046.02,3518.28,1.15,0,0,0,0,2,UPI_P2P,0
TXN_002410,5486.5,8068.38,0.68,0,0,0,0,2,UPI_P2M,0
TXN_000123,936.31,454.52,2.06,0,0,0,0,1,UPI_P2M,0
TXN_002774,318.75,817.31,0.39,0,0,0,0,3,UPI_P2M,0
TXN_005666,33203.47,5887.14,5.64,1,1,1,1,8,IMPS_WIRE,1
TXN_003176,545.09,425.85,1.28,0,0,0,0,1,BILL_PAY,0
TXN_003715,6574.6,4214.49,1.56,0,0,0,0,1,UPI_P2M,0
TXN_004111,5075.46,7575.32,0.67,0,0,0,0,1,UPI_P2P,0
TXN_002145,3446.79,1883.49,1.83,0,0,0,0,1,BILL_PAY,0
TXN_002485,12680.57,11423.94,1.11,0,0,1,0,3,UPI_P2P,0
TXN_002690,4659.13,6212.17,0.75,0,0,0,0,1,UPI_P2P,0
TXN_005084,2182.32,2297.18,0.95,0,0,0,0,1,UPI_P2P,0
TXN_005438,7776.07,8836.44,0.88,0,0,0,0,1,UPI_P2M,0
TXN_004712,3669.01,3461.33,1.06,0,0,0,0,1,UPI_P2P,0
TXN_001016,1606.59,1172.69,1.37,0,0,0,0,1,UPI_P2M,0
TXN_004205,2952.64,2894.75,1.02,0,0,0,0,2,UPI_P2P,0
TXN_005629,497.93,488.17,1.02,0,0,0,0,2,UPI_P2P,0
TXN_001997,2114.7,5286.76,0.4,0,0,0,0,1,UPI_P2M,0
TXN_000337,900.54,692.72,1.3,0,0,0,0,4,UPI_P2P,0
TXN_004848,3170.43,2348.47,1.35,0,0,0,0,1,UPI_P2P,0
TXN_002773,1690.81,3842.76,0.44,0,0,0,0,1,UPI_P2M,0
TXN_005973,104925.37,8255.34,12.71,1,1,0,1,12,IMPS_WIRE,1
TXN_000650,6463.63,3941.24,1.64,0,0,0,0,1,UPI_P2P,0
TXN_004309,5646.13,11522.71,0.49,0,0,0,0,3,UPI_P2P,0
TXN_005569,3413.72,1698.37,2.01,0,0,1,0,2,UPI_P2P,0
TXN_003431,1342.2,661.18,2.03,0,0,0,0,1,UPI_P2M,0
TXN_003826,384.19,662.4,0.58,0,0,0,0,2,BILL_PAY,0
TXN_005297,1748.48,2241.64,0.78,0,0,0,0,1,BILL_PAY,0
TXN_002992,4445.36,11698.31,0.38,0,0,0,0,2,UPI_P2P,0
TXN_002969,3108.06,4440.09,0.7,0,0,0,0,1,UPI_P2M,0
TXN_001513,609.91,603.87,1.01,0,0,0,0,1,UPI_P2P,0
TXN_002813,1092.46,574.98,1.9,1,0,0,0,1,UPI_P2M,0
TXN_004133,2092.73,6341.61,0.33,0,0,0,0,1,UPI_P2P,0
TXN_000807,2819.5,3064.67,0.92,0,0,0,0,1,UPI_P2P,0
TXN_002909,1188.49,848.92,1.4,0,0,0,0,2,UPI_P2M,0
TXN_005353,1070.96,754.2,1.42,0,0,0,0,3,UPI_P2M,0
TXN_001078,586.14,771.24,0.76,0,0,0,0,2,UPI_P2M,0
TXN_002249,1509.32,2744.22,0.55,0,0,0,0,1,UPI_P2P,0
TXN_003577,23640.01,11879.4,1.99,0,0,0,0,2,UPI_P2M,0
TXN_001132,9355.62,8206.68,1.14,0,0,0,0,2,UPI_P2P,0
TXN_004221,1036.22,1501.77,0.69,0,1,0,0,2,UPI_P2P,0
TXN_001539,5331.79,10663.58,0.5,0,0,0,0,1,IMPS_WIRE,0
TXN_001191,12446.99,6449.22,1.93,0,0,0,0,1,UPI_P2P,0
TXN_003982,1051.14,883.31,1.19,0,0,0,0,1,UPI_P2M,0
TXN_001285,12615.66,6094.52,2.07,0,0,0,0,3,UPI_P2M,0
TXN_004390,5252.61,5587.88,0.94,0,0,0,0,1,UPI_P2M,0
TXN_000694,3078.42,5597.12,0.55,0,0,0,0,1,UPI_P2M,0
TXN_003070,7190.13,3950.62,1.82,0,1,0,0,1,BILL_PAY,0
TXN_000860,11102.66,14803.54,0.75,0,0,0,0,1,UPI_P2M,0
TXN_004312,5431.83,2843.89,1.91,0,0,0,0,1,UPI_P2M,0
TXN_001940,2404.98,3249.97,0.74,0,0,0,0,1,UPI_P2P,0
TXN_002683,6395.75,2933.83,2.18,0,0,0,0,2,UPI_P2M,0
TXN_005228,7365.07,6294.93,1.17,0,0,0,0,1,UPI_P2P,0
TXN_002700,4203.87,2155.83,1.95,0,0,0,0,4,UPI_P2M,0
TXN_002220,13324.18,17531.81,0.76,0,0,0,0,1,UPI_P2M,0
TXN_005770,36825.22,3204.98,11.49,1,1,1,0,6,CRYPTO_ONRAMP,1
TXN_004305,7837.09,3978.22,1.97,0,1,0,0,1,UPI_P2M,0
TXN_004808,28172.77,14597.29,1.93,0,0,0,0,1,UPI_P2M,0
TXN_001676,1384.01,1246.86,1.11,0,0,0,0,1,UPI_P2P,0
TXN_003663,433.17,646.52,0.67,0,0,0,0,3,UPI_P2M,0
TXN_004916,4485.66,2242.83,2.0,0,0,0,0,2,UPI_P2P,0
TXN_003977,1489.73,3633.49,0.41,0,0,0,0,1,UPI_P2P,0
TXN_003633,2761.96,6137.68,0.45,0,0,0,0,1,UPI_P2P,0
TXN_002941,1787.51,1199.67,1.49,0,0,0,0,1,UPI_P2P,0
TXN_004229,4123.54,4003.44,1.03,1,0,0,0,1,UPI_P2M,0
TXN_001782,665.86,605.33,1.1,1,0,0,0,1,UPI_P2M,0
TXN_003673,2361.29,2915.17,0.81,0,0,0,0,1,UPI_P2M,0
TXN_002359,7824.06,3572.63,2.19,0,0,0,0,1,UPI_P2M,0
TXN_004348,4293.67,2961.15,1.45,0,0,0,0,1,UPI_P2P,0
TXN_002436,1146.82,2085.13,0.55,0,0,0,0,3,UPI_P2M,0
TXN_002840,2998.46,4759.46,0.63,0,0,1,0,1,BILL_PAY,0
TXN_000459,3403.68,1620.8,2.1,0,0,0,0,1,UPI_P2M,0
TXN_001946,6924.35,5285.76,1.31,0,0,0,0,2,UPI_P2P,0
TXN_004642,2290.94,4874.33,0.47,0,0,0,0,1,UPI_P2M,0
TXN_005707,3793.06,726.64,5.22,1,0,1,1,12,CRYPTO_ONRAMP,1
TXN_001020,1008.97,1293.55,0.78,0,0,0,0,2,UPI_P2M,0
TXN_004329,2136.5,3096.38,0.69,0,0,1,0,1,IMPS_WIRE,0
TXN_002466,2212.9,2329.37,0.95,1,0,0,0,3,UPI_P2M,0
TXN_000455,1480.16,1451.14,1.02,0,0,0,0,1,BILL_PAY,0
TXN_001035,957.81,1029.9,0.93,0,0,0,0,2,BILL_PAY,0
TXN_004237,1544.72,2451.94,0.63,1,0,0,0,1,UPI_P2M,0
TXN_005893,49975.94,3794.68,13.17,1,0,1,0,4,CRYPTO_ONRAMP,1
TXN_000320,1527.82,1497.86,1.02,0,0,0,0,1,UPI_P2M,0
TXN_001148,129.99,419.32,0.31,0,0,0,0,2,UPI_P2P,0
TXN_004356,5218.24,6139.1,0.85,0,0,0,0,1,UPI_P2P,0
TXN_000643,2282.53,1783.23,1.28,0,1,0,0,2,UPI_P2M,0
TXN_005788,29161.56,5062.77,5.76,1,1,0,0,4,CRYPTO_ONRAMP,1
TXN_001049,5158.54,3416.25,1.51,0,0,0,0,1,UPI_P2M,0
TXN_002394,15561.03,7703.48,2.02,0,0,0,0,2,UPI_P2M,0
TXN_000181,3221.72,2119.55,1.52,0,0,0,0,1,UPI_P2M,0
TXN_000036,3793.17,5578.19,0.68,0,0,0,0,1,UPI_P2M,0
TXN_002674,355.53,450.04,0.79,0,0,0,0,1,UPI_P2M,0
TXN_004575,2981.79,2241.95,1.33,0,0,0,0,2,UPI_P2M,0
TXN_000766,2489.83,1705.36,1.46,1,0,0,0,1,UPI_P2M,0
TXN_001762,732.35,1494.6,0.49,0,0,0,0,2,UPI_P2P,0
TXN_002927,13729.42,7077.02,1.94,0,0,1,0,1,UPI_P2M,0
TXN_004992,3469.05,1708.89,2.03,0,0,0,0,1,UPI_P2P,0
TXN_005522,15566.4,9434.18,1.65,0,0,0,0,1,UPI_P2M,0
TXN_001196,1266.36,2042.51,0.62,0,0,0,0,1,UPI_P2M,0
TXN_000963,2847.81,5932.93,0.48,0,0,0,0,3,UPI_P2M,0
TXN_000211,10599.62,5888.68,1.8,0,0,0,0,1,BILL_PAY,0
TXN_001339,821.99,2004.85,0.41,0,0,0,0,3,UPI_P2M,0
TXN_001708,7948.01,5759.43,1.38,0,0,0,0,2,BILL_PAY,0
TXN_003793,4861.12,3076.66,1.58,0,0,0,0,1,UPI_P2M,0
TXN_001475,4167.18,2013.13,2.07,0,0,0,0,1,UPI_P2M,0
TXN_000493,6149.49,4959.27,1.24,0,0,0,0,1,UPI_P2P,0
TXN_002255,7266.34,3476.72,2.09,0,0,0,0,1,BILL_PAY,0
TXN_002894,2789.46,1499.71,1.86,0,0,0,0,2,UPI_P2M,0
TXN_000962,3707.1,3782.76,0.98,0,0,0,0,1,UPI_P2M,0
TXN_004860,1755.02,1050.91,1.67,0,0,0,0,1,UPI_P2M,0
TXN_005265,2949.6,8193.32,0.36,0,0,0,0,3,UPI_P2P,0
TXN_004893,5519.1,3135.85,1.76,0,0,0,0,3,UPI_P2M,0
TXN_003606,1570.37,2532.86,0.62,0,0,0,0,1,UPI_P2P,0
TXN_005668,10429.09,1039.79,10.03,1,1,1,1,8,UPI_P2P,1
TXN_005473,2944.08,1851.62,1.59,0,1,0,0,1,UPI_P2P,0
TXN_000027,20435.66,10217.83,2.0,0,0,0,0,3,UPI_P2M,0
TXN_002169,7240.64,3602.31,2.01,0,0,0,0,1,UPI_P2M,0
TXN_002889,2232.6,3849.31,0.58,0,0,0,0,1,BILL_PAY,0
TXN_003274,4115.88,3266.57,1.26,0,0,0,0,1,UPI_P2P,0
TXN_002935,8904.71,6270.92,1.42,0,0,0,0,1,UPI_P2M,0
TXN_002015,4985.53,5087.28,0.98,0,0,0,0,2,BILL_PAY,0
TXN_001353,10149.67,5546.27,1.83,0,0,0,0,1,UPI_P2M,0
TXN_004919,6257.07,8126.06,0.77,0,0,0,0,1,UPI_P2P,0
TXN_000175,3043.83,2042.84,1.49,0,0,0,0,1,BILL_PAY,0
TXN_001794,4406.34,2517.91,1.75,1,0,0,0,1,UPI_P2P,0
TXN_001605,3539.67,2424.43,1.46,0,0,1,0,1,IMPS_WIRE,0
TXN_003122,5385.46,3149.39,1.71,0,0,0,0,1,UPI_P2M,0
TXN_003295,2055.82,1142.12,1.8,0,0,0,0,2,UPI_P2M,0
TXN_005100,878.68,1187.4,0.74,0,0,0,0,1,UPI_P2M,0
TXN_005394,406.26,1269.57,0.32,0,0,0,0,2,BILL_PAY,0
TXN_004900,4709.08,2274.92,2.07,1,0,0,0,1,UPI_P2M,0
TXN_004973,1244.51,1595.53,0.78,0,0,0,0,1,UPI_P2M,0
TXN_005935,37122.09,3472.6,10.69,0,1,0,0,4,UPI_P2P,1
TXN_000310,10566.42,6143.27,1.72,0,0,0,0,3,UPI_P2P,0
TXN_005317,1269.09,1269.09,1.0,0,0,0,0,2,UPI_P2M,0
TXN_001694,1871.65,1376.21,1.36,0,0,0,0,1,UPI_P2M,0
TXN_001303,508.6,400.47,1.27,0,0,0,0,1,BILL_PAY,0
TXN_002963,2300.33,1385.74,1.66,0,1,0,0,2,UPI_P2M,0
TXN_001018,3535.14,3682.44,0.96,0,0,0,0,3,UPI_P2P,0
TXN_000444,3076.46,4101.95,0.75,0,0,0,0,2,UPI_P2M,0
TXN_005120,5437.53,6631.14,0.82,0,0,0,0,1,UPI_P2M,0
TXN_005636,455.14,968.38,0.47,0,0,0,0,2,UPI_P2M,0
TXN_003468,12867.06,10722.55,1.2,0,0,0,0,1,UPI_P2M,0
TXN_001266,8140.9,4353.42,1.87,0,0,0,0,1,UPI_P2M,0
TXN_002804,14989.85,7532.59,1.99,0,1,0,0,2,UPI_P2M,0
TXN_000042,758.68,1806.37,0.42,0,0,1,0,1,IMPS_WIRE,0
TXN_003570,2305.96,4270.3,0.54,0,0,0,0,1,UPI_P2P,0
TXN_003046,4071.19,2300.11,1.77,0,0,0,0,1,UPI_P2M,0
TXN_005131,7003.55,4404.75,1.59,0,0,0,0,1,UPI_P2M,0
TXN_003778,4468.28,3885.46,1.15,0,0,0,0,1,UPI_P2P,0
TXN_000276,5702.55,2970.08,1.92,0,0,0,0,1,UPI_P2M,0
TXN_005126,3590.01,4602.58,0.78,0,0,0,0,2,UPI_P2M,0
TXN_001526,1469.38,1204.41,1.22,0,0,0,0,1,UPI_P2M,0
TXN_001638,12518.02,6730.12,1.86,0,0,0,0,4,UPI_P2P,0
TXN_000197,3610.46,2028.35,1.78,0,0,0,0,1,UPI_P2P,0
TXN_001767,1550.48,1782.16,0.87,0,0,0,0,1,BILL_PAY,0
TXN_004814,6990.56,3566.61,1.96,0,0,0,0,1,UPI_P2M,0
TXN_002585,2105.84,1196.5,1.76,0,0,0,0,1,BILL_PAY,0
TXN_004691,384.37,441.8,0.87,0,0,0,0,1,UPI_P2P,0
TXN_005399,2148.24,2237.75,0.96,0,0,0,0,1,UPI_P2M,0
TXN_004604,4562.51,2833.86,1.61,0,0,0,0,3,UPI_P2M,0
TXN_004513,3040.27,2951.72,1.03,0,0,0,0,4,UPI_P2M,0
TXN_000342,1657.76,1055.9,1.57,0,0,0,0,1,UPI_P2P,0
TXN_002189,3947.98,2088.88,1.89,0,0,0,0,1,UPI_P2M,0
TXN_002139,2064.64,2196.43,0.94,0,0,0,0,1,UPI_P2M,0
TXN_002188,3548.91,2908.94,1.22,0,0,0,0,3,UPI_P2M,0
TXN_004118,1014.1,756.79,1.34,0,0,0,0,1,UPI_P2M,0
TXN_005114,8449.27,4694.04,1.8,0,0,0,0,1,UPI_P2M,0
TXN_002668,25692.06,12292.85,2.09,0,0,0,0,1,UPI_P2M,0
TXN_004254,574.06,401.44,1.43,1,0,0,0,1,UPI_P2P,0
TXN_004035,3431.87,2486.86,1.38,0,0,0,0,1,IMPS_WIRE,0
TXN_003507,1021.8,1548.18,0.66,0,0,0,0,1,UPI_P2M,0
TXN_000678,5358.48,2733.92,1.96,0,0,0,0,2,UPI_P2M,0
TXN_002013,8065.81,4313.27,1.87,0,0,0,0,1,UPI_P2M,0
TXN_002100,3599.12,2448.38,1.47,0,0,0,0,3,UPI_P2M,0
TXN_003195,2121.62,1548.63,1.37,0,0,0,0,1,IMPS_WIRE,0
TXN_005434,930.9,538.09,1.73,0,0,0,0,4,UPI_P2M,0
TXN_002006,544.45,523.51,1.04,0,0,0,0,2,UPI_P2P,0
TXN_004146,20425.2,12608.15,1.62,0,1,0,0,3,UPI_P2M,0
TXN_004540,3372.84,4888.18,0.69,0,0,0,0,2,UPI_P2M,0
TXN_003701,1026.34,637.48,1.61,0,1,0,0,1,UPI_P2M,0
TXN_000965,1679.35,3998.46,0.42,0,0,0,0,1,UPI_P2P,0
TXN_001550,480.75,429.24,1.12,0,0,0,0,1,UPI_P2M,0
TXN_000082,5165.73,3913.43,1.32,0,0,0,0,1,UPI_P2M,0
TXN_005033,1480.16,961.14,1.54,0,0,0,0,2,UPI_P2M,0
TXN_000474,1839.61,915.23,2.01,0,0,0,0,1,BILL_PAY,0
TXN_004212,417.91,1305.98,0.32,0,0,0,0,1,UPI_P2M,0
TXN_001514,15985.17,10516.56,1.52,0,0,0,0,1,UPI_P2M,0
TXN_003926,2713.13,1664.5,1.63,0,0,0,0,3,UPI_P2P,0
TXN_001060,1395.98,705.04,1.98,0,0,0,0,1,UPI_P2M,0
TXN_005081,4736.85,3222.35,1.47,0,0,0,0,2,UPI_P2P,0
TXN_002149,555.8,942.03,0.59,0,0,0,0,3,BILL_PAY,0
TXN_002385,4501.49,4689.05,0.96,0,0,0,0,3,UPI_P2M,0
TXN_005704,11607.63,1139.12,10.19,1,1,1,0,4,UPI_P2P,1
TXN_002333,10878.22,6592.86,1.65,0,0,0,0,1,BILL_PAY,0
TXN_005407,1578.05,839.39,1.88,0,0,0,0,1,UPI_P2P,0
TXN_002692,466.52,1457.89,0.32,0,0,0,0,1,UPI_P2M,0
TXN_003546,1504.06,733.69,2.05,0,1,0,0,1,UPI_P2P,0
TXN_001746,1028.41,709.25,1.45,0,0,0,0,1,BILL_PAY,0
TXN_003789,5715.21,3442.9,1.66,0,0,0,0,1,UPI_P2P,0
TXN_002878,9100.51,8835.45,1.03,0,0,0,0,1,BILL_PAY,0
TXN_004240,8715.6,4111.13,2.12,0,0,0,0,1,UPI_P2M,0
TXN_002084,653.72,1361.91,0.48,0,0,0,0,2,UPI_P2P,0
TXN_001868,1655.68,1391.33,1.19,0,0,1,0,3,IMPS_WIRE,0
TXN_000088,2536.66,4026.44,0.63,1,0,0,0,1,UPI_P2P,0
TXN_001608,682.73,1312.95,0.52,0,0,1,0,1,UPI_P2M,0
TXN_004197,19255.67,11599.8,1.66,0,0,0,0,3,UPI_P2P,0
TXN_002203,26158.58,16349.11,1.6,0,0,0,0,1,UPI_P2M,0
TXN_004350,3655.46,2629.83,1.39,0,0,0,0,1,UPI_P2P,0
TXN_003616,493.32,432.74,1.14,0,0,1,0,1,UPI_P2M,0
TXN_002469,12158.2,8810.29,1.38,0,0,0,0,1,UPI_P2M,0
TXN_005288,17434.38,8673.82,2.01,0,0,0,0,1,UPI_P2M,0
TXN_004407,6664.34,6942.02,0.96,0,0,0,0,1,UPI_P2M,0
TXN_001680,9978.25,6437.58,1.55,0,0,0,0,1,UPI_P2M,0
TXN_004324,1142.16,2430.12,0.47,0,0,0,0,1,BILL_PAY,0
TXN_003728,16669.09,7576.86,2.2,0,0,0,0,1,BILL_PAY,0
TXN_000294,365.11,676.13,0.54,0,0,0,0,2,UPI_P2M,0
TXN_004063,469.75,1565.83,0.3,0,0,0,0,1,UPI_P2M,0
TXN_000335,943.08,1122.72,0.84,0,0,0,0,2,UPI_P2M,0
TXN_002190,1196.53,949.63,1.26,0,0,0,0,3,BILL_PAY,0
TXN_003501,350.03,538.5,0.65,0,0,0,0,1,BILL_PAY,0
TXN_000246,3742.34,2528.61,1.48,0,0,0,0,1,BILL_PAY,0
TXN_000976,521.79,724.71,0.72,0,0,0,0,2,UPI_P2M,0
TXN_005925,23218.95,1631.69,14.23,1,1,0,0,12,UPI_P2P,1
TXN_005253,6685.15,5968.88,1.12,0,0,0,0,1,UPI_P2M,0
TXN_003314,10000.0,6172.84,1.62,0,0,0,0,1,UPI_P2M,0
TXN_005145,2153.57,3778.2,0.57,0,0,0,0,3,UPI_P2M,0
TXN_005618,1426.83,1123.49,1.27,0,0,0,0,1,UPI_P2P,0
TXN_000542,4515.2,2291.98,1.97,1,0,0,0,1,UPI_P2M,0
TXN_004742,6832.09,3733.38,1.83,0,0,0,0,1,UPI_P2M,0
TXN_004009,3885.74,2643.36,1.47,0,0,0,0,1,UPI_P2M,0
TXN_000096,1484.08,742.04,2.0,0,0,0,0,2,UPI_P2P,0
TXN_004138,5084.98,2973.67,1.71,0,0,0,0,3,UPI_P2M,0
TXN_002740,4828.73,5487.19,0.88,0,0,0,0,1,UPI_P2M,0
TXN_000074,4651.57,3691.72,1.26,0,0,0,0,1,BILL_PAY,0
TXN_003653,1111.82,545.01,2.04,0,0,0,0,3,UPI_P2M,0
TXN_004101,1223.12,1143.1,1.07,0,0,0,0,1,UPI_P2P,0
TXN_003369,3247.04,10474.32,0.31,0,0,0,0,1,UPI_P2P,0
TXN_004082,2795.52,2310.35,1.21,0,0,0,0,1,UPI_P2M,0
TXN_002036,2817.75,1772.17,1.59,0,0,0,0,1,UPI_P2P,0
TXN_001697,7420.8,8066.09,0.92,0,0,0,0,1,BILL_PAY,0
TXN_000840,1728.62,1067.05,1.62,0,0,0,0,1,UPI_P2M,0
TXN_005507,9116.8,11688.21,0.78,0,0,0,0,1,UPI_P2M,0
TXN_002438,2504.73,1647.85,1.52,0,0,0,0,3,UPI_P2P,0
TXN_004268,2877.79,3128.03,0.92,0,0,0,0,1,BILL_PAY,0
TXN_004819,3413.73,10040.39,0.34,0,1,0,0,1,UPI_P2P,0
TXN_005281,1778.51,838.92,2.12,0,0,0,0,1,UPI_P2M,0
TXN_004901,3929.05,5778.01,0.68,0,0,0,0,1,UPI_P2M,0
TXN_002982,3939.65,2225.79,1.77,0,0,0,0,1,IMPS_WIRE,0
TXN_002078,456.92,1427.86,0.32,0,0,0,0,2,UPI_P2M,0
TXN_005870,30684.75,4255.86,7.21,1,1,1,0,12,IMPS_WIRE,1
TXN_004031,3078.4,3896.71,0.79,0,0,0,0,2,BILL_PAY,0
TXN_001537,1405.07,1713.5,0.82,0,0,0,0,3,UPI_P2M,0
TXN_001044,1224.67,790.11,1.55,0,0,0,0,2,UPI_P2P,0
TXN_000900,210.79,658.73,0.32,0,0,1,0,1,UPI_P2M,0
TXN_004670,2008.09,1701.77,1.18,0,0,0,0,1,UPI_P2P,0
TXN_005641,9512.18,1413.4,6.73,1,1,1,0,4,IMPS_WIRE,1
TXN_000778,914.24,1306.06,0.7,0,0,0,0,1,UPI_P2P,0
TXN_003270,3706.61,2556.28,1.45,0,0,0,0,1,UPI_P2P,0
TXN_001960,7854.23,4291.93,1.83,0,0,0,0,1,UPI_P2M,0
TXN_001494,737.96,585.68,1.26,1,0,0,0,2,UPI_P2M,0
TXN_004913,5011.52,2784.18,1.8,0,0,0,0,4,UPI_P2P,0
TXN_001311,11630.59,5844.52,1.99,0,0,0,0,1,BILL_PAY,0
TXN_000981,908.07,840.81,1.08,0,0,0,0,2,UPI_P2P,0
TXN_004439,696.5,748.92,0.93,0,1,0,0,1,UPI_P2M,0
TXN_005215,1479.3,782.7,1.89,0,1,0,0,1,BILL_PAY,0
TXN_000698,3437.9,1838.45,1.87,0,0,0,0,2,UPI_P2P,0
TXN_003940,1578.22,4046.71,0.39,0,0,0,0,1,UPI_P2M,0
TXN_000496,9756.98,6022.83,1.62,0,0,0,0,1,UPI_P2M,0
TXN_005929,21888.12,2777.68,7.88,1,1,1,1,4,CRYPTO_ONRAMP,1
TXN_003545,781.06,1697.95,0.46,0,0,0,0,3,UPI_P2M,0
TXN_002738,469.34,434.57,1.08,0,0,0,0,1,UPI_P2P,0
TXN_003854,5648.04,3227.45,1.75,0,0,0,0,1,UPI_P2P,0
TXN_004325,3434.96,4837.97,0.71,0,0,0,0,3,UPI_P2M,0
TXN_003306,13174.77,7528.44,1.75,0,0,0,0,1,UPI_P2M,0
TXN_000238,6625.85,3025.5,2.19,1,0,0,0,1,UPI_P2P,0
TXN_003829,7551.31,4809.75,1.57,0,0,0,0,1,UPI_P2M,0
TXN_001522,878.34,820.88,1.07,0,0,0,0,1,BILL_PAY,0
TXN_000260,9248.23,15674.96,0.59,0,0,0,0,1,UPI_P2P,0
TXN_003358,7856.61,7207.9,1.09,0,1,0,0,1,UPI_P2M,0
TXN_005910,35024.39,4739.43,7.39,1,1,1,1,4,UPI_P2P,1
TXN_005254,3189.68,2511.56,1.27,0,0,0,0,1,UPI_P2M,0
TXN_005478,14815.03,7676.18,1.93,1,0,0,0,1,UPI_P2M,0
TXN_002818,456.23,1112.76,0.41,0,0,0,0,1,UPI_P2P,0
TXN_000188,599.21,658.47,0.91,0,0,0,0,2,UPI_P2M,0
TXN_002797,1374.24,639.18,2.15,1,0,0,0,1,UPI_P2M,0
TXN_001724,10144.49,6111.14,1.66,0,0,0,0,1,UPI_P2P,0
TXN_004834,410.68,570.39,0.72,0,0,0,0,1,UPI_P2M,0
TXN_004327,1839.61,1304.69,1.41,0,0,0,0,1,UPI_P2M,0
TXN_003876,1614.97,1003.09,1.61,0,1,0,0,1,UPI_P2P,0
TXN_002209,797.7,2279.15,0.35,0,0,0,0,2,UPI_P2M,0
TXN_003041,5272.41,2475.31,2.13,0,0,0,0,1,UPI_P2M,0
TXN_005369,6879.29,5638.76,1.22,0,0,0,0,3,UPI_P2M,0
TXN_003664,2117.03,1245.31,1.7,0,0,0,0,1,UPI_P2P,0
TXN_002634,1907.62,1603.04,1.19,0,0,0,0,1,UPI_P2M,0
TXN_001761,1561.16,1311.9,1.19,0,1,0,0,1,UPI_P2P,0
TXN_002062,9223.31,4588.71,2.01,0,0,1,0,1,UPI_P2P,0
TXN_002160,2841.18,2219.67,1.28,1,1,0,0,1,UPI_P2P,0
TXN_000715,7736.1,3967.23,1.95,0,0,0,0,1,BILL_PAY,0
TXN_005999,49427.2,6706.54,7.37,1,1,1,1,8,IMPS_WIRE,1
TXN_000178,997.33,656.14,1.52,0,0,0,0,1,UPI_P2P,0
TXN_001934,3579.63,2265.59,1.58,0,0,0,0,1,BILL_PAY,0
TXN_001609,309.7,1032.33,0.3,0,0,0,0,2,BILL_PAY,0
TXN_004247,5435.41,2613.18,2.08,0,0,0,0,2,UPI_P2P,0
TXN_001657,1509.66,4717.69,0.32,0,0,0,0,1,UPI_P2P,0
TXN_003845,3174.63,1679.7,1.89,0,0,1,0,1,BILL_PAY,0
TXN_005193,5518.64,8236.78,0.67,0,0,0,0,1,UPI_P2P,0
TXN_004635,809.58,952.45,0.85,0,0,0,0,1,BILL_PAY,0
TXN_003898,1483.7,4945.67,0.3,0,0,0,0,1,UPI_P2M,0
TXN_003781,7885.75,5054.97,1.56,0,1,0,0,1,BILL_PAY,0
TXN_004849,2255.59,1319.06,1.71,0,0,0,0,1,UPI_P2P,0
TXN_002150,3409.81,2384.48,1.43,0,0,0,0,1,UPI_P2M,0
TXN_004242,19869.29,9598.69,2.07,0,0,0,0,1,IMPS_WIRE,0
TXN_002450,1480.19,729.16,2.03,0,0,0,0,2,BILL_PAY,0
TXN_003210,6833.27,5423.23,1.26,0,0,0,0,4,UPI_P2P,0
TXN_005926,20290.77,1518.77,13.36,1,0,0,0,6,IMPS_WIRE,1
TXN_002687,4257.57,2378.53,1.79,0,0,0,0,1,BILL_PAY,0
TXN_004886,5154.88,5483.91,0.94,0,0,0,0,1,UPI_P2M,0
TXN_005832,43115.34,3479.85,12.39,1,0,1,1,4,IMPS_WIRE,1
TXN_000903,3373.87,1906.14,1.77,0,0,0,0,1,UPI_P2P,0
TXN_004369,961.34,2136.31,0.45,0,0,0,0,2,UPI_P2M,0
TXN_003957,1208.54,3098.83,0.39,0,0,0,0,2,BILL_PAY,0
TXN_000368,3852.55,1955.61,1.97,0,1,0,0,1,IMPS_WIRE,0
TXN_003574,3820.2,5305.83,0.72,0,0,0,0,1,UPI_P2M,0
TXN_004008,7710.4,4356.16,1.77,0,0,0,0,1,UPI_P2M,0
TXN_005147,2754.42,1732.34,1.59,0,0,0,0,1,UPI_P2M,0
TXN_001467,912.34,685.97,1.33,0,0,0,0,1,UPI_P2M,0
TXN_000174,1532.08,3928.4,0.39,0,0,0,0,1,UPI_P2M,0
TXN_000728,1051.56,508.0,2.07,0,1,0,0,1,BILL_PAY,0
TXN_000438,294.0,490.0,0.6,0,0,0,0,1,IMPS_WIRE,0
TXN_000572,5981.95,4366.39,1.37,0,0,1,0,1,UPI_P2M,0
TXN_002324,3403.3,4363.21,0.78,0,0,0,0,1,BILL_PAY,0
TXN_004716,4262.55,6458.41,0.66,0,0,0,0,1,UPI_P2P,0
TXN_000440,357.22,496.14,0.72,0,0,0,0,3,UPI_P2M,0
TXN_001202,1997.61,2244.51,0.89,0,0,0,0,1,UPI_P2M,0
TXN_004872,11334.8,7084.25,1.6,0,0,0,0,1,UPI_P2M,0
TXN_005821,168947.45,13344.98,12.66,1,0,1,0,8,CRYPTO_ONRAMP,1
TXN_000914,1177.0,550.0,2.14,0,0,0,0,1,UPI_P2M,0
TXN_002167,3691.26,2428.46,1.52,0,0,0,0,1,UPI_P2M,0
TXN_003888,638.32,1823.76,0.35,0,0,0,0,1,UPI_P2P,0
TXN_005074,7433.57,5762.46,1.29,0,0,0,0,1,BILL_PAY,0
TXN_004673,1342.51,610.23,2.2,1,0,0,0,1,UPI_P2M,0
TXN_001611,1788.61,2932.14,0.61,0,0,0,0,1,UPI_P2M,0
TXN_003979,8034.01,4273.41,1.88,0,0,0,0,2,UPI_P2M,0
TXN_001119,5329.68,8199.5,0.65,0,0,0,0,1,BILL_PAY,0
TXN_005671,12049.94,2025.2,5.95,1,1,0,0,12,CRYPTO_ONRAMP,1
TXN_005690,7972.12,1275.54,6.25,1,1,0,0,6,CRYPTO_ONRAMP,1
TXN_000306,983.47,540.37,1.82,0,0,0,0,1,IMPS_WIRE,0
TXN_005655,20569.81,4197.92,4.9,1,1,0,1,6,IMPS_WIRE,1
TXN_003229,4006.82,3744.69,1.07,0,0,0,0,1,BILL_PAY,0
TXN_002183,2041.22,1300.14,1.57,1,0,0,0,2,UPI_P2M,0
TXN_003499,8625.53,4249.03,2.03,0,0,0,0,1,UPI_P2M,0
TXN_005739,38822.22,3323.82,11.68,1,1,0,1,8,CRYPTO_ONRAMP,1
TXN_002304,4517.91,6950.63,0.65,0,1,0,0,1,UPI_P2P,0
TXN_003828,9144.64,5285.92,1.73,0,0,1,0,1,UPI_P2P,0
TXN_003233,2558.26,6239.67,0.41,0,0,0,0,2,UPI_P2M,0
TXN_002387,2485.8,1336.45,1.86,0,0,0,0,1,UPI_P2P,0
TXN_001656,7579.14,4889.77,1.55,0,0,1,0,1,UPI_P2M,0
TXN_001688,11222.47,6304.76,1.78,0,0,0,0,2,UPI_P2M,0
TXN_003538,1853.77,2851.95,0.65,0,0,0,0,1,UPI_P2M,0
TXN_004764,3912.85,8151.78,0.48,0,0,0,0,1,UPI_P2M,0
TXN_005175,3660.64,2976.13,1.23,0,0,0,0,1,UPI_P2M,0
TXN_003703,1407.09,1981.81,0.71,0,0,0,0,1,UPI_P2M,0
TXN_004367,1643.21,1416.56,1.16,0,0,0,0,1,UPI_P2M,0
TXN_001888,8615.51,4162.08,2.07,0,0,0,0,1,UPI_P2M,0
TXN_004232,2751.09,1503.33,1.83,0,0,0,0,2,UPI_P2M,0
TXN_002958,1356.57,2949.06,0.46,0,0,0,0,1,UPI_P2M,0
TXN_003340,4207.07,3236.21,1.3,0,0,0,0,1,UPI_P2M,0
TXN_001157,4533.24,2781.13,1.63,0,0,0,0,1,UPI_P2P,0
TXN_000376,1745.36,835.1,2.09,0,0,0,0,1,UPI_P2M,0
TXN_000847,1264.46,2180.1,0.58,0,0,0,0,1,UPI_P2M,0
TXN_002575,2100.44,3818.98,0.55,0,0,0,0,1,UPI_P2M,0
TXN_000241,6276.2,3874.2,1.62,0,0,0,0,1,UPI_P2M,0
TXN_002110,3503.26,4491.36,0.78,0,0,0,0,2,UPI_P2P,0
TXN_001448,1911.76,975.39,1.96,0,0,0,0,1,UPI_P2M,0
TXN_001790,6369.78,5136.92,1.24,0,0,0,0,1,UPI_P2P,0
TXN_003165,1040.1,2600.24,0.4,1,0,0,0,2,UPI_P2M,0
TXN_000011,2116.01,3712.3,0.57,0,0,0,0,3,UPI_P2P,0
TXN_002882,6483.34,10291.01,0.63,0,0,0,0,1,UPI_P2P,0
TXN_000716,3229.08,2522.72,1.28,0,0,0,0,1,UPI_P2M,0
TXN_002252,492.83,1589.78,0.31,0,0,0,0,3,BILL_PAY,0
TXN_000454,6034.82,6352.44,0.95,0,0,0,0,3,UPI_P2M,0
TXN_001713,9992.35,6751.59,1.48,0,0,0,0,2,BILL_PAY,0
TXN_003757,244.75,479.9,0.51,0,0,0,0,1,UPI_P2P,0
TXN_001814,784.47,402.29,1.95,0,0,0,0,1,UPI_P2M,0
TXN_003889,3403.56,1859.87,1.83,1,0,0,0,1,UPI_P2M,0
TXN_000240,16244.34,12592.51,1.29,0,0,0,0,3,UPI_P2M,0
TXN_002267,1225.18,1392.25,0.88,0,0,0,0,1,UPI_P2M,0
TXN_000352,1028.35,1836.34,0.56,0,0,0,0,2,UPI_P2P,0
TXN_004300,4607.67,2972.69,1.55,0,0,0,0,1,UPI_P2P,0
TXN_002482,2766.02,1608.15,1.72,0,0,0,0,1,IMPS_WIRE,0
TXN_003112,1139.17,1139.17,1.0,0,0,0,0,3,UPI_P2M,0
TXN_004923,887.21,829.17,1.07,0,0,0,0,3,UPI_P2M,0
TXN_003335,537.34,976.98,0.55,0,0,0,0,4,UPI_P2M,0
TXN_002029,2420.77,6370.44,0.38,0,0,0,0,1,UPI_P2M,0
TXN_000991,2050.92,1120.72,1.83,1,0,0,0,1,BILL_PAY,0
TXN_004974,1463.11,1806.31,0.81,0,0,0,0,1,UPI_P2M,0
TXN_001529,1637.55,3638.99,0.45,0,0,0,0,2,UPI_P2M,0
TXN_001545,2699.36,3460.72,0.78,0,0,0,0,2,UPI_P2P,0
TXN_004755,953.95,1589.91,0.6,0,0,0,0,1,UPI_P2M,0
TXN_003301,4388.08,3068.59,1.43,1,0,0,0,1,UPI_P2P,0
TXN_003047,2531.2,1847.59,1.37,0,0,0,0,1,UPI_P2M,0
TXN_004372,951.5,2378.76,0.4,0,0,0,0,1,IMPS_WIRE,0
TXN_001628,1048.53,1839.52,0.57,0,0,0,0,3,UPI_P2P,0
TXN_001769,1408.44,1437.18,0.98,0,0,0,0,1,UPI_P2P,0
TXN_004359,4844.06,3008.73,1.61,0,0,0,0,2,UPI_P2M,0
TXN_001881,1439.87,846.98,1.7,1,0,0,0,2,UPI_P2M,0
TXN_003069,4656.82,2249.67,2.07,0,0,0,0,2,UPI_P2M,0
TXN_000060,10834.36,8207.85,1.32,0,0,1,0,1,BILL_PAY,0
TXN_004301,3812.49,2296.68,1.66,0,0,0,0,3,UPI_P2M,0
TXN_003949,5762.93,4685.31,1.23,0,0,0,0,2,UPI_P2M,0
TXN_000267,27651.6,20332.06,1.36,0,0,0,0,1,UPI_P2P,0
TXN_004539,10091.73,5766.7,1.75,0,0,0,0,1,UPI_P2M,0
TXN_002291,8749.23,9942.31,0.88,0,0,0,0,2,UPI_P2M,0
TXN_002863,1350.84,888.71,1.52,0,0,0,0,1,BILL_PAY,0
TXN_003613,17825.91,8291.12,2.15,0,0,1,0,1,UPI_P2M,0
TXN_001942,8283.71,11505.15,0.72,0,0,1,0,1,UPI_P2M,0
TXN_000222,2040.93,2040.93,1.0,0,0,0,0,1,UPI_P2M,0
TXN_002727,1340.02,1240.76,1.08,0,0,0,0,1,UPI_P2M,0
TXN_002120,4313.88,4638.58,0.93,0,0,0,0,3,UPI_P2M,0
TXN_005110,1472.13,3132.19,0.47,0,0,0,0,1,UPI_P2M,0
TXN_005257,2035.95,1785.92,1.14,0,0,0,0,1,BILL_PAY,0
TXN_001860,1957.52,2446.9,0.8,0,0,0,0,2,UPI_P2M,0
TXN_002580,1934.24,2649.64,0.73,0,0,0,0,1,UPI_P2M,0
TXN_003264,922.24,487.96,1.89,0,0,0,0,1,UPI_P2M,0
TXN_005007,8927.62,9599.59,0.93,0,0,0,0,2,UPI_P2P,0
TXN_004295,4582.47,2918.77,1.57,0,0,0,0,1,UPI_P2M,0
TXN_005565,4760.37,2479.36,1.92,0,0,0,0,3,UPI_P2M,0
TXN_002236,18997.87,8714.62,2.18,0,0,0,0,1,UPI_P2P,0
TXN_004581,13270.48,8788.4,1.51,0,1,0,0,1,BILL_PAY,0
TXN_000046,1404.03,845.8,1.66,0,0,0,0,1,BILL_PAY,0
TXN_005304,7961.27,4061.87,1.96,0,0,0,0,2,BILL_PAY,0
TXN_004920,9160.96,4978.78,1.84,0,1,0,0,1,BILL_PAY,0
TXN_001390,1724.92,2464.17,0.7,0,0,0,0,1,BILL_PAY,0
TXN_004057,20497.34,13139.32,1.56,0,0,0,0,1,UPI_P2M,0
TXN_003627,2987.48,1478.95,2.02,0,0,0,0,3,UPI_P2M,0
TXN_001978,2576.91,1321.49,1.95,0,0,0,0,1,UPI_P2M,0
TXN_002987,11757.68,6123.79,1.92,0,0,0,0,1,UPI_P2P,0
TXN_005943,22962.43,4300.08,5.34,1,1,0,1,6,IMPS_WIRE,1
TXN_002075,8844.71,4968.94,1.78,0,0,0,0,2,UPI_P2M,0
TXN_001063,23388.76,14897.3,1.57,0,0,0,0,1,UPI_P2M,0
TXN_005231,3720.08,2861.6,1.3,0,0,0,0,2,UPI_P2M,0
TXN_000296,1403.13,923.11,1.52,0,0,0,0,1,UPI_P2P,0
TXN_005307,891.01,928.14,0.96,0,0,0,0,2,UPI_P2M,0
TXN_002620,537.05,537.05,1.0,0,0,0,0,2,BILL_PAY,0
TXN_002071,1046.54,1868.82,0.56,0,0,0,0,2,UPI_P2P,0
TXN_003632,1283.95,4279.83,0.3,0,0,0,0,1,UPI_P2P,0
TXN_002254,1765.02,5042.92,0.35,0,0,0,0,2,IMPS_WIRE,0
TXN_001955,3108.45,3378.75,0.92,0,0,0,0,1,UPI_P2P,0
TXN_005148,5866.62,2716.03,2.16,0,0,0,0,2,UPI_P2M,0
TXN_002897,24844.3,12178.58,2.04,0,0,0,0,1,UPI_P2P,0
TXN_002858,3787.47,4353.41,0.87,0,0,0,0,1,BILL_PAY,0
TXN_000642,1046.6,3270.64,0.32,0,0,1,0,3,UPI_P2P,0
TXN_003626,14524.92,7120.06,2.04,0,0,0,0,2,UPI_P2M,0
TXN_002172,11989.11,6411.29,1.87,0,0,0,0,2,UPI_P2P,0
TXN_005186,4018.99,1989.6,2.02,0,0,0,0,1,BILL_PAY,0
TXN_004779,1002.68,795.78,1.26,0,0,0,0,1,UPI_P2M,0
TXN_002125,7435.04,3474.32,2.14,0,0,0,0,1,UPI_P2P,0
TXN_005072,10015.28,9448.38,1.06,0,0,0,0,1,UPI_P2M,0
TXN_003155,5543.04,3012.52,1.84,0,0,0,0,1,UPI_P2M,0
TXN_003173,1008.81,2292.74,0.44,0,1,0,0,1,UPI_P2M,0
TXN_005373,3503.19,2502.28,1.4,0,0,1,0,1,UPI_P2M,0
TXN_003641,1342.58,3356.44,0.4,0,0,0,0,1,UPI_P2M,0
TXN_004246,3482.16,6218.15,0.56,0,0,0,0,2,UPI_P2M,0
TXN_002743,9880.35,4532.27,2.18,0,0,0,0,1,UPI_P2P,0
TXN_002162,5208.17,4304.27,1.21,0,0,0,0,1,IMPS_WIRE,0
TXN_005895,23626.34,2185.6,10.81,1,1,1,0,4,IMPS_WIRE,1
TXN_004871,155.83,432.86,0.36,0,0,0,0,1,UPI_P2M,0
TXN_002873,1650.8,1025.34,1.61,0,0,0,0,3,UPI_P2M,0
TXN_003476,6348.5,5290.42,1.2,0,0,0,0,1,UPI_P2P,0
TXN_005390,4033.99,5932.34,0.68,0,0,0,0,1,UPI_P2M,0
TXN_004037,8029.04,5018.15,1.6,0,0,0,0,1,UPI_P2M,0
TXN_003241,4321.17,3541.94,1.22,0,0,0,0,1,UPI_P2M,0
TXN_005928,16247.65,2986.7,5.44,1,1,1,0,6,IMPS_WIRE,1
TXN_001232,5268.92,3818.06,1.38,0,0,0,0,2,UPI_P2M,0
TXN_001645,5879.97,8521.7,0.69,0,0,0,0,4,UPI_P2M,0
TXN_003135,2512.22,1663.72,1.51,0,0,1,0,1,BILL_PAY,0
TXN_001379,5217.78,2622.0,1.99,0,0,0,0,2,UPI_P2M,0
TXN_000419,8931.3,9021.52,0.99,0,0,0,0,1,UPI_P2M,0
TXN_004065,5528.0,7470.27,0.74,0,0,0,0,1,UPI_P2M,0
TXN_002225,3081.95,1823.64,1.69,0,0,0,0,2,UPI_P2M,0
TXN_002244,474.65,489.33,0.97,0,0,0,0,1,UPI_P2M,0
TXN_003365,21600.99,11803.82,1.83,0,0,1,0,1,UPI_P2P,0
TXN_001594,1886.67,1945.02,0.97,0,0,0,0,1,BILL_PAY,0
TXN_005709,66921.69,8292.65,8.07,1,1,1,0,12,CRYPTO_ONRAMP,1
TXN_001742,3147.3,1535.27,2.05,0,0,0,0,2,UPI_P2M,0
TXN_002404,1449.42,683.69,2.12,0,1,0,0,1,BILL_PAY,0
TXN_004843,3741.66,3225.57,1.16,0,0,0,0,1,IMPS_WIRE,0
TXN_003923,9431.71,6416.13,1.47,0,0,0,0,1,UPI_P2M,0
TXN_003101,4931.52,4652.38,1.06,0,0,0,0,3,BILL_PAY,0
TXN_004104,358.95,875.5,0.41,1,0,0,0,1,BILL_PAY,0
TXN_002841,1660.77,1339.33,1.24,0,0,0,0,1,UPI_P2M,0
TXN_005933,28652.71,5171.97,5.54,1,0,0,1,8,CRYPTO_ONRAMP,1
TXN_003886,4708.01,2853.34,1.65,0,0,0,0,1,UPI_P2P,0
TXN_004956,3637.78,1792.01,2.03,0,0,0,0,1,UPI_P2M,0
TXN_005518,12624.38,6011.61,2.1,0,0,0,0,3,UPI_P2M,0
TXN_002811,1575.44,776.08,2.03,0,0,0,0,1,UPI_P2M,0
TXN_004291,2642.39,1501.36,1.76,0,0,0,0,3,UPI_P2M,0
TXN_000287,3208.31,2167.78,1.48,0,0,0,0,1,UPI_P2P,0
TXN_000515,3263.51,1745.19,1.87,0,0,0,0,1,UPI_P2M,0
TXN_003442,2075.04,1758.51,1.18,0,0,0,0,3,UPI_P2M,0
TXN_004509,1441.58,783.47,1.84,0,0,0,0,2,IMPS_WIRE,0
TXN_005626,5352.26,3224.25,1.66,0,0,1,0,1,UPI_P2M,0
TXN_005250,606.27,1638.58,0.37,1,0,0,0,3,UPI_P2M,0
TXN_004392,2624.07,1692.95,1.55,0,0,0,0,2,UPI_P2P,0
TXN_005635,7875.31,9844.14,0.8,0,0,0,0,2,UPI_P2M,0
TXN_004521,854.51,949.46,0.9,0,0,1,0,1,UPI_P2P,0
TXN_004165,8718.77,7388.79,1.18,0,0,0,0,1,UPI_P2P,0
TXN_003329,1285.33,1412.45,0.91,0,0,0,0,2,UPI_P2P,0
TXN_002788,2185.87,4047.9,0.54,0,0,0,0,1,BILL_PAY,0
TXN_004162,1376.76,1207.68,1.14,0,0,0,0,1,UPI_P2P,0
TXN_003474,666.99,913.68,0.73,0,0,0,0,4,BILL_PAY,0
TXN_004803,7277.46,4111.56,1.77,0,0,0,0,1,UPI_P2P,0
TXN_000038,7934.28,4694.84,1.69,0,0,0,0,1,UPI_P2M,0
TXN_003390,6509.9,16274.74,0.4,0,0,0,0,2,UPI_P2P,0
TXN_001499,889.01,998.89,0.89,0,0,0,0,2,UPI_P2P,0
TXN_005123,3179.44,1485.72,2.14,0,0,0,0,1,UPI_P2M,0
TXN_001685,1849.28,1141.53,1.62,0,0,0,0,1,UPI_P2M,0
TXN_004089,2268.3,1342.19,1.69,0,1,0,0,1,UPI_P2M,0
TXN_005538,2160.85,1649.5,1.31,0,0,1,0,2,UPI_P2M,0
TXN_003822,1935.0,2418.75,0.8,0,0,0,0,2,UPI_P2M,0
TXN_000786,2164.89,3491.76,0.62,0,0,0,0,3,UPI_P2M,0
TXN_005068,178.49,540.88,0.33,0,1,0,0,2,UPI_P2M,0
TXN_005553,2518.28,5036.55,0.5,0,0,0,0,2,UPI_P2P,0
TXN_002526,2141.7,1170.33,1.83,0,0,0,0,2,BILL_PAY,0
TXN_002750,5022.36,3348.24,1.5,0,0,1,0,1,UPI_P2M,0
TXN_005582,11728.61,6702.06,1.75,0,0,0,0,1,UPI_P2M,0
TXN_000948,5466.39,3234.55,1.69,0,1,0,0,1,UPI_P2M,0
TXN_000972,9476.3,5778.23,1.64,0,0,0,0,2,UPI_P2P,0
TXN_000059,3963.63,6097.89,0.65,1,0,0,0,1,UPI_P2P,0
TXN_003825,2481.75,1747.71,1.42,0,0,0,0,1,UPI_P2M,0
TXN_004006,7821.28,6801.11,1.15,0,0,0,0,3,UPI_P2M,0
TXN_001286,4479.92,2217.78,2.02,0,0,0,0,1,BILL_PAY,0
TXN_001602,2227.72,1154.26,1.93,0,0,0,0,1,UPI_P2M,0
TXN_005064,5305.22,2777.6,1.91,0,0,0,0,3,UPI_P2M,0
TXN_003637,1357.0,3991.17,0.34,0,0,0,0,1,UPI_P2P,0
TXN_005588,13865.08,10270.43,1.35,0,0,0,0,1,UPI_P2P,0
TXN_002965,7472.48,3736.24,2.0,0,0,0,0,1,IMPS_WIRE,0
TXN_002983,5457.03,2714.94,2.01,0,0,0,0,1,UPI_P2M,0
TXN_005289,27185.41,13525.08,2.01,0,0,0,0,1,UPI_P2M,0
TXN_005445,2874.09,6386.87,0.45,0,0,0,0,1,UPI_P2M,0
TXN_000849,275.26,491.53,0.56,0,0,0,0,2,UPI_P2P,0
TXN_003842,4562.69,3739.91,1.22,1,0,0,0,1,UPI_P2P,0
TXN_005083,4885.68,9047.56,0.54,0,0,0,0,2,UPI_P2P,0
TXN_002975,8210.72,4390.76,1.87,0,0,0,0,2,UPI_P2M,0
TXN_002187,618.8,583.77,1.06,0,0,0,0,1,UPI_P2M,0
TXN_001297,4146.42,3214.28,1.29,0,0,0,0,2,UPI_P2M,0
TXN_003595,4117.41,2839.59,1.45,0,0,0,0,1,BILL_PAY,0
TXN_004636,2189.81,1697.53,1.29,0,0,0,0,1,UPI_P2M,0
TXN_004650,5121.9,10452.85,0.49,0,0,0,0,1,UPI_P2P,0
TXN_003170,2151.47,2561.27,0.84,0,1,0,0,3,UPI_P2M,0
TXN_004170,4606.87,2573.67,1.79,0,0,0,0,1,UPI_P2M,0
TXN_002981,4598.94,2189.97,2.1,0,0,0,0,1,UPI_P2P,0
TXN_000469,948.54,464.97,2.04,0,0,1,0,1,UPI_P2M,0
TXN_001421,3709.41,2144.17,1.73,0,0,0,0,1,UPI_P2M,0
TXN_005527,7500.04,4120.9,1.82,0,0,0,0,3,UPI_P2M,0
TXN_001833,3620.31,3203.81,1.13,0,0,0,0,1,UPI_P2M,0
TXN_002504,10789.36,5648.88,1.91,0,0,0,0,1,BILL_PAY,0
TXN_005937,18177.09,1709.98,10.63,1,1,0,1,8,CRYPTO_ONRAMP,1
TXN_005858,9957.96,1192.57,8.35,1,1,1,1,4,IMPS_WIRE,1
TXN_003753,6821.24,3248.21,2.1,0,0,1,0,1,UPI_P2M,0
TXN_001587,604.87,1008.12,0.6,0,0,0,0,1,UPI_P2P,0
TXN_001485,13252.02,10687.11,1.24,0,0,0,0,2,BILL_PAY,0
TXN_000370,2472.44,2423.96,1.02,0,0,0,0,1,UPI_P2M,0
TXN_000969,2806.18,1500.63,1.87,0,0,0,0,2,UPI_P2M,0
TXN_003231,2365.9,1478.69,1.6,0,0,0,0,1,BILL_PAY,0
TXN_005535,3788.06,2891.65,1.31,0,0,0,0,2,UPI_P2P,0
TXN_004785,5234.78,2799.35,1.87,0,0,0,0,1,UPI_P2P,0
TXN_000300,436.02,1147.43,0.38,0,0,0,0,1,UPI_P2P,0
TXN_001487,9859.3,5799.59,1.7,0,0,1,0,1,UPI_P2M,0
TXN_003704,9151.07,4276.2,2.14,0,0,0,0,1,UPI_P2P,0
TXN_003172,7637.29,4084.11,1.87,0,0,0,0,3,UPI_P2M,0
TXN_001894,4023.99,3410.16,1.18,0,0,0,0,1,UPI_P2M,0
TXN_005459,984.18,793.69,1.24,0,0,0,0,1,UPI_P2M,0
TXN_003783,5656.3,2828.15,2.0,0,0,0,0,2,BILL_PAY,0
TXN_003121,4430.88,9230.99,0.48,0,0,0,0,1,BILL_PAY,0
TXN_004689,4924.49,4559.71,1.08,0,0,0,0,1,UPI_P2P,0
TXN_005023,8073.56,5455.11,1.48,0,0,0,0,1,UPI_P2M,0
TXN_003721,1746.19,3968.62,0.44,0,1,0,0,1,UPI_P2M,0
TXN_003125,2234.11,4856.77,0.46,0,0,0,0,1,UPI_P2M,0
TXN_000220,2109.38,4687.5,0.45,0,0,0,0,1,UPI_P2P,0
TXN_005419,6754.96,3394.45,1.99,0,0,0,0,1,BILL_PAY,0
TXN_004345,846.7,1282.88,0.66,0,0,1,0,2,UPI_P2P,0
TXN_001837,2505.8,4913.34,0.51,0,0,1,0,2,UPI_P2M,0
TXN_003943,1463.69,786.93,1.86,0,0,0,0,3,UPI_P2P,0
TXN_002807,4884.04,6426.37,0.76,0,0,0,0,1,UPI_P2P,0
TXN_000734,14583.59,13629.52,1.07,0,0,0,0,3,UPI_P2M,0
TXN_004676,784.56,817.25,0.96,0,0,0,0,1,UPI_P2P,0
TXN_004939,615.85,609.75,1.01,0,0,0,0,1,IMPS_WIRE,0
TXN_005396,5458.5,5806.92,0.94,0,0,0,0,1,UPI_P2P,0
TXN_005152,1934.2,879.18,2.2,0,0,0,0,3,UPI_P2P,0
TXN_002555,11753.82,5492.44,2.14,0,0,0,0,1,UPI_P2P,0
TXN_000152,4715.26,3122.69,1.51,0,0,0,0,1,UPI_P2M,0
TXN_004962,5366.26,3650.52,1.47,0,0,0,0,1,UPI_P2P,0
TXN_005768,25907.32,1997.48,12.97,1,1,0,0,6,CRYPTO_ONRAMP,1
TXN_003771,481.16,1145.63,0.42,0,0,0,0,1,UPI_P2M,0
TXN_002049,206.18,448.22,0.46,0,1,0,0,1,IMPS_WIRE,0
TXN_003150,4372.41,4912.82,0.89,0,0,0,0,1,UPI_P2M,0
TXN_000797,440.48,880.96,0.5,0,0,0,0,1,UPI_P2M,0
TXN_003226,14975.44,6838.1,2.19,0,0,0,0,2,UPI_P2M,0
TXN_004298,6808.23,5118.97,1.33,0,0,0,0,1,UPI_P2P,0
TXN_000021,1060.86,855.53,1.24,1,0,0,0,1,UPI_P2M,0
TXN_000713,33018.47,15501.63,2.13,0,0,0,0,1,UPI_P2P,0
TXN_000105,254.83,417.76,0.61,0,0,0,0,2,UPI_P2P,0
TXN_004946,2216.59,4818.67,0.46,0,0,0,0,2,UPI_P2P,0
TXN_004793,19169.69,10475.24,1.83,0,0,0,0,1,UPI_P2P,0
TXN_002143,4594.92,3213.23,1.43,0,0,0,0,2,BILL_PAY,0
TXN_000612,4977.92,2381.78,2.09,0,0,0,0,1,UPI_P2M,0
TXN_001281,9738.89,5938.35,1.64,0,0,0,0,1,BILL_PAY,0
TXN_005067,4472.99,3823.07,1.17,0,0,0,0,1,UPI_P2M,0
TXN_004092,1423.94,650.2,2.19,0,0,0,0,1,UPI_P2M,0
TXN_002058,3434.26,3615.01,0.95,0,0,0,0,1,UPI_P2M,0
TXN_003381,931.19,1551.98,0.6,0,0,0,0,1,UPI_P2M,0
TXN_001629,3120.61,4522.63,0.69,1,0,0,0,2,IMPS_WIRE,0
TXN_001503,6332.1,3368.14,1.88,0,0,0,0,2,UPI_P2P,0
TXN_002319,2801.03,1795.53,1.56,1,0,0,0,1,UPI_P2M,0
TXN_002522,1799.66,1146.28,1.57,1,0,0,0,3,UPI_P2P,0
TXN_000002,7212.4,5008.61,1.44,0,0,0,0,1,UPI_P2M,0
TXN_004307,8924.65,17849.3,0.5,0,0,1,0,2,UPI_P2M,0
TXN_002523,5497.65,3817.81,1.44,0,0,0,0,3,UPI_P2P,0
TXN_002739,2913.46,1798.43,1.62,0,0,0,0,1,UPI_P2M,0
TXN_000871,11072.07,6551.52,1.69,1,0,0,0,1,UPI_P2M,0
TXN_004996,2295.28,2494.87,0.92,0,1,0,0,1,UPI_P2M,0
TXN_001835,561.79,488.51,1.15,0,0,0,0,3,UPI_P2M,0
TXN_000672,12590.88,7494.57,1.68,0,0,0,0,2,UPI_P2M,0
TXN_000615,16057.66,14868.2,1.08,0,0,0,0,1,UPI_P2M,0
TXN_000770,1430.94,1100.72,1.3,0,0,0,0,1,UPI_P2P,0
TXN_000272,2067.6,1308.61,1.58,0,0,0,0,2,UPI_P2P,0
TXN_000226,7689.92,5654.35,1.36,1,0,0,0,1,UPI_P2M,0
TXN_002977,8619.57,5863.65,1.47,1,0,0,0,1,UPI_P2M,0
TXN_000942,6894.84,3939.91,1.75,0,1,0,0,1,UPI_P2M,0
TXN_003327,1121.93,1753.01,0.64,0,0,0,0,1,UPI_P2M,0
TXN_004015,5492.54,3001.39,1.83,0,0,0,0,3,UPI_P2M,0
TXN_005568,2012.37,3298.96,0.61,0,0,0,0,1,UPI_P2P,0
TXN_000107,2988.66,4094.05,0.73,0,0,0,0,1,UPI_P2P,0
TXN_004972,690.91,442.89,1.56,1,0,0,0,1,UPI_P2M,0
TXN_004980,3143.26,4247.65,0.74,0,1,0,0,2,UPI_P2M,0
TXN_001643,1143.03,2597.79,0.44,0,0,0,0,1,UPI_P2M,0
TXN_001573,1496.0,1496.0,1.0,0,0,0,0,1,UPI_P2M,0
TXN_001068,9646.15,4847.31,1.99,1,0,0,0,2,UPI_P2P,0
TXN_004026,552.27,876.62,0.63,0,0,0,0,1,UPI_P2M,0
TXN_003542,2909.03,2384.45,1.22,0,0,0,0,1,UPI_P2M,0
TXN_001468,2929.11,4724.37,0.62,1,1,0,0,2,UPI_P2M,0
TXN_002440,3694.58,1975.71,1.87,0,0,0,0,1,UPI_P2M,0
TXN_004460,3385.26,2453.09,1.38,1,0,0,0,3,UPI_P2M,0
TXN_005345,4567.71,6010.14,0.76,0,0,0,0,1,UPI_P2M,0
TXN_004487,686.45,1525.44,0.45,0,0,0,0,2,UPI_P2M,0
TXN_000193,9239.72,5049.03,1.83,0,0,0,0,3,UPI_P2M,0
TXN_004550,10253.16,10052.12,1.02,0,0,1,0,1,IMPS_WIRE,0
TXN_001803,821.49,1263.83,0.65,0,0,0,0,3,UPI_P2M,0
TXN_002835,1036.3,602.5,1.72,1,0,0,0,3,UPI_P2P,0
TXN_004791,2039.45,1521.98,1.34,0,0,0,0,1,UPI_P2M,0
TXN_000598,1105.19,563.87,1.96,0,0,0,0,1,UPI_P2M,0
TXN_004880,1625.83,1169.66,1.39,0,1,0,0,1,UPI_P2P,0
TXN_002105,293.09,714.86,0.41,0,0,0,0,1,UPI_P2M,0
TXN_003978,10804.43,8247.66,1.31,0,0,0,0,1,UPI_P2M,0
TXN_000732,1231.48,794.5,1.55,1,0,0,0,2,BILL_PAY,0
TXN_002529,2004.55,2415.12,0.83,0,0,0,0,3,UPI_P2M,0
TXN_001710,436.91,1323.96,0.33,0,1,0,0,1,UPI_P2P,0
TXN_000590,7195.21,5409.93,1.33,0,0,0,0,3,UPI_P2P,0
TXN_003483,885.13,1639.13,0.54,0,0,0,0,1,UPI_P2P,0
TXN_004580,4420.83,4170.59,1.06,0,0,0,0,1,UPI_P2P,0
TXN_002957,5211.41,4737.65,1.1,0,0,0,0,1,UPI_P2P,0
TXN_001718,4889.33,4701.28,1.04,1,0,0,0,1,UPI_P2M,0
TXN_004653,2925.79,5224.62,0.56,0,0,0,0,1,BILL_PAY,0
TXN_003000,1580.23,2724.54,0.58,0,0,0,0,1,UPI_P2M,0
TXN_003999,1430.79,1222.9,1.17,0,0,0,0,1,UPI_P2M,0
TXN_003902,13886.14,15429.04,0.9,0,0,1,0,1,UPI_P2M,0
TXN_004034,2507.59,2696.33,0.93,0,1,0,0,1,UPI_P2M,0
TXN_004258,1362.11,1746.3,0.78,0,0,0,0,1,UPI_P2M,0
TXN_003504,920.75,3069.15,0.3,0,0,0,0,1,UPI_P2M,0
TXN_003779,1437.16,1131.62,1.27,0,0,0,0,1,IMPS_WIRE,0
TXN_003275,1078.42,945.98,1.14,0,0,0,0,1,UPI_P2M,0
TXN_004005,1724.82,4538.99,0.38,0,0,0,0,2,UPI_P2P,0
TXN_001453,1194.9,2987.24,0.4,0,0,0,0,1,UPI_P2P,0
TXN_004068,1849.69,4404.03,0.42,0,1,0,0,1,UPI_P2M,0
TXN_004721,528.58,1057.15,0.5,0,0,0,0,2,UPI_P2M,0
TXN_002757,12266.3,7479.45,1.64,0,0,1,0,2,UPI_P2P,0
TXN_003227,2156.26,2369.52,0.91,0,0,0,0,1,UPI_P2M,0
TXN_005648,2720.61,629.77,4.32,1,1,1,0,4,IMPS_WIRE,1
TXN_001585,5897.09,5460.27,1.08,0,1,0,0,1,UPI_P2P,0
TXN_003360,1120.4,1318.12,0.85,0,0,0,0,1,UPI_P2M,0
TXN_001709,2637.77,1712.84,1.54,0,0,0,0,1,UPI_P2M,0
TXN_000856,410.41,977.16,0.42,0,0,0,0,1,UPI_P2P,0
TXN_001617,567.96,1385.26,0.41,0,0,0,0,1,UPI_P2M,0
TXN_004701,3839.57,4464.62,0.86,0,0,0,0,1,BILL_PAY,0
TXN_004094,2839.45,1365.12,2.08,0,0,0,0,1,UPI_P2M,0
TXN_002022,3858.05,2606.79,1.48,0,0,0,0,1,UPI_P2M,0
TXN_005101,1876.23,2978.15,0.63,0,0,0,0,1,UPI_P2M,0
TXN_000601,1879.38,5369.67,0.35,0,0,0,0,1,UPI_P2M,0
TXN_001368,18633.15,10409.58,1.79,0,0,0,0,1,UPI_P2M,0
TXN_002114,3022.49,1988.48,1.52,0,0,0,0,1,UPI_P2M,0
TXN_004692,3454.45,3420.25,1.01,0,0,0,0,1,UPI_P2P,0
TXN_003050,2299.32,1173.12,1.96,1,0,0,0,3,UPI_P2P,0
TXN_005815,14975.22,1759.72,8.51,0,1,1,0,4,CRYPTO_ONRAMP,1
TXN_005124,1818.99,1010.55,1.8,0,0,0,0,3,UPI_P2M,0
TXN_004526,8555.2,6384.48,1.34,0,0,0,0,2,BILL_PAY,0
TXN_002961,1724.48,805.83,2.14,0,0,0,0,1,UPI_P2P,0
TXN_002865,2140.11,1038.89,2.06,0,0,0,0,2,UPI_P2P,0
TXN_004747,1215.71,1899.55,0.64,0,0,0,0,1,BILL_PAY,0
TXN_002770,3604.65,3029.12,1.19,0,0,0,0,1,UPI_P2P,0
TXN_005953,49510.07,4129.28,11.99,1,1,0,1,4,IMPS_WIRE,1
TXN_003366,1839.07,2554.27,0.72,0,0,0,0,1,IMPS_WIRE,0
TXN_005647,34265.32,2921.17,11.73,1,1,1,0,6,IMPS_WIRE,1
TXN_000682,5720.97,3813.98,1.5,0,1,0,0,3,UPI_P2P,0
